waveform_index,scheduled_s,completed_s,late_s,points_returned,points_saved
0,72549.557337446,72549.779181154,0.0003888760111294687,10000,2500
1,72549.557437446,72550.080529335,0.22176597200450487,10000,2500
2,72549.55753744599,72550.301185445,0.5230066420190269,10000,2500
3,72549.55763744599,72550.601127915,0.743567477009492,10000,2500
4,72549.557737446,72550.865353615,1.0434143699967535,10000,2500
5,72549.55783744599,72551.142767,1.307528084013029,10000,2500
6,72549.55793744599,72551.394365014,1.5848410750040784,10000,2500
7,72549.558037446,72551.629883716,1.8363401600072393,10000,2500
8,72549.55813744599,72551.861514044,2.071759896018193,10000,2500
9,72549.55823744599,72552.136150986,2.3032904870051425,10000,2500
10,72549.558337446,72552.443086747,2.5778195320017403,10000,2500
11,72549.55843744599,72552.677163638,2.884662697018939,10000,2500
12,72549.55853744599,72552.923445951,3.118639296008041,10000,2500
13,72549.558637446,72553.180100137,3.3648203240009025,10000,2500
14,72549.55873744599,72553.460010098,3.6213689490105025,10000,2500
15,72549.55883744599,72553.805338333,3.90118852701562,10000,2500
16,72549.558937446,72554.122371538,4.246420805997332,10000,2500
17,72549.55903744599,72554.41563684,4.563339976011775,10000,2500
18,72549.55913744599,72554.674502962,4.856511751015205,10000,2500
19,72549.559237446,72554.929501664,5.1152860520087415,10000,2500
20,72549.55933744599,72555.455627673,5.37017258501146,10000,2500
21,72549.55943744599,72555.885153704,5.89619933400536,10000,2500
22,72549.559537446,72556.256999697,6.325627315003658,10000,2500
23,72549.55963744599,72556.574363144,6.697381284015137,10000,2500
24,72549.55973744599,72556.808084007,7.014638238004409,10000,2500
25,72549.559837446,72557.03197607,7.248261139000533,10000,2500
26,72549.559937446,72557.256049623,7.472050971002318,10000,2500
27,72549.56003744599,72557.550111777,7.6960254950099625,10000,2500
28,72549.560137446,72557.898927701,7.989990975998808,10000,2500
29,72549.560237446,72558.307723846,8.338704672001768,10000,2500
30,72549.56033744599,72558.579890977,8.74740378500428,10000,2500
31,72549.560437446,72558.861765727,9.019469837003271,10000,2500
32,72549.560537446,72559.074132006,9.301242860005004,10000,2500
33,72549.56063744599,72559.299020104,9.513502489004168,10000,2500
34,72549.560737446,72559.544463719,9.738306266008294,10000,2500
35,72549.560837446,72559.823350816,9.983638923004037,10000,2500
36,72549.56093744599,72560.283511287,10.262419373015291,10000,2500
37,72549.561037446,72560.546676348,10.722479841002496,10000,2500
38,72549.561137446,72560.778303208,10.985547201998997,10000,2500
39,72549.56123744599,72561.13598972,11.21707791001245,10000,2500
40,72549.561337446,72561.500488226,11.574659075005911,10000,2500
41,72549.561437446,72561.745482012,11.939073479006765,10000,2500
42,72549.56153744599,72562.088460515,12.183958351015463,10000,2500
43,72549.561637446,72562.300922219,12.526836872013519,10000,2500
44,72549.561737446,72562.52768082,12.739203332996112,10000,2500
45,72549.56183744599,72562.843177752,12.965850096006761,10000,2500
46,72549.561937446,72563.066120596,13.28125527400698,10000,2500
47,72549.562037446,72563.351888095,13.50409532400954,10000,2500
48,72549.56213744599,72563.846310165,13.789763094013324,10000,2500
49,72549.56223744599,72564.072144562,14.28408551501343,10000,2500
50,72549.562337446,72564.327006495,14.509820004997891,10000,2500
51,72549.56243744599,72564.841618562,14.764581803014153,10000,2500
52,72549.56253744599,72565.089211373,15.279099304010742,10000,2500
53,72549.562637446,72565.609042434,15.526587233005557,10000,2500
54,72549.56273744599,72565.83758694,16.04631099200924,10000,2500
55,72549.56283744599,72566.143147934,16.274759660009295,10000,2500
56,72549.562937446,72566.436485444,16.58022430400888,10000,2500
57,72549.56303744599,72566.725246438,16.8734602950135,10000,2500
58,72549.56313744599,72567.013261963,17.162121612011106,10000,2500
59,72549.563237446,72567.243690911,17.450035399000626,10000,2500
60,72549.56333744599,72567.518957469,17.68036688801658,10000,2500
61,72549.56343744599,72567.732698364,17.955535969013,10000,2500
62,72549.563537446,72567.976821816,18.16917207300139,10000,2500
63,72549.56363744599,72568.224786564,18.413196909008548,10000,2500
64,72549.56373744599,72568.450548957,18.66106614601449,10000,2500
65,72549.563837446,72568.728927211,18.88672568400216,10000,2500
66,72549.56393744599,72568.938094093,19.16500402901147,10000,2500
67,72549.56403744599,72569.194504106,19.374063436014694,10000,2500
68,72549.564137446,72569.406663741,19.63038015201164,10000,2500
69,72549.56423744599,72569.624192352,19.84244028701505,10000,2500
70,72549.56433744599,72569.916268598,20.05986672900326,10000,2500
71,72549.564437446,72570.196825705,20.351843730008113,10000,2500
72,72549.56453744599,72570.407683589,20.632295878007426,10000,2500
73,72549.56463744599,72570.83123823,20.84305839201261,10000,2500
74,72549.564737446,72571.064344516,21.26651384901197,10000,2500
75,72549.564837446,72571.361810766,21.499515244999202,10000,2500
76,72549.56493744599,72571.626584039,21.796883458009688,10000,2500
77,72549.565037446,72571.859720569,22.061554362007882,10000,2500
78,72549.565137446,72572.252381941,22.294595295999898,10000,2500
79,72549.56523744599,72572.732779946,22.687154478015145,10000,2500
80,72549.565337446,72572.961244731,23.167455406000954,10000,2500
81,72549.565437446,72573.236090878,23.395821237005293,10000,2500
82,72549.56553744599,72573.663683541,23.670565786014777,10000,2500
83,72549.565637446,72573.903028569,24.09805557700747,10000,2500
84,72549.565737446,72574.18600926,24.33729893900454,10000,2500
85,72549.56583744599,72574.48634847,24.62018150901713,10000,2500
86,72549.565937446,72574.736319441,24.920437354012392,10000,2500
87,72549.566037446,72575.147579175,25.170295048999833,10000,2500
88,72549.56613744599,72575.393398005,25.581452425016323,10000,2500
89,72549.566237446,72575.627279906,25.82716714500566,10000,2500
90,72549.566337446,72575.953526813,26.06095423499937,10000,2500
91,72549.56643744599,72576.160875085,26.387098839011742,10000,2500
92,72549.566537446,72576.498357329,26.59434468401014,10000,2500
93,72549.566637446,72576.842000048,26.931725950998953,10000,2500
94,72549.56673744599,72577.03943826,27.27527159701276,10000,2500
95,72549.566837446,72577.249100807,27.472606613009702,10000,2500
96,72549.566937446,72577.569527992,27.682170672997017,10000,2500
97,72549.56703744599,72577.815640433,28.00249660901318,10000,2500
98,72549.56713744599,72578.08798683,28.248508825010504,10000,2500
99,72549.567237446,72578.334243438,28.520755413002917,10000,2500
100,72549.56733744599,72578.574776421,28.766926008014707,10000,2500
101,72549.56743744599,72578.810819365,29.00734474901401,10000,2500
102,72549.567537446,72579.044953906,29.24328781400982,10000,2500
103,72549.56763744599,72579.295694352,29.477322370017646,10000,2500
104,72549.56773744599,72579.587461518,29.727962955003022,10000,2500
105,72549.567837446,72579.868585231,30.019647068998893,10000,2500
106,72549.56793744599,72580.232026253,30.30066103201534,10000,2500
107,72549.56803744599,72580.49765016,30.6640024070075,10000,2500
108,72549.568137446,72580.892790122,30.929527019005036,10000,2500
109,72549.56823744599,72581.102373196,31.32456436501525,10000,2500
110,72549.56833744599,72581.325830714,31.534042153012706,10000,2500
111,72549.568437446,72581.591598515,31.757406661010464,10000,2500
112,72549.56853744599,72581.811086826,32.023074364013155,10000,2500
113,72549.56863744599,72582.188367889,32.242462720008916,10000,2500
114,72549.568737446,72582.459011977,32.61964292899938,10000,2500
115,72549.56883744599,72582.694106731,32.89018116000807,10000,2500
116,72549.56893744599,72582.90519065,33.125182426010724,10000,2500
117,72549.569037446,72583.132663592,33.33616632100893,10000,2500
118,72549.56913744599,72583.345975459,33.56353884501732,10000,2500
119,72549.56923744599,72583.559984369,33.77674460501294,10000,2500
120,72549.569337446,72583.852988914,33.99065918500128,10000,2500
121,72549.569437446,72584.130869671,34.283569898005226,10000,2500
122,72549.56953744599,72584.361596754,34.56134508601099,10000,2500
123,72549.569637446,72584.581857662,34.791999959008535,10000,2500
124,72549.569737446,72584.860505663,35.01212788799603,10000,2500
125,72549.56983744599,72585.137014164,35.2906826390099,10000,2500
126,72549.569937446,72585.390039967,35.56709558100556,10000,2500
127,72549.570037446,72585.665240629,35.820017353995354,10000,2500
128,72549.57013744599,72585.888264573,36.09511472300801,10000,2500
129,72549.570237446,72586.446823181,36.318041204998735,10000,2500
130,72549.570337446,72586.685876718,36.87650982600462,10000,2500
131,72549.57043744599,72586.947525072,37.11545419701724,10000,2500
132,72549.570537446,72587.165413531,37.37700012400455,10000,2500
133,72549.570637446,72587.382231489,37.59479212600854,10000,2500
134,72549.57073744599,72587.720199819,37.81150635900849,10000,2500
135,72549.570837446,72587.932952544,38.149378109010286,10000,2500
136,72549.570937446,72588.251045732,38.36202088500431,10000,2500
137,72549.57103744599,72588.536270265,38.680020469008014,10000,2500
138,72549.571137446,72588.77174237,38.965145613008644,10000,2500
139,72549.571237446,72588.992226415,39.2005165330047,10000,2500
140,72549.57133744599,72589.372621164,39.420901826015324,10000,2500
141,72549.571437446,72589.578387562,39.801196935004555,10000,2500
142,72549.571537446,72589.893842787,40.00685924600111,10000,2500
143,72549.57163744599,72590.380421082,40.32221105101053,10000,2500
144,72549.571737446,72590.598180467,40.808695922009065,10000,2500
145,72549.571837446,72590.806781558,41.02635354400263,10000,2500
146,72549.57193744599,72591.204420695,41.234857427014504,10000,2500
147,72549.57203744599,72591.501965487,41.63239623000845,10000,2500
148,72549.572137446,72591.746193194,41.929840878001414,10000,2500
149,72549.57223744599,72592.070336095,42.173967743015965,10000,2500
150,72549.57233744599,72592.294273577,42.498010882001836,10000,2500
151,72549.572437446,72592.599563685,42.72184824600117,10000,2500
152,72549.57253744599,72592.879788008,43.02703832001134,10000,2500
153,72549.57263744599,72593.106790626,43.307162967001204,10000,2500
154,72549.572737446,72593.491825157,43.53406590400846,10000,2500
155,72549.57283744599,72593.722686608,43.91899361101969,10000,2500
156,72549.57293744599,72593.941049736,44.149762864006334,10000,2500
157,72549.573037446,72594.228642434,44.368024463008624,10000,2500
158,72549.57313744599,72594.539657523,44.65552111501165,10000,2500
159,72549.57323744599,72594.802231737,44.96642558701569,10000,2500
160,72549.573337446,72595.031762596,45.22890654200455,10000,2500
161,72549.57343744599,72595.296038793,45.45833948801737,10000,2500
162,72549.57353744599,72595.777337031,45.72251261000929,10000,2500
163,72549.573637446,72596.26036802,46.20371969100961,10000,2500
164,72549.57373744599,72596.51877645,46.68663749101688,10000,2500
165,72549.57383744599,72596.747368075,46.944946216011886,10000,2500
166,72549.573937446,72596.954779703,47.173440700003994,10000,2500
167,72549.57403744599,72597.15949733,47.38075170101365,10000,2500
168,72549.57413744599,72597.525164178,47.58536714501679,10000,2500
169,72549.574237446,72597.820608645,47.95093965801061,10000,2500
170,72549.574337446,72598.039700514,48.246283949003555,10000,2500
171,72549.57443744599,72598.270772297,48.46526920101314,10000,2500
172,72549.574537446,72598.705970636,48.69624116701016,10000,2500
173,72549.574637446,72599.003489953,49.131339982006466,10000,2500
174,72549.57473744599,72599.418947752,49.4287581420067,10000,2500
175,72549.574837446,72599.737311598,49.84412082401104,10000,2500
176,72549.574937446,72599.957898438,50.16238286200678,10000,2500
177,72549.57503744599,72600.190212357,50.382873966009356,10000,2500
178,72549.575137446,72600.453363162,50.6150890400022,10000,2500
179,72549.575237446,72600.692371891,50.878132515994366,10000,2500
180,72549.57533744599,72600.946871561,51.11704788901261,10000,2500
181,72549.575437446,72601.181887039,51.37143996400118,10000,2500
182,72549.575537446,72601.607529935,51.60636170199723,10000,2500
183,72549.57563744599,72601.871535004,52.03190592600731,10000,2500
184,72549.575737446,72602.112466889,52.295809772011125,10000,2500
185,72549.575837446,72602.419936163,52.53664264299732,10000,2500
186,72549.57593744599,72602.71699885,52.84401082601107,10000,2500
187,72549.576037446,72602.972830019,53.14097855699947,10000,2500
188,72549.576137446,72603.180670128,53.39670610500616,10000,2500
189,72549.57623744599,72603.435287771,53.60444695201295,10000,2500
190,72549.576337446,72603.647734145,53.85896355500154,10000,2500
191,72549.576437446,72603.866534476,54.071302480995655,10000,2500
192,72549.57653744599,72604.219044699,54.290002600013395,10000,2500
193,72549.57663744599,72604.440627976,54.64241631800542,10000,2500
194,72549.576737446,72604.716107621,54.86390339300851,10000,2500
195,72549.57683744599,72605.146766877,55.13927632200648,10000,2500
196,72549.57693744599,72605.400931449,55.56983566800773,10000,2500
197,72549.577037446,72605.68131018,55.82389998000872,10000,2500
198,72549.57713744599,72605.892674968,56.104186439013574,10000,2500
199,72549.57723744599,72606.318568424,56.315451261005364,10000,2500
200,72549.577337446,72606.6284167,56.74126627900114,10000,2500
201,72549.57743744599,72607.061070276,57.05099283900927,10000,2500
202,72549.57753744599,72607.42239751,57.48354610000388,10000,2500
203,72549.577637446,72607.661597281,57.844773243006784,10000,2500
204,72549.57773744599,72607.868238299,58.0838731630065,10000,2500
205,72549.57783744599,72608.292780362,58.29041508400405,10000,2500
206,72549.577937446,72608.507415049,58.71485064300941,10000,2500
207,72549.57803744599,72608.717470793,58.92939100701187,10000,2500
208,72549.57813744599,72609.031203896,59.139360520013724,10000,2500
209,72549.578237446,72609.430178231,59.45297791500343,10000,2500
210,72549.57833744599,72609.719668055,59.85185606002051,10000,2500
211,72549.57843744599,72609.992131085,60.141237184012425,10000,2500
212,72549.578537446,72610.33818951,60.41360633500153,10000,2500
213,72549.57863744599,72610.626843372,60.75956546301313,10000,2500
214,72549.57873744599,72610.942693907,61.0481196220062,10000,2500
215,72549.578837446,72611.166215519,61.36386936499912,10000,2500
216,72549.57893744599,72611.48458549,61.58728684800735,10000,2500
217,72549.57903744599,72611.886066382,61.90556139200635,10000,2500
218,72549.579137446,72612.244062688,62.30694293099805,10000,2500
219,72549.579237446,72612.590648908,62.66483832799713,10000,2500
220,72549.57933744599,72612.930823435,63.011324904015055,10000,2500
221,72549.579437446,72613.304968327,63.35139912601153,10000,2500
222,72549.579537446,72613.58315054,63.725443197996356,10000,2500
223,72549.57963744599,72613.857678393,64.00352389800537,10000,2500
224,72549.579737446,72614.201347179,64.27795551200688,10000,2500
225,72549.579837446,72614.416366364,64.62151576200267,10000,2500
226,72549.57993744599,72614.635114633,64.83643771700736,10000,2500
227,72549.580037446,72614.922322535,65.05509062600322,10000,2500
228,72549.580137446,72615.303556685,65.34219870400557,10000,2500
229,72549.58023744599,72615.57598514,65.72333215501567,10000,2500
230,72549.580337446,72615.924845513,65.99565626399999,10000,2500
231,72549.580437446,72616.190967975,66.3444142590015,10000,2500
232,72549.58053744599,72616.412149069,66.61043645000609,10000,2500
233,72549.580637446,72616.648721108,66.8315233720059,10000,2500
234,72549.580737446,72616.874317108,67.06799770300859,10000,2500
235,72549.58083744599,72617.119915004,67.29349688801449,10000,2500
236,72549.580937446,72617.377359355,67.53899097100657,10000,2500
237,72549.581037446,72617.637952438,67.79633455800649,10000,2500
238,72549.58113744599,72617.927530458,68.05683228700946,10000,2500
239,72549.581237446,72618.269980639,68.34630562001257,10000,2500
240,72549.581337446,72618.563322334,68.6886559100094,10000,2500
241,72549.58143744599,72619.011556783,68.98189905400795,10000,2500
242,72549.58153744599,72619.234169761,69.43002504600736,10000,2500
243,72549.581637446,72619.558863553,69.65254615999584,10000,2500
244,72549.58173744599,72619.806851227,69.97713859300711,10000,2500
245,72549.58183744599,72620.243985303,70.22501983400434,10000,2500
246,72549.581937446,72620.485970894,70.66206606400374,10000,2500
247,72549.58203744599,72620.756708425,70.90394828500575,10000,2500
248,72549.58213744599,72621.185814244,71.17457682601525,10000,2500
249,72549.582237446,72621.428875161,71.60359359699942,10000,2500
250,72549.58233744599,72621.713166662,71.84655033801391,10000,2500
251,72549.58243744599,72621.919711549,72.13074221300485,10000,2500
252,72549.582537446,72622.140259589,72.337187327008,10000,2500
253,72549.58263744599,72622.425020304,72.55763579001359,10000,2500
254,72549.58273744599,72622.714888728,72.8422971220134,10000,2500
255,72549.582837446,72623.043878363,73.13206419099879,10000,2500
256,72549.58293744599,72623.290077253,73.46095376201265,10000,2500
257,72549.58303744599,72623.571898858,73.70705301000271,10000,2500
258,72549.583137446,72623.773846843,73.9887742830033,10000,2500
259,72549.58323744599,72623.979740488,74.19061612301448,10000,2500
260,72549.58333744599,72624.186971847,74.39640910700837,10000,2500
261,72549.583437446,72624.398358627,74.60354857500351,10000,2500
262,72549.58353744599,72624.707378382,74.81482720201893,10000,2500
263,72549.58363744599,72624.932445757,75.12374673801241,10000,2500
264,72549.583737446,72625.292105966,75.34871436600224,10000,2500
265,72549.583837446,72625.62062336,75.70827410199854,10000,2500
266,72549.58393744599,72625.869347607,76.03669954300858,10000,2500
267,72549.584037446,72626.110496858,76.28531626499898,10000,2500
268,72549.584137446,72626.603877534,76.52637175600103,10000,2500
269,72549.58423744599,72626.82692504,77.01964610400319,10000,2500
270,72549.584337446,72627.041478924,77.24259416801215,10000,2500
271,72549.584437446,72627.261575294,77.4570473950007,10000,2500
272,72549.58453744599,72627.566256724,77.67704421901726,10000,2500
273,72549.584637446,72627.960162243,77.98162547800166,10000,2500
274,72549.584737446,72628.952394832,78.37543758400716,10000,2500
275,72549.58483744599,72629.212041461,79.36756994800817,10000,2500
276,72549.584937446,72629.586458582,79.627109552006,10000,2500
277,72549.585037446,72629.88483587,80.0014355059975,10000,2500
278,72549.58513744599,72630.156621401,80.29971169000783,10000,2500
279,72549.585237446,72630.395265915,80.57138978700095,10000,2500
280,72549.585337446,72630.656237623,80.8099417140038,10000,2500
281,72549.58543744599,72630.905555068,81.0708058050077,10000,2500
282,72549.585537446,72631.204274324,81.32003019600234,10000,2500
283,72549.585637446,72631.682416505,81.61864966200665,10000,2500
284,72549.58573744599,72632.051412744,82.0966953280149,10000,2500
285,72549.585837446,72632.422549755,82.4655881409999,10000,2500
286,72549.585937446,72632.694803029,82.83661776600638,10000,2500
287,72549.58603744599,72632.928581673,83.10877163101395,10000,2500
288,72549.586137446,72633.160564128,83.34245054000348,10000,2500
289,72549.586237446,72633.375864876,83.57434004700917,10000,2500
290,72549.58633744599,72633.717321998,83.78954193800746,10000,2500
291,72549.58643744599,72633.929345696,84.1308973020059,10000,2500
292,72549.586537446,72634.166971717,84.342814343996,10000,2500
293,72549.58663744599,72634.578770058,84.58033986401279,10000,2500
294,72549.58673744599,72634.890530068,84.99204580800142,10000,2500
295,72549.586837446,72635.121811286,85.30369840400817,10000,2500
296,72549.58693744599,72635.378273684,85.5348868540168,10000,2500
297,72549.58703744599,72635.596681275,85.79124285600847,10000,2500
298,72549.587137446,72635.824585362,86.00955748600245,10000,2500
299,72549.58723744599,72636.153537477,86.23735419701552,10000,2500
300,72549.58733744599,72636.470829265,86.56623342201055,10000,2500
301,72549.587437446,72636.789760683,86.88339771400206,10000,2500
302,72549.58753744599,72637.172159295,87.2022291670146,10000,2500
303,72549.58763744599,72637.448436499,87.58453848201316,10000,2500
304,72549.587737446,72637.828173949,87.86071359700873,10000,2500
305,72549.58783744599,72638.090754638,88.24034303500957,10000,2500
306,72549.58793744599,72638.356880058,88.50282343001163,10000,2500
307,72549.588037446,72638.681999099,88.7688493020105,10000,2500
308,72549.58813744599,72638.925028477,89.09386992800864,10000,2500
309,72549.58823744599,72639.377862215,89.33679730100266,10000,2500
310,72549.588337446,72639.582903465,89.78953034699953,10000,2500
311,72549.58843744599,72639.835869387,89.99447201701696,10000,2500
312,72549.58853744599,72640.132477105,90.24733804700372,10000,2500
313,72549.588637446,72640.383398838,90.54385305399774,10000,2500
314,72549.588737446,72640.828955327,90.79467285399733,10000,2500
315,72549.58883744599,72641.037643112,91.24013388500316,10000,2500
316,72549.588937446,72641.264547107,91.44871170600527,10000,2500
317,72549.589037446,72641.66237651,91.675522207006,10000,2500
318,72549.58913744599,72642.059560112,92.0732448510098,10000,2500
319,72549.589237446,72642.29246628,92.47033668200311,10000,2500
320,72549.589337446,72642.534444152,92.70313486100349,10000,2500
321,72549.58943744599,72642.764241943,92.94501275500807,10000,2500
322,72549.589537446,72643.011725722,93.17471759600448,10000,2500
323,72549.589637446,72643.226835218,93.42210666699975,10000,2500
324,72549.58973744599,72643.468065563,93.63710351100599,10000,2500
325,72549.589837446,72643.758011165,93.87823400000343,10000,2500
326,72549.589937446,72643.963908207,94.16808714999934,10000,2500
327,72549.59003744599,72644.187070017,94.37388337700395,10000,2500
328,72549.590137446,72644.400083932,94.59694656899956,10000,2500
329,72549.590237446,72644.619945564,94.80985967599554,10000,2500
330,72549.59033744599,72645.040100317,95.0296139770071,10000,2500
331,72549.590437446,72645.289396564,95.44966936101264,10000,2500
332,72549.590537446,72645.553776677,95.69886496399704,10000,2500
333,72549.59063744599,72645.825694736,95.963145154019,10000,2500
334,72549.590737446,72646.062015504,96.23496298700047,10000,2500
335,72549.590837446,72646.44887925,96.47118404900539,10000,2500
336,72549.59093744599,72646.855150691,96.85794819501461,10000,2500
337,72549.59103744599,72647.134324929,97.26412001800782,10000,2500
338,72549.591137446,72647.375343256,97.54319323500386,10000,2500
339,72549.59123744599,72647.611659493,97.78411180101102,10000,2500
340,72549.59133744599,72648.029676474,98.02033508500608,10000,2500
341,72549.591437446,72648.267190241,98.43825252499664,10000,2500
342,72549.59153744599,72648.677079817,98.67566532001365,10000,2500
343,72549.59163744599,72648.884636465,99.08545708701422,10000,2500
344,72549.591737446,72649.133921537,99.29290516000765,10000,2500
345,72549.59183744599,72649.347394839,99.54208971701155,10000,2500
346,72549.59193744599,72649.731533448,99.75547152101353,10000,2500
347,72549.592037446,72650.057114817,100.13950165000279,10000,2500
348,72549.59213744599,72650.320490603,100.46498336801596,10000,2500
349,72549.59223744599,72650.569335368,100.72826636700484,10000,2500
350,72549.592337446,72650.782465409,100.97701188499923,10000,2500
351,72549.59243744599,72650.991243365,101.19004111101094,10000,2500
352,72549.59253744599,72651.282536223,101.39871175700682,10000,2500
353,72549.592637446,72651.583360358,101.68991128900961,10000,2500
354,72549.59273744599,72651.807564305,101.99062924001191,10000,2500
355,72549.59283744599,72652.086789922,102.21474147400295,10000,2500
356,72549.592937446,72652.73191981,102.49385915900348,10000,2500
357,72549.59303744599,72652.95657454,103.13888814901293,10000,2500
358,72549.59313744599,72653.194746401,103.36344316700706,10000,2500
359,72549.593237446,72653.474594156,103.60151467200194,10000,2500
360,72549.59333744599,72653.714733307,103.88126266901963,10000,2500
361,72549.59343744599,72653.969955041,104.1213020030118,10000,2500
362,72549.593537446,72654.346733985,104.37643355200998,10000,2500
363,72549.593637446,72654.646476592,104.75310323899612,10000,2500
364,72549.59373744599,72654.851356784,105.05275387900474,10000,2500
365,72549.593837446,72655.165356871,105.25752570699842,10000,2500
366,72549.593937446,72655.373477426,105.57142544200178,10000,2500
367,72549.59403744599,72655.648706488,105.77944578100869,10000,2500
368,72549.594137446,72655.901091646,106.05458178200934,10000,2500
369,72549.594237446,72656.162659573,106.30688816300244,10000,2500
370,72549.59433744599,72656.46846718,106.56832807500905,10000,2500
371,72549.594437446,72656.797232427,106.87403593900672,10000,2500
372,72549.594537446,72657.123368616,107.20270080100454,10000,2500
373,72549.59463744599,72657.350007666,107.52874176501064,10000,2500
374,72549.594737446,72657.581379127,107.75527645400143,10000,2500
375,72549.594837446,72657.80894717,107.98654722400534,10000,2500
376,72549.59493744599,72658.148532571,108.21401582601538,10000,2500
377,72549.595037446,72658.36757643,108.55350087801344,10000,2500
378,72549.595137446,72658.731634603,108.77244499999506,10000,2500
379,72549.59523744599,72659.000350147,109.13641033601016,10000,2500
380,72549.595337446,72659.229300594,109.40501889200823,10000,2500
381,72549.595437446,72659.465658395,109.63386955599708,10000,2500
382,72549.59553744599,72659.682204493,109.87012692700955,10000,2500
383,72549.595637446,72660.130141165,110.08657388400752,10000,2500
384,72549.595737446,72660.364976258,110.5344100259972,10000,2500
385,72549.59583744599,72660.591184214,110.76914713100996,10000,2500
386,72549.59593744599,72660.832531381,110.99525407601323,10000,2500
387,72549.596037446,72661.489241583,111.23650238200207,10000,2500
388,72549.59613744599,72661.797413946,111.89311005501077,10000,2500
389,72549.59623744599,72662.061803281,112.20118233301037,10000,2500
390,72549.596337446,72662.341036466,112.46547196000756,10000,2500
391,72549.59643744599,72662.565425282,112.74460910500784,10000,2500
392,72549.59653744599,72662.798750686,112.96889427900896,10000,2500
393,72549.596637446,72663.018116413,113.20212664399878,10000,2500
394,72549.59673744599,72663.290937777,113.42139377401327,10000,2500
395,72549.59683744599,72663.506486519,113.69410719600273,10000,2500
396,72549.596937446,72663.761117385,113.9095556300017,10000,2500
397,72549.59703744599,72664.081948333,114.16408549401967,10000,2500
398,72549.59713744599,72664.29430554,114.4848199810076,10000,2500
399,72549.597237446,72664.502290689,114.69707384900539,10000,2500
400,72549.59733744599,72664.881123171,114.90498530701734,10000,2500
401,72549.59743744599,72665.15986001,115.28369988000486,10000,2500
402,72549.597537446,72665.370135155,115.56233805000375,10000,2500
403,72549.59763744599,72665.669234831,115.77251130100922,10000,2500
404,72549.59773744599,72666.076956331,116.07151082501514,10000,2500
405,72549.597837446,72666.298540191,116.47913191199768,10000,2500
406,72549.59793744599,72666.528326368,116.70060876802017,10000,2500
407,72549.59803744599,72666.770160604,116.93029484100407,10000,2500
408,72549.598137446,72667.062890241,117.17202970200742,10000,2500
409,72549.598237446,72667.362905675,117.46466906000569,10000,2500
410,72549.59833744599,72667.577084625,117.76457412700984,10000,2500
411,72549.598437446,72667.842128463,117.97865305301093,10000,2500
412,72549.598537446,72668.058487734,118.24360072500713,10000,2500
413,72549.59863744599,72668.296804812,118.45985614300298,10000,2500
414,72549.598737446,72668.806767176,118.69808063399978,10000,2500
415,72549.598837446,72669.296190417,119.20793595899886,10000,2500
416,72549.59893744599,72669.706824447,119.69725900000776,10000,2500
417,72549.599037446,72670.045538685,120.1077924650017,10000,2500
418,72549.599137446,72670.46278122,120.44640705200436,10000,2500
419,72549.59923744599,72670.714086941,120.86355951100995,10000,2500
420,72549.599337446,72670.94370111,121.11476257600589,10000,2500
421,72549.599437446,72671.211655479,121.34427633900486,10000,2500
422,72549.59953744599,72671.42931753,121.61212424501718,10000,2500
423,72549.599637446,72671.655615815,121.82968585001072,10000,2500
424,72549.599737446,72671.939408365,122.05588440899737,10000,2500
425,72549.59983744599,72672.325093527,122.33957775300951,10000,2500
426,72549.599937446,72672.673475193,122.72517024700937,10000,2500
427,72549.600037446,72672.998097248,123.07345094600169,10000,2500
428,72549.60013744599,72673.348246505,123.39797153000836,10000,2500
429,72549.600237446,72673.724348335,123.74802174700017,10000,2500
430,72549.600337446,72674.077426699,124.12401729400153,10000,2500
431,72549.60043744599,72674.426712284,124.47700092401647,10000,2500
432,72549.600537446,72674.649537101,124.8261810940021,10000,2500
433,72549.600637446,72674.867504663,125.04890560000786,10000,2500
434,72549.60073744599,72675.335790167,125.26677315401321,10000,2500
435,72549.60083744599,72675.546595829,125.73496911500115,10000,2500
436,72549.600937446,72675.779003504,125.94566458500049,10000,2500
437,72549.60103744599,72676.062142748,126.17797190601414,10000,2500
438,72549.60113744599,72676.289762184,126.46101697901031,10000,2500
439,72549.601237446,72676.495508586,126.68853055800719,10000,2500
440,72549.60133744599,72676.778350975,126.89417671500996,10000,2500
441,72549.60143744599,72676.985134827,127.17691903001105,10000,2500
442,72549.601537446,72677.570018222,127.38361100200564,10000,2500
443,72549.60163744599,72677.784128878,127.96838683501119,10000,2500
444,72549.60173744599,72678.043585364,128.18239729301422,10000,2500
445,72549.601837446,72678.296584879,128.44176095000876,10000,2500
446,72549.60193744599,72678.538647675,128.69466355702025,10000,2500
447,72549.60203744599,72679.007732851,128.93661620101193,10000,2500
448,72549.602137446,72679.670282876,129.40561228500155,10000,2500
449,72549.60223744599,72679.882805192,130.06805162201636,10000,2500
450,72549.60233744599,72680.100861745,130.28047417600465,10000,2500
451,72549.602437446,72680.339473513,130.49843754799804,10000,2500
452,72549.60253744599,72680.655572896,130.73695112401037,10000,2500
453,72549.60263744599,72680.881674597,131.05294167800457,10000,2500
454,72549.602737446,72681.10157017,131.27894382699742,10000,2500
455,72549.60283744599,72681.381734659,131.49873849500727,10000,2500
456,72549.60293744599,72681.652450159,131.77881022500515,10000,2500
457,72549.603037446,72681.91433662,132.0494287210022,10000,2500
458,72549.603137446,72682.164179154,132.311205349004,10000,2500
459,72549.60323744599,72682.52507856,132.560955087014,10000,2500
460,72549.603337446,72683.026330044,132.9217472760065,10000,2500
461,72549.603437446,72683.238293389,133.42290628299816,10000,2500
462,72549.60353744599,72683.634560459,133.63476224101032,10000,2500
463,72549.603637446,72684.055473661,134.03093597201223,10000,2500
464,72549.603737446,72684.425436847,134.45174197900633,10000,2500
465,72549.60383744599,72684.639611878,134.82160651301092,10000,2500
466,72549.603937446,72684.859139092,135.03568009000446,10000,2500
467,72549.604037446,72685.161886466,135.2551077889948,10000,2500
468,72549.60413744599,72685.399507192,135.55775471101515,10000,2500
469,72549.604237446,72685.67057907,135.79527559100825,10000,2500
470,72549.604337446,72685.957431426,136.06624730500334,10000,2500
471,72549.60443744599,72686.574662369,136.35300751500472,10000,2500
472,72549.604537446,72686.828417676,136.97013727801095,10000,2500
473,72549.604637446,72687.047163135,137.22378631199535,10000,2500
474,72549.60473744599,72687.406843181,137.4424323690182,10000,2500
475,72549.604837446,72687.679054162,137.80201171401131,10000,2500
476,72549.604937446,72687.92969547,138.0741227210092,10000,2500
477,72549.60503744599,72688.304143023,138.32467100501526,10000,2500
478,72549.605137446,72688.646072901,138.69901174600818,10000,2500
479,72549.605237446,72688.922182195,139.04084568600229,10000,2500
480,72549.60533744599,72689.294200297,139.3168506950169,10000,2500
481,72549.60543744599,72689.516151334,139.68876880400057,10000,2500
482,72549.605537446,72689.774470146,139.9106200009992,10000,2500
483,72549.60563744599,72690.073731659,140.16883866701392,10000,2500
484,72549.60573744599,72690.399891982,140.4680068220041,10000,2500
485,72549.605837446,72690.630344054,140.79406060499605,10000,2500
486,72549.60593744599,72690.9488913,141.0244128110062,10000,2500
487,72549.60603744599,72691.332088812,141.34285945200827,10000,2500
488,72549.606137446,72691.549712684,141.7259644010046,10000,2500
489,72549.60623744599,72691.793061226,141.94348123100644,10000,2500
490,72549.60633744599,72692.011463395,142.1867297320132,10000,2500
491,72549.606437446,72692.441216982,142.40505902499717,10000,2500
492,72549.60653744599,72692.7158948,142.83468558100867,10000,2500
493,72549.60663744599,72693.022956104,143.1092716330022,10000,2500
494,72549.606737446,72693.242560121,143.41623362099926,10000,2500
495,72549.60683744599,72693.55444998,143.63573698000982,10000,2500
496,72549.60693744599,72693.761521777,143.94751840700337,10000,2500
497,72549.607037446,72694.040440325,144.15449005900882,10000,2500
498,72549.60713744599,72694.279248592,144.43330917101412,10000,2500
499,72549.60723744599,72694.494705919,144.67201703200408,10000,2500
500,72549.607337446,72694.903360517,144.88738575100433,10000,2500
501,72549.60743744599,72695.149967853,145.29593724301958,10000,2500
502,72549.60753744599,72695.380806754,145.54243624700757,10000,2500
503,72549.607637446,72695.742041015,145.77317557000788,10000,2500
504,72549.60773744599,72695.967932286,146.13430971701746,10000,2500
505,72549.60783744599,72696.171462773,146.36010575700493,10000,2500
506,72549.607937446,72696.40668942,146.56353173400566,10000,2500
507,72549.608037446,72696.632405376,146.7986591670051,10000,2500
508,72549.60813744599,72696.839422761,147.024274306008,10000,2500
509,72549.608237446,72697.09466613,147.23119883300387,10000,2500
510,72549.608337446,72697.302670156,147.48634371900698,10000,2500
511,72549.60843744599,72697.505867416,147.6942472130031,10000,2500
512,72549.608537446,72697.765111605,147.89733587400406,10000,2500
513,72549.608637446,72697.987796269,148.1564867739944,10000,2500
514,72549.60873744599,72698.247653304,148.3790649050061,10000,2500
515,72549.608837446,72698.48522245,148.63882192400342,10000,2500
516,72549.608937446,72698.738260098,148.87629823399766,10000,2500
517,72549.60903744599,72699.09308694,149.12922904900915,10000,2500
518,72549.609137446,72699.339151305,149.48395531100687,10000,2500
519,72549.609237446,72699.557644128,149.72992850199807,10000,2500
520,72549.60933744599,72699.814453039,149.9483130070148,10000,2500
521,72549.609437446,72700.033042935,150.2050308540056,10000,2500
522,72549.609537446,72700.384426364,150.42351845400117,10000,2500
523,72549.60963744599,72700.630471556,150.774802800006,10000,2500
524,72549.609737446,72700.969114782,151.02074884000467,10000,2500
525,72549.609837446,72701.19384083,151.3592904889956,10000,2500
526,72549.60993744599,72701.488806908,151.58391653600847,10000,2500
527,72549.610037446,72701.789202263,151.87877553900762,10000,2500
528,72549.610137446,72702.00332769,152.1790706640022,10000,2500
529,72549.61023744599,72702.362510404,152.39309631801734,10000,2500
530,72549.61033744599,72702.571180209,152.75217880700075,10000,2500
531,72549.610437446,72702.787119619,152.96074880500964,10000,2500
532,72549.61053744599,72703.192857158,153.17659619000915,10000,2500
533,72549.61063744599,72703.486298904,153.58222573301464,10000,2500
534,72549.610737446,72703.777346208,153.87556745900656,10000,2500
535,72549.61083744599,72704.001846112,154.16652255001827,10000,2500
536,72549.61093744599,72704.229614236,154.39092195800913,10000,2500
537,72549.611037446,72704.46261355,154.61859155001002,10000,2500
538,72549.61113744599,72704.677346395,154.8514896590059,10000,2500
539,72549.61123744599,72705.056637424,155.06611458701082,10000,2500
540,72549.611337446,72705.315492043,155.44531480599835,10000,2500
541,72549.61143744599,72705.583937492,155.7040606940136,10000,2500
542,72549.61153744599,72705.833581678,155.97241361001215,10000,2500
543,72549.611637446,72706.097274187,156.22194985499664,10000,2500
544,72549.61173744599,72706.397242074,156.48554307501763,10000,2500
545,72549.61183744599,72706.741184169,156.78541043201403,10000,2500
546,72549.611937446,72707.008625544,157.12926157600305,10000,2500
547,72549.61203744599,72707.248898763,157.3965941700153,10000,2500
548,72549.61213744599,72707.54522122,157.63676749600563,10000,2500
549,72549.612237446,72708.055627994,157.9329964839999,10000,2500
550,72549.61233744599,72708.347008359,158.44329612400907,10000,2500
551,72549.61243744599,72708.627594373,158.73457660600252,10000,2500
552,72549.612537446,72708.903271936,159.01506270300888,10000,2500
553,72549.612637446,72709.299826531,159.29064014999312,10000,2500
554,72549.61273744599,72709.589015729,159.68710225001269,10000,2500
555,72549.612837446,72709.931931085,159.9761841389991,10000,2500
556,72549.612937446,72710.145192051,160.31900036300067,10000,2500
557,72549.61303744599,72710.445508906,160.5321611410036,10000,2500
558,72549.613137446,72710.693414407,160.83237724400533,10000,2500
559,72549.613237446,72710.912013646,161.080192798996,10000,2500
560,72549.61333744599,72711.203381877,161.2986821870145,10000,2500
561,72549.613437446,72711.470885695,161.58995026300545,10000,2500
562,72549.613537446,72711.683393924,161.8573620399984,10000,2500
563,72549.61363744599,72711.978165344,162.06976215500617,10000,2500
564,72549.613737446,72712.278266168,162.3644428490079,10000,2500
565,72549.613837446,72712.562935897,162.66443438400165,10000,2500
566,72549.61393744599,72712.845931215,162.94900477901683,10000,2500
567,72549.614037446,72713.075587255,163.23189969500527,10000,2500
568,72549.614137446,72713.427949324,163.46146306900482,10000,2500
569,72549.61423744599,72713.650407271,163.8137177600147,10000,2500
570,72549.614337446,72713.867381254,164.0360819720081,10000,2500
571,72549.614437446,72714.077221201,164.25295651800116,10000,2500
572,72549.61453744599,72714.423096121,164.46269773801032,10000,2500
573,72549.614637446,72714.657430223,164.80846494800062,10000,2500
574,72549.614737446,72714.862398975,165.04270534499665,10000,2500
575,72549.61483744599,72715.113220105,165.24756781800534,10000,2500
576,72549.614937446,72715.348622256,165.49829792701348,10000,2500
577,72549.615037446,72715.587513255,165.7335907490051,10000,2500
578,72549.61513744599,72715.840382301,165.97238935501082,10000,2500
579,72549.61523744599,72716.161281203,166.22515970400127,10000,2500
580,72549.615337446,72716.387127992,166.545949870997,10000,2500
581,72549.61543744599,72716.599710403,166.7716959810059,10000,2500
582,72549.61553744599,72716.862856087,166.9841882460023,10000,2500
583,72549.615637446,72717.146746729,167.24723215900303,10000,2500
584,72549.61573744599,72717.448693127,167.5310238390084,10000,2500
585,72549.61583744599,72717.661297171,167.83286156100803,10000,2500
586,72549.615937446,72717.932242432,168.04537238000194,10000,2500
587,72549.61603744599,72718.19224635,168.31621895900753,10000,2500
588,72549.61613744599,72718.431954956,168.5761150150065,10000,2500
589,72549.616237446,72718.822982953,168.81573296900024,10000,2500
590,72549.61633744599,72719.077711667,169.20665190201544,10000,2500
591,72549.61643744599,72719.330667625,169.46128020700417,10000,2500
592,72549.616537446,72719.543061621,169.71413663899875,10000,2500
593,72549.61663744599,72719.811071824,169.92643826601852,10000,2500
594,72549.61673744599,72720.022875224,170.19434052800352,10000,2500
595,72549.616837446,72720.262391235,170.4060474650032,10000,2500
596,72549.61693744599,72720.473328982,170.64546019601403,10000,2500
597,72549.61703744599,72720.791763671,170.85629772501125,10000,2500
598,72549.617137446,72721.056070149,171.17464075100725,10000,2500
599,72549.61723744599,72721.416852807,171.43883891201403,10000,2500
600,72549.61733744599,72721.656383262,171.7995327200042,10000,2500
601,72549.617437446,72721.899063985,172.03895360601018,10000,2500
602,72549.617537446,72722.128550421,172.28153216899955,10000,2500
603,72549.61763744599,72722.665318534,172.51091950001137,10000,2500
604,72549.617737446,72722.883976961,173.0475943870115,10000,2500
605,72549.617837446,72723.120436209,173.26615464600036,10000,2500
606,72549.61793744599,72723.340988652,173.50250510101614,10000,2500
607,72549.618037446,72723.610200694,173.72297033500217,10000,2500
608,72549.618137446,72723.879880214,173.99206916500407,10000,2500
609,72549.61823744599,72724.152079439,174.2616546440113,10000,2500
610,72549.618337446,72724.455427913,174.533754848002,10000,2500
611,72549.618437446,72724.705154939,174.8369966140017,10000,2500
612,72549.61853744599,72724.910534919,175.08662368201476,10000,2500
613,72549.618637446,72725.133173828,175.29191340300895,10000,2500
614,72549.618737446,72725.415716501,175.51444879699557,10000,2500
615,72549.61883744599,72725.619035641,175.79688484400685,10000,2500
616,72549.618937446,72725.843096219,176.00010430401016,10000,2500
617,72549.619037446,72726.12883305,176.22407420599484,10000,2500
618,72549.61913744599,72726.417292371,176.50970988201152,10000,2500
619,72549.619237446,72726.775553235,176.79806121900037,10000,2500
620,72549.619337446,72727.043196473,177.15622841799632,10000,2500
621,72549.61943744599,72727.267551371,177.42377251401194,10000,2500
622,72549.619537446,72727.530836135,177.6480202160019,10000,2500
623,72549.619637446,72727.770628273,177.91121160800685,10000,2500
624,72549.61973744599,72728.043770196,178.15089712201734,10000,2500
625,72549.619837446,72728.460319348,178.42394615200465,10000,2500
626,72549.619937446,72728.886793898,178.84038803300064,10000,2500
627,72549.62003744599,72729.135606322,179.26676260400563,10000,2500
628,72549.62013744599,72729.619136106,179.51548200301477,10000,2500
629,72549.620237446,72729.941648038,179.99890479599708,10000,2500
630,72549.62033744599,72730.203846181,180.32132588201785,10000,2500
631,72549.62043744599,72730.484315155,180.5834144130058,10000,2500
632,72549.620537446,72730.773945827,180.86378359800437,10000,2500
633,72549.62063744599,72731.039960935,181.15331440900627,10000,2500
634,72549.62073744599,72731.324500347,181.41922932301532,10000,2500
635,72549.620837446,72731.647025692,181.70367575800628,10000,2500
636,72549.62093744599,72732.046726709,182.02609428101277,10000,2500
637,72549.62103744599,72732.419516734,182.42570213400177,10000,2500
638,72549.621137446,72732.628313102,182.79839583100693,10000,2500
639,72549.62123744599,72732.848406893,183.00708910000685,10000,2500
640,72549.62133744599,72733.119908598,183.22707565000746,10000,2500
641,72549.621437446,72733.381879527,183.4984831019974,10000,2500
642,72549.62153744599,72733.618755778,183.76034805101517,10000,2500
643,72549.62163744599,72733.925401097,183.997131111013,10000,2500
644,72549.621737446,72734.288846123,184.30367733900493,10000,2500
645,72549.62183744599,72734.619746578,184.66701462800847,10000,2500
646,72549.62193744599,72734.840860504,184.99782309001603,10000,2500
647,72549.622037446,72735.056654987,185.21882920000644,10000,2500
648,72549.62213744599,72735.308067022,185.4345296950196,10000,2500
649,72549.62223744599,72735.569126102,185.68584267901315,10000,2500
650,72549.622337446,72735.789167232,185.9467944019998,10000,2500
651,72549.622437446,72736.010294466,186.1667360309948,10000,2500
652,72549.62253744599,72736.248093868,186.38777314900653,10000,2500
653,72549.622637446,72736.533720832,186.62546995100274,10000,2500
654,72549.622737446,72736.740470366,186.91098900100042,10000,2500
655,72549.62283744599,72737.002847128,187.11763882701052,10000,2500
656,72549.622937446,72737.228416259,187.37991553600295,10000,2500
657,72549.623037446,72737.442699951,187.60538491999614,10000,2500
658,72549.62313744599,72737.665908133,187.81956838500628,10000,2500
659,72549.623237446,72737.922167875,188.04267689501285,10000,2500
660,72549.623337446,72738.130360163,188.29883666800743,10000,2500
661,72549.62343744599,72738.434934584,188.50692860300478,10000,2500
662,72549.623537446,72738.683747441,188.81140298400715,10000,2500
663,72549.623637446,72738.95487065,189.060116106004,10000,2500
664,72549.62373744599,72739.230045709,189.3311389770097,10000,2500
665,72549.623837446,72739.653709071,189.60622333201172,10000,2500
666,72549.623937446,72739.999697179,190.02978496700234,10000,2500
667,72549.62403744599,72740.250347612,190.37567288700666,10000,2500
668,72549.624137446,72740.548152232,190.62621620600112,10000,2500
669,72549.624237446,72740.813554941,190.923928343007,10000,2500
670,72549.62433744599,72741.02386473,191.18922358400596,10000,2500
671,72549.624437446,72741.288952238,191.39943870001298,10000,2500
672,72549.624537446,72741.544012172,191.66442793600436,10000,2500
673,72549.62463744599,72741.850607471,191.91939405001176,10000,2500
674,72549.62473744599,72742.207913619,192.2258764290018,10000,2500
675,72549.624837446,72742.440693352,192.58308426500298,10000,2500
676,72549.62493744599,72742.753009088,192.8157618860132,10000,2500
677,72549.62503744599,72743.038148241,193.1279783980135,10000,2500
678,72549.625137446,72743.355078984,193.41301669400127,10000,2500
679,72549.62523744599,72743.649488421,193.72984781701234,10000,2500
680,72549.62533744599,72744.143032896,194.02416433900362,10000,2500
681,72549.625437446,72744.362328456,194.51761295199685,10000,2500
682,72549.62553744599,72744.571200831,194.736796866011,10000,2500
683,72549.62563744599,72744.863252775,194.94556971700513,10000,2500
684,72549.625737446,72745.365765203,195.23753080199822,10000,2500
685,72549.62583744599,72745.599688935,195.7399334910151,10000,2500
686,72549.62593744599,72745.871170851,195.97376633201202,10000,2500
687,72549.626037446,72746.108715526,196.24514722501044,10000,2500
688,72549.62613744599,72746.324700611,196.4825952660176,10000,2500
689,72549.62623744599,72746.612227475,196.6984702530026,10000,2500
690,72549.626337446,72746.95273709,196.98589681700105,10000,2500
691,72549.62643744599,72747.222412986,197.32630697301647,10000,2500
692,72549.62653744599,72747.506655327,197.5958826640126,10000,2500
693,72549.626637446,72747.721594628,197.8800244370068,10000,2500
694,72549.62673744599,72747.928834794,198.0948716950079,10000,2500
695,72549.62683744599,72748.14735257,198.3020041990094,10000,2500
696,72549.626937446,72748.362807103,198.5204288130044,10000,2500
697,72549.62703744599,72748.655646783,198.73577552601637,10000,2500
698,72549.62713744599,72749.247410524,199.02851688000374,10000,2500
699,72549.627237446,72749.673181115,199.62017928600835,10000,2500
700,72549.627337446,72749.956435065,200.04586474699317,10000,2500
701,72549.62743744599,72750.332049681,200.3290113680123,10000,2500
702,72549.627537446,72750.542100702,200.70451824201155,10000,2500
703,72549.627637446,72750.75274455,200.91446926300705,10000,2500
704,72549.62773744599,72750.983791239,201.12502146401675,10000,2500
705,72549.627837446,72751.195712539,201.35595970100258,10000,2500
706,72549.627937446,72751.450715012,201.56778358400334,10000,2500
707,72549.62803744599,72751.705007351,201.82268325700716,10000,2500
708,72549.628137446,72751.922596308,202.0768764270033,10000,2500
709,72549.628237446,72752.21649688,202.29437656200025,10000,2500
710,72549.62833744599,72752.513544583,202.58817361200636,10000,2500
711,72549.628437446,72752.774375354,202.885113094002,10000,2500
712,72549.628537446,72752.978752134,203.14584375399863,10000,2500
713,72549.62863744599,72753.267275917,203.3501207290101,10000,2500
714,72549.628737446,72753.503805086,203.63854435599933,10000,2500
715,72549.628837446,72753.738126754,203.8749818590004,10000,2500
716,72549.62893744599,72753.979575939,204.10919545601064,10000,2500
717,72549.629037446,72754.28718387,204.35054437701183,10000,2500
718,72549.629137446,72754.513119948,204.65806217500358,10000,2500
719,72549.62923744599,72754.815205064,204.88388860701525,10000,2500
720,72549.629337446,72755.032556188,205.18587404300342,10000,2500
721,72549.629437446,72755.534229164,205.40313005499775,10000,2500
722,72549.62953744599,72755.786942319,205.90470615601225,10000,2500
723,72549.62963744599,72756.046974645,206.15731143500307,10000,2500
724,72549.629737446,72756.365588518,206.41724648300442,10000,2500
725,72549.62983744599,72756.609029853,206.7357643320138,10000,2500
726,72549.62993744599,72756.876197363,206.97909808201075,10000,2500
727,72549.630037446,72757.111752756,207.24616608500946,10000,2500
728,72549.63013744599,72757.370615372,207.48162121600762,10000,2500
729,72549.63023744599,72757.589767532,207.7404005860153,10000,2500
730,72549.630337446,72758.050447747,207.95943571800308,10000,2500
731,72549.63043744599,72758.475166502,208.42001655201602,10000,2500
732,72549.63053744599,72758.781369135,208.84463538001,10000,2500
733,72549.630637446,72758.988365386,209.15074491700216,10000,2500
734,72549.63073744599,72759.29682727,209.3576339330175,10000,2500
735,72549.63083744599,72759.538604006,209.6660081440059,10000,2500
736,72549.630937446,72759.865655049,209.9076723330072,10000,2500
737,72549.63103744599,72760.290489963,210.23462390001805,10000,2500
738,72549.63113744599,72760.648520511,210.6593678160134,10000,2500
739,72549.631237446,72760.917819542,211.01728947400989,10000,2500
740,72549.63133744599,72761.198364469,211.28648786901613,10000,2500
741,72549.63143744599,72761.457941708,211.5669328570075,10000,2500
742,72549.631537446,72761.666619295,211.82641787501052,10000,2500
743,72549.63163744599,72761.889563249,212.03498786801356,10000,2500
744,72549.63173744599,72762.428010098,212.25783596900874,10000,2500
745,72549.631837446,72762.683497186,212.79618552900502,10000,2500
746,72549.631937446,72762.980929865,213.0515726750018,10000,2500
747,72549.63203744599,72763.201862779,213.34889842300618,10000,2500
748,72549.632137446,72763.524865243,213.56973113201093,10000,2500
749,72549.632237446,72763.787133519,213.8926334889984,10000,2500
750,72549.63233744599,72764.117337025,214.1548018950125,10000,2500
751,72549.632437446,72764.319140536,214.48490560900245,10000,2500
752,72549.632537446,72764.528985999,214.68661069699738,10000,2500
753,72549.63263744599,72764.768388339,214.89636245800648,10000,2500
754,72549.632737446,72764.979693437,215.13565706500958,10000,2500
755,72549.632837446,72765.31550179,215.34686184000748,10000,2500
756,72549.63293744599,72765.55857565,215.68257017001451,10000,2500
757,72549.633037446,72765.817097569,215.92554429500888,10000,2500
758,72549.633137446,72766.083131708,216.1839657179953,10000,2500
759,72549.63323744599,72766.296196479,216.44990000201506,10000,2500
760,72549.633337446,72766.547142297,216.6628653180087,10000,2500
761,72549.633437446,72766.782997698,216.91371883099782,10000,2500
762,72549.63353744599,72767.019440579,217.14947046601446,10000,2500
763,72549.633637446,72767.266485577,217.38580919201195,10000,2500
764,72549.633737446,72767.531518359,217.63275389099726,10000,2500
765,72549.63383744599,72767.775529008,217.89770378101093,10000,2500
766,72549.633937446,72767.983593231,218.14159743000346,10000,2500
767,72549.634037446,72768.227768782,218.34956902400882,10000,2500
768,72549.63413744599,72768.441406789,218.59363753300568,10000,2500
769,72549.634237446,72768.674363658,218.8071754840057,10000,2500
770,72549.634337446,72768.875573856,219.04003204900073,10000,2500
771,72549.63443744599,72769.105280028,219.24115156001062,10000,2500
772,72549.63453744599,72769.335679252,219.4707553920016,10000,2500
773,72549.634637446,72769.724680859,219.70104772200284,10000,2500
774,72549.63473744599,72769.944927895,220.08995038901048,10000,2500
775,72549.63483744599,72770.228641658,220.31010430700553,10000,2500
776,72549.634937446,72770.44148377,220.59371047299646,10000,2500
777,72549.63503744599,72770.678297938,220.80646032800723,10000,2500
778,72549.63513744599,72770.885451587,221.0431727400137,10000,2500
779,72549.635237446,72771.178090671,221.25022388400976,10000,2500
780,72549.63533744599,72771.413856409,221.54276202101028,10000,2500
781,72549.63543744599,72771.648535662,221.77842515401426,10000,2500
782,72549.635537446,72771.997976057,222.0130182730063,10000,2500
783,72549.63563744599,72772.217725103,222.36235261301044,10000,2500
784,72549.63573744599,72772.454700856,222.58199407201027,10000,2500
785,72549.635837446,72772.758052153,222.8188725020009,10000,2500
786,72549.63593744599,72772.973622756,223.12213559901284,10000,2500
787,72549.63603744599,72773.260893507,223.33759110500978,10000,2500
788,72549.636137446,72773.675663304,223.62476262600103,10000,2500
789,72549.63623744599,72773.989604508,224.03943157501635,10000,2500
790,72549.63633744599,72774.235915464,224.35328540300543,10000,2500
791,72549.636437446,72774.458945705,224.59948483700282,10000,2500
792,72549.63653744599,72774.856779441,224.82241403101943,10000,2500
793,72549.63663744599,72775.236335668,225.22015661600744,10000,2500
794,72549.636737446,72775.50110759,225.59960851899814,10000,2500
795,72549.636837446,72775.927940388,225.8642763980024,10000,2500
796,72549.63693744599,72776.137311969,226.29100900300546,10000,2500
797,72549.637037446,72776.480476702,226.50028989800194,10000,2500
798,72549.637137446,72776.776020344,226.8433448489959,10000,2500
799,72549.63723744599,72777.046795573,227.1387892000057,10000,2500
800,72549.637337446,72777.337268053,227.40947557600157,10000,2500
801,72549.637437446,72777.635091164,227.699844037008,10000,2500
802,72549.63753744599,72777.875757582,227.99755976600864,10000,2500
803,72549.637637446,72778.153517579,228.23812578200886,10000,2500
804,72549.637737446,72778.377132576,228.51579462700465,10000,2500
805,72549.63783744599,72778.69721196,228.73930122800812,10000,2500
806,72549.637937446,72778.971439286,229.05928019300336,10000,2500
807,72549.638037446,72779.292070589,229.33340775400575,10000,2500
808,72549.63813744599,72779.548781734,229.65393883100478,10000,2500
809,72549.638237446,72779.777642617,229.91055767600483,10000,2500
810,72549.638337446,72780.075129995,230.13931188000424,10000,2500
811,72549.63843744599,72780.446127264,230.43670003701118,10000,2500
812,72549.638537446,72780.704972436,230.80759627500083,10000,2500
813,72549.638637446,72780.957656474,231.0663413959992,10000,2500
814,72549.63873744599,72781.199329592,231.31892491701,10000,2500
815,72549.638837446,72781.424281847,231.56049835000886,10000,2500
816,72549.638937446,72781.785093548,231.78535026100872,10000,2500
817,72549.63903744599,72782.254986985,232.14606187400932,10000,2500
818,72549.63913744599,72782.529497163,232.61585534400365,10000,2500
819,72549.639237446,72782.807603753,232.89026552200085,10000,2500
820,72549.63933744599,72783.030873919,233.1682800220151,10000,2500
821,72549.63943744599,72783.24700791,233.3914512360061,10000,2500
822,72549.639537446,72783.57880377,233.6074764280056,10000,2500
823,72549.63963744599,72783.817002904,233.93917281801987,10000,2500
824,72549.63973744599,72784.069111292,234.1772714270046,10000,2500
825,72549.639837446,72784.289285646,234.42927964800037,10000,2500
826,72549.63993744599,72784.549176489,234.64935399600654,10000,2500
827,72549.64003744599,72784.824661258,234.9091450390115,10000,2500
828,72549.640137446,72785.03808012,235.18453009500809,10000,2500
829,72549.64023744599,72785.441320253,235.39785614001448,10000,2500
830,72549.64033744599,72785.743641965,235.80098863500461,10000,2500
831,72549.640437446,72785.995594608,236.10321093500534,10000,2500
832,72549.64053744599,72786.407806969,236.35506292901118,10000,2500
833,72549.64063744599,72786.738448561,236.76717528700829,10000,2500
834,72549.640737446,72787.100487814,237.09773012500955,10000,2500
835,72549.64083744599,72787.392910062,237.45965640601935,10000,2500
836,72549.64093744599,72787.643670337,237.75197856500745,10000,2500
837,72549.641037446,72787.855600932,238.00263883100706,10000,2500
838,72549.64113744599,72788.111578643,238.21446933400875,10000,2500
839,72549.64123744599,72788.414431713,238.47035540200886,10000,2500
840,72549.641337446,72788.652513217,238.77309984600288,10000,2500
841,72549.64143744599,72788.953325432,239.01108153001405,10000,2500
842,72549.64153744599,72789.273548653,239.31180086001405,10000,2500
843,72549.641637446,72789.566517951,239.63191744100186,10000,2500
844,72549.641737446,72789.800782296,239.9247868740058,10000,2500
845,72549.64183744599,72790.043688286,240.15895070800616,10000,2500
846,72549.641937446,72790.260099618,240.40176549700845,10000,2500
847,72549.642037446,72790.480492619,240.61807808499725,10000,2500
848,72549.64213744599,72790.696747223,240.83836720700492,10000,2500
849,72549.642237446,72790.967968963,241.05452329700347,10000,2500
850,72549.642337446,72791.207277508,241.3256448710017,10000,2500
851,72549.64243744599,72791.524415119,241.5648555890075,10000,2500
852,72549.642537446,72791.814365526,241.88188537000678,10000,2500
853,72549.642637446,72792.652117234,242.1717339099996,10000,2500
854,72549.64273744599,72792.873655236,243.00939189700875,10000,2500
855,72549.642837446,72793.133663838,243.2308237630059,10000,2500
856,72549.642937446,72793.415608035,243.49073238800338,10000,2500
857,72549.64303744599,72793.782296417,243.7725874470052,10000,2500
858,72549.643137446,72794.239989032,244.1391752030031,10000,2500
859,72549.643237446,72794.565219625,244.5967575340037,10000,2500
860,72549.64333744599,72795.042996943,244.92189781801426,10000,2500
861,72549.643437446,72795.291633418,245.3995680710068,10000,2500
862,72549.643537446,72795.636632354,245.6481022710068,10000,2500
863,72549.64363744599,72796.238517148,245.9930006310169,10000,2500
864,72549.643737446,72796.455351026,246.59478565900645,10000,2500
865,72549.643837446,72796.716348737,246.8115275970049,10000,2500
866,72549.64393744599,72797.232715056,247.07241726500797,10000,2500
867,72549.64403744599,72797.460973658,247.5886837500002,10000,2500
868,72549.644137446,72797.672017828,247.8168419989961,10000,2500
869,72549.64423744599,72797.886797968,248.02778603600746,10000,2500
870,72549.64433744599,72798.317821035,248.24246656401374,10000,2500
871,72549.644437446,72798.566720829,248.67338931100676,10000,2500
872,72549.64453744599,72798.801329402,248.92219677001412,10000,2500
873,72549.64463744599,72799.017180908,249.15669752801477,10000,2500
874,72549.644737446,72799.480295787,249.37244985099824,10000,2500
875,72549.64483744599,72799.7211176,249.83546450801077,10000,2500
876,72549.64493744599,72799.975425678,250.07618654701218,10000,2500
877,72549.645037446,72800.235164563,250.33040095500473,10000,2500
878,72549.64513744599,72800.46767229,250.5900405840075,10000,2500
879,72549.64523744599,72800.685607409,250.82244117600203,10000,2500
880,72549.645337446,72800.916103395,251.04027622200374,10000,2500
881,72549.64543744599,72801.12958131,251.27067255701695,10000,2500
882,72549.64553744599,72801.392149167,251.48404984200897,10000,2500
883,72549.645637446,72801.673471249,251.74651806500333,10000,2500
884,72549.64573744599,72801.951454541,252.02774997601227,10000,2500
885,72549.64583744599,72802.167247262,252.30562302001636,10000,2500
886,72549.645937446,72802.409909659,252.5213159390114,10000,2500
887,72549.64603744599,72802.647934734,252.76388763701834,10000,2500
888,72549.64613744599,72802.870136522,253.00180355501652,10000,2500
889,72549.646237446,72803.08848002,253.22390544600785,10000,2500
890,72549.646337446,72803.370820062,253.44214885600377,10000,2500
891,72549.64643744599,72803.658907288,253.72438869801408,10000,2500
892,72549.646537446,72803.868408033,254.0123828920041,10000,2500
893,72549.646637446,72804.240325994,254.22177688499505,10000,2500
894,72549.64673744599,72804.495596691,254.5935947530088,10000,2500
895,72549.646837446,72804.770094061,254.84876962700218,10000,2500
896,72549.646937446,72805.051610655,255.12316408399784,10000,2500
897,72549.64703744599,72805.320249582,255.40458605000458,10000,2500
898,72549.647137446,72805.704583209,255.67311827800586,10000,2500
899,72549.647237446,72806.103150989,256.05735161399934,10000,2500
900,72549.64733744599,72806.382291393,256.4558481610147,10000,2500
901,72549.647437446,72806.606291846,256.7348595220101,10000,2500
902,72549.647537446,72806.875200665,256.95876006400795,10000,2500
903,72549.64763744599,72807.115750056,257.2275772750145,10000,2500
904,72549.647737446,72807.352349499,257.46801857600803,10000,2500
905,72549.647837446,72807.710057682,257.7045256590063,10000,2500
906,72549.64793744599,72807.921765621,258.06212643500476,10000,2500
907,72549.648037446,72808.145327564,258.2737434209994,10000,2500
908,72549.648137446,72808.419621029,258.49719600600656,10000,2500
909,72549.64823744599,72808.668575717,258.77138967701467,10000,2500
910,72549.648337446,72808.921154046,259.02024469000753,10000,2500
911,72549.648437446,72809.204926996,259.27272254400305,10000,2500
912,72549.64853744599,72809.476679283,259.55639619301655,10000,2500
913,72549.648637446,72809.88462278,259.8280481230031,10000,2500
914,72549.648737446,72810.125086831,260.23589851500583,10000,2500
915,72549.64883744599,72810.501595676,260.47625603900815,10000,2500
916,72549.64893744599,72810.748404114,260.85266479701386,10000,2500
917,72549.649037446,72810.976992026,261.0993725320004,10000,2500
918,72549.64913744599,72811.191157659,261.3278606310196,10000,2500
919,72549.64923744599,72811.463832619,261.54193298700557,10000,2500
920,72549.649337446,72811.783758796,261.8145091799961,10000,2500
921,72549.64943744599,72811.991818349,262.13432703501894,10000,2500
922,72549.64953744599,72812.430005177,262.342287063002,10000,2500
923,72549.649637446,72812.653286249,262.7803735769994,10000,2500
924,72549.64973744599,72812.865106048,263.00355693601887,10000,2500
925,72549.64983744599,72813.132295922,263.2152751100075,10000,2500
926,72549.649937446,72813.428585326,263.48237136600073,10000,2500
927,72549.65003744599,72813.655661659,263.77855374701903,10000,2500
928,72549.65013744599,72813.879940867,264.0055328860035,10000,2500
929,72549.650237446,72814.104221299,264.2297191580001,10000,2500
930,72549.65033744599,72814.331668428,264.4538917790196,10000,2500
931,72549.65043744599,72814.602866434,264.6812471390149,10000,2500
932,72549.650537446,72814.821205565,264.95233515700966,10000,2500
933,72549.65063744599,72815.059138938,265.1705743440107,10000,2500
934,72549.65073744599,72815.362889341,265.4084144480148,10000,2500
935,72549.650837446,72815.671934988,265.7120575669978,10000,2500
936,72549.65093744599,72815.990198689,266.02101064901217,10000,2500
937,72549.65103744599,72816.194496212,266.33916733801016,10000,2500
938,72549.651137446,72816.398484625,266.543369927007,10000,2500
939,72549.651237446,72816.622753018,266.747259982003,10000,2500
940,72549.65133744599,72816.86911863,266.97142820101,10000,2500
941,72549.651437446,72817.167848259,267.2176871640113,10000,2500
942,72549.651537446,72817.434918359,267.51632353400055,10000,2500
943,72549.65163744599,72817.73423954,267.7832867600082,10000,2500
944,72549.651737446,72818.176385687,268.0825085420074,10000,2500
945,72549.651837446,72818.464764414,268.52455569700396,10000,2500
946,72549.65193744599,72818.790701045,268.81284089300607,10000,2500
947,72549.652037446,72819.00347886,269.1386746690114,10000,2500
948,72549.652137446,72819.244636441,269.35135644400725,10000,2500
949,72549.65223744599,72819.621914344,269.59240757100633,10000,2500
950,72549.652337446,72819.859612378,269.9695898200007,10000,2500
951,72549.652437446,72820.14672203,270.20719127199845,10000,2500
952,72549.65253744599,72820.476586698,270.4941967810155,10000,2500
953,72549.652637446,72820.696844304,270.8239584630064,10000,2500
954,72549.652737446,72821.067646762,271.0441219040076,10000,2500
955,72549.65283744599,72821.417778447,271.41481529500743,10000,2500
956,72549.652937446,72821.627946716,271.764847235012,10000,2500
957,72549.653037446,72821.89741992,271.9749215970078,10000,2500
958,72549.65313744599,72822.113222093,272.24429283401696,10000,2500
959,72549.653237446,72822.477249007,272.4599965110101,10000,2500
960,72549.653337446,72822.842292231,272.82393663100083,10000,2500
961,72549.65343744599,72823.156950896,273.18886145201395,10000,2500
962,72549.65353744599,72823.400440337,273.5034194710024,10000,2500
963,72549.653637446,72823.686664071,273.74680914499913,10000,2500
964,72549.65373744599,72823.913067441,274.03293270901486,10000,2500
965,72549.65383744599,72824.198166343,274.2592435510014,10000,2500
966,72549.653937446,72824.471192767,274.54424377699615,10000,2500
967,72549.65403744599,72824.764844348,274.81716105900705,10000,2500
968,72549.65413744599,72825.039464505,275.110712839014,10000,2500
969,72549.654237446,72825.361469399,275.3852328330104,10000,2500
970,72549.65433744599,72825.651812161,275.7071379280096,10000,2500
971,72549.65443744599,72826.042662608,275.99738833500305,10000,2500
972,72549.654537446,72826.288218584,276.38813823300006,10000,2500
973,72549.65463744599,72826.571530835,276.6335867600137,10000,2500
974,72549.65473744599,72826.823779688,276.91679928600206,10000,2500
975,72549.654837446,72827.069253153,277.1689502020017,10000,2500
976,72549.65493744599,72827.27445077,277.41432206801255,10000,2500
977,72549.65503744599,72827.494148752,277.61942678400374,10000,2500
978,72549.655137446,72827.869230562,277.83902628099895,10000,2500
979,72549.65523744599,72828.097275782,278.21401147401775,10000,2500
980,72549.65533744599,72828.388009459,278.44195192100597,10000,2500
981,72549.655437446,72828.63893957,278.7325777680089,10000,2500
982,72549.65553744599,72828.839900428,278.983408464017,10000,2500
983,72549.65563744599,72829.18373539,279.18427048201556,10000,2500
984,72549.655737446,72829.41715726,279.52800440099963,10000,2500
985,72549.65583744599,72829.632495294,279.7613362620177,10000,2500
986,72549.65593744599,72829.877040678,279.97656438400736,10000,2500
987,72549.656037446,72830.180652303,280.2210111410095,10000,2500
988,72549.656137446,72830.453800596,280.5245284749981,10000,2500
989,72549.65623744599,72830.789299292,280.79758002000744,10000,2500
990,72549.656337446,72831.010686897,281.1329723170056,10000,2500
991,72549.656437446,72831.304310506,281.35425591400417,10000,2500
992,72549.65653744599,72831.765491687,281.64778455000487,10000,2500
993,72549.656637446,72832.073754839,282.108864490001,10000,2500
994,72549.656737446,72832.473579658,282.4170288979949,10000,2500
995,72549.65683744599,72832.75310248,282.816748000012,10000,2500
996,72549.656937446,72833.056083306,283.0961708540126,10000,2500
997,72549.657037446,72833.295393901,283.3990590070025,10000,2500
998,72549.65713744599,72833.67844147,283.638268714014,10000,2500
999,72549.657237446,72833.951101506,284.02121273100784,10000,2500
1000,72549.657337446,72834.296371218,284.293779797008,10000,2500
1001,72549.65743744599,72834.658710267,284.638939706012,10000,2500
1002,72549.657537446,72835.220444368,285.0011822950037,10000,2500
1003,72549.657637446,72835.624560262,285.562817633996,10000,2500
1004,72549.65773744599,72835.84678356,285.9668336030154,10000,2500
1005,72549.657837446,72836.062816129,286.1889578370028,10000,2500
1006,72549.657937446,72836.302527592,286.4048937619955,10000,2500
1007,72549.65803744599,72836.570068738,286.6444957100175,10000,2500
1008,72549.658137446,72836.910894441,286.9119465320109,10000,2500
1009,72549.658237446,72837.140990434,287.25266259700584,10000,2500
1010,72549.65833744599,72837.379595313,287.4826589560107,10000,2500
1011,72549.65843744599,72837.62773211,287.72116541600553,10000,2500
1012,72549.658537446,72838.085794951,287.96920022300037,10000,2500
1013,72549.65863744599,72838.329441852,288.4271640690131,10000,2500
1014,72549.65873744599,72838.540370347,288.6707098120096,10000,2500
1015,72549.658837446,72838.748857882,288.88153882800543,10000,2500
1016,72549.65893744599,72838.975585875,289.08993025701784,10000,2500
1017,72549.65903744599,72839.185384251,289.31655393500114,10000,2500
1018,72549.659137446,72839.438557169,289.5262526419974,10000,2500
1019,72549.65923744599,72839.727733715,289.77933276901604,10000,2500
1020,72549.65933744599,72839.938612034,290.0684023210051,10000,2500
1021,72549.659437446,72840.230053911,290.2791804849985,10000,2500
1022,72549.65953744599,72840.429386127,290.5705234280176,10000,2500
1023,72549.65963744599,72840.682231452,290.7697558730142,10000,2500
1024,72549.659737446,72840.941079383,291.0225000920036,10000,2500
1025,72549.65983744599,72841.180511535,291.28124784601096,10000,2500
1026,72549.65993744599,72841.426816488,291.5205842300056,10000,2500
1027,72549.660037446,72841.743146602,291.7667846270051,10000,2500
1028,72549.66013744599,72841.955749158,292.08302215501317,10000,2500
1029,72549.66023744599,72842.225152205,292.29551765900396,10000,2500
1030,72549.660337446,72842.502506937,292.56482134699763,10000,2500
1031,72549.66043744599,72842.84796443,292.84207660400716,10000,2500
1032,72549.66053744599,72843.204090621,293.1874329340062,10000,2500
1033,72549.660637446,72843.573886668,293.54347243100347,10000,2500
1034,72549.660737446,72844.030165849,293.9131627129973,10000,2500
1035,72549.66083744599,72844.25894466,294.3693382560159,10000,2500
1036,72549.660937446,72844.490786483,294.5980158739985,10000,2500
1037,72549.661037446,72844.729923272,294.829761504996,10000,2500
1038,72549.66113744599,72844.984706455,295.06879705500614,10000,2500
1039,72549.661237446,72845.220905362,295.3234746750095,10000,2500
1040,72549.661337446,72845.560455697,295.5595794249966,10000,2500
1041,72549.66143744599,72845.896356136,295.89903213801153,10000,2500
1042,72549.661537446,72846.160704594,296.2348250280047,10000,2500
1043,72549.661637446,72846.4769424,296.4990728470002,10000,2500
1044,72549.66173744599,72847.01281994,296.8152181440091,10000,2500
1045,72549.661837446,72847.33167759,297.35098853900854,10000,2500
1046,72549.661937446,72847.543627046,297.66974617099913,10000,2500
1047,72549.66203744599,72847.765932275,297.8815955470054,10000,2500
1048,72549.662137446,72848.037305924,298.10381200700067,10000,2500
1049,72549.662237446,72848.759753182,298.37507500000356,10000,2500
1050,72549.66233744599,72848.973966427,299.09743257901573,10000,2500
1051,72549.662437446,72849.293446302,299.3115349980071,10000,2500
1052,72549.662537446,72849.579187272,299.6309150300076,10000,2500
1053,72549.66263744599,72849.789499297,299.9165556840162,10000,2500
1054,72549.662737446,72850.046791674,300.1267677440046,10000,2500
1055,72549.662837446,72850.280806696,300.383961561005,10000,2500
1056,72549.66293744599,72850.497349456,300.61788529201294,10000,2500
1057,72549.663037446,72850.700353838,300.83432407501095,10000,2500
1058,72549.663137446,72850.912900978,301.0372237870033,10000,2500
1059,72549.66323744599,72851.135992824,301.24967585700506,10000,2500
1060,72549.66333744599,72851.347126191,301.47266682900954,10000,2500
1061,72549.663437446,72851.72569906,301.6837020649982,10000,2500
1062,72549.66353744599,72851.938010764,302.0621675450093,10000,2500
1063,72549.66363744599,72852.142220095,302.27437928901054,10000,2500
1064,72549.663737446,72852.393705696,302.47849582899653,10000,2500
1065,72549.66383744599,72852.601160741,302.7298740830156,10000,2500
1066,72549.66393744599,72852.889513706,302.9372366930038,10000,2500
1067,72549.664037446,72853.187865536,303.22548247899977,10000,2500
1068,72549.66413744599,72853.594190956,303.52373752501444,10000,2500
1069,72549.66423744599,72853.809893723,303.92995920400426,10000,2500
1070,72549.664337446,72854.087117785,304.14556840799924,10000,2500
1071,72549.66443744599,72854.301075255,304.42268881300697,10000,2500
1072,72549.66453744599,72854.59571221,304.63655016401026,10000,2500
1073,72549.664637446,72854.817720314,304.93109006200393,10000,2500
1074,72549.66473744599,72855.138952253,305.1529973230208,10000,2500
1075,72549.66483744599,72855.448026738,305.4741205830069,10000,2500
1076,72549.664937446,72855.658948127,305.78309507400263,10000,2500
1077,72549.66503744599,72855.930489538,305.99392315100704,10000,2500
1078,72549.66513744599,72856.183338337,306.26536176800437,10000,2500
1079,72549.665237446,72856.412658653,306.518115769999,10000,2500
1080,72549.66533744599,72856.696665953,306.7473333430098,10000,2500
1081,72549.66543744599,72856.921147003,307.0312501250155,10000,2500
1082,72549.665537446,72857.193427296,307.2556235180091,10000,2500
1083,72549.665637446,72857.430970877,307.5278019079997,10000,2500
1084,72549.66573744599,72857.647980012,307.76524278400757,10000,2500
1085,72549.665837446,72858.064076985,307.9821561340068,10000,2500
1086,72549.665937446,72858.352064003,308.3981534969935,10000,2500
1087,72549.66603744599,72858.594475342,308.68603280700336,10000,2500
1088,72549.666137446,72858.928115084,308.92834472800314,10000,2500
1089,72549.666237446,72859.167095911,309.2618903149996,10000,2500
1090,72549.66633744599,72859.405742101,309.5007643800054,10000,2500
1091,72549.666437446,72859.742112617,309.73932365101064,10000,2500
1092,72549.666537446,72859.971391144,310.075589236003,10000,2500
1093,72549.66663744599,72860.519770493,310.30476687601185,10000,2500
1094,72549.666737446,72860.775239334,310.85304527101107,10000,2500
1095,72549.666837446,72861.027818945,311.10840768300113,10000,2500
1096,72549.66693744599,72861.366221434,311.3608885050053,10000,2500
1097,72549.667037446,72861.674397789,311.69919662500615,10000,2500
1098,72549.667137446,72861.954275488,312.0072675889969,10000,2500
1099,72549.66723744599,72862.197412542,312.28704903101607,10000,2500
1100,72549.667337446,72862.444287365,312.530103712008,10000,2500
1101,72549.667437446,72862.6859406,312.77685592700436,10000,2500
1102,72549.66753744599,72863.255251536,313.01840876901406,10000,2500
1103,72549.667637446,72863.555373211,313.58762838400435,10000,2500
1104,72549.667737446,72863.7726275,313.88764157600235,10000,2500
1105,72549.66783744599,72864.014227142,314.10479676201066,10000,2500
1106,72549.66793744599,72864.357577214,314.34630154700426,10000,2500
1107,72549.668037446,72864.598883898,314.6895535290096,10000,2500
1108,72549.66813744599,72864.806034609,314.93075881501136,10000,2500
1109,72549.66823744599,72865.076291087,315.1378093880048,10000,2500
1110,72549.668337446,72865.297445779,315.40796753400355,10000,2500
1111,72549.66843744599,72865.766440357,315.6290147630061,10000,2500
1112,72549.66853744599,72865.991070494,316.09791146501084,10000,2500
1113,72549.668637446,72866.375199245,316.3224465960084,10000,2500
1114,72549.66873744599,72866.652963853,316.70647421400645,10000,2500
1115,72549.66883744599,72867.09557181,316.98414114900515,10000,2500
1116,72549.668937446,72867.433352049,317.42664277000586,10000,2500
1117,72549.66903744599,72867.950716949,317.76432083502004,10000,2500
1118,72549.66913744599,72868.221611317,318.2815879460104,10000,2500
1119,72549.669237446,72868.482944367,318.55237971100723,10000,2500
1120,72549.66933744599,72868.755673867,318.8136189250072,10000,2500
1121,72549.66943744599,72868.969967128,319.08624330301245,10000,2500
1122,72549.669537446,72869.176206493,319.3004398000048,10000,2500
1123,72549.66963744599,72869.415049773,319.50657876401965,10000,2500
1124,72549.66973744599,72869.654684351,319.7453194450063,10000,2500
1125,72549.669837446,72869.889585032,319.98485678600264,10000,2500
1126,72549.66993744599,72870.146575688,320.2196548540087,10000,2500
1127,72549.67003744599,72870.615545173,320.47655147200567,10000,2500
1128,72549.670137446,72870.825523076,320.9454166729993,10000,2500
1129,72549.67023744599,72871.067596656,321.15529138201964,10000,2500
1130,72549.67033744599,72871.293970808,321.3972721290047,10000,2500
1131,72549.670437446,72871.654120362,321.62354073900497,10000,2500
1132,72549.670537446,72871.870858091,321.98361403800664,10000,2500
1133,72549.67063744599,72872.248139053,322.20023830501304,10000,2500
1134,72549.670737446,72872.475374367,322.5774136320106,10000,2500
1135,72549.670837446,72872.67796655,322.8045505750051,10000,2500
1136,72549.67093744599,72872.946066479,323.0070353040064,10000,2500
1137,72549.671037446,72873.331801339,323.2750415199989,10000,2500
1138,72549.671137446,72873.619565211,323.6606750149949,10000,2500
1139,72549.67123744599,72873.872864231,323.9483341330051,10000,2500
1140,72549.671337446,72874.164725522,324.2015395070048,10000,2500
1141,72549.671437446,72874.412285612,324.4933013349946,10000,2500
1142,72549.67153744599,72874.632720453,324.74075390600774,10000,2500
1143,72549.671637446,72874.910539625,324.96109607900144,10000,2500
1144,72549.671737446,72875.194324184,325.23880805799854,10000,2500
1145,72549.67183744599,72875.400262541,325.5224997080077,10000,2500
1146,72549.671937446,72875.615594963,325.7283308460028,10000,2500
1147,72549.672037446,72875.848286976,325.94357048800157,10000,2500
1148,72549.67213744599,72876.164857312,326.17616502601595,10000,2500
1149,72549.672237446,72876.506055629,326.4926261010114,10000,2500
1150,72549.672337446,72876.795902752,326.83373078399745,10000,2500
1151,72549.67243744599,72877.011798841,327.12348185000883,10000,2500
1152,72549.672537446,72877.231244248,327.3392753950029,10000,2500
1153,72549.672637446,72877.466614011,327.5586135430058,10000,2500
1154,72549.67273744599,72877.752340786,327.7938827210164,10000,2500
1155,72549.67283744599,72877.969248657,328.0795091750042,10000,2500
1156,72549.672937446,72878.406469715,328.29632530000526,10000,2500
1157,72549.67303744599,72878.690766255,328.73343833301624,10000,2500
1158,72549.67313744599,72879.226733535,329.0176411510038,10000,2500
1159,72549.673237446,72879.654150934,329.5535018829978,10000,2500
1160,72549.67333744599,72880.396850551,329.9808290360088,10000,2500
1161,72549.67343744599,72880.614906615,330.7234191850148,10000,2500
1162,72549.673537446,72881.006822809,330.94138396999915,10000,2500
1163,72549.67363744599,72881.219289363,331.33319243601,10000,2500
1164,72549.67373744599,72881.548880554,331.5455642910092,10000,2500
1165,72549.673837446,72881.927436577,331.8750539540051,10000,2500
1166,72549.67393744599,72882.153659964,332.25351213001704,10000,2500
1167,72549.67403744599,72882.365626435,332.4796285140037,10000,2500
1168,72549.674137446,72882.641436703,332.69150193899986,10000,2500
1169,72549.67423744599,72882.970069861,332.96720532901236,10000,2500
1170,72549.67433744599,72883.20069835,333.2957418920123,10000,2500
1171,72549.674437446,72883.498265854,333.52626708000025,10000,2500
1172,72549.67453744599,72883.728111732,333.8237361420179,10000,2500
1173,72549.67463744599,72884.418266576,334.0534840740147,10000,2500
1174,72549.674737446,72884.68718407,334.743536029011,10000,2500
1175,72549.67483744599,72884.922078297,335.01235298901156,10000,2500
1176,72549.67493744599,72885.1516411,335.24714740601485,10000,2500
1177,72549.675037446,72885.391518974,335.47661025900743,10000,2500
1178,72549.675137446,72885.668537218,335.7163890889933,10000,2500
1179,72549.67523744599,72885.87241189,335.9933073780121,10000,2500
1180,72549.675337446,72886.129972527,336.1970811390056,10000,2500
1181,72549.675437446,72886.360095606,336.454541330997,10000,2500
1182,72549.67553744599,72886.638339634,336.6845663470158,10000,2500
1183,72549.675637446,72886.915484092,336.96270768600516,10000,2500
1184,72549.675737446,72887.160888386,337.239752983005,10000,2500
1185,72549.67583744599,72887.362694842,337.4850569290138,10000,2500
1186,72549.675937446,72887.621767036,337.68676456200774,10000,2500
1187,72549.676037446,72887.860225245,337.94574339500105,10000,2500
1188,72549.67613744599,72888.101799803,338.1840997150139,10000,2500
1189,72549.676237446,72888.409096382,338.42556829200475,10000,2500
1190,72549.676337446,72888.872823856,338.7327734690043,10000,2500
1191,72549.67643744599,72889.093652272,339.1963923410076,10000,2500
1192,72549.676537446,72889.341717527,339.4171289190126,10000,2500
1193,72549.676637446,72889.594523746,339.66508628700103,10000,2500
1194,72549.67673744599,72889.913868777,339.9177920830116,10000,2500
1195,72549.676837446,72890.121409849,340.2370440049999,10000,2500
1196,72549.676937446,72890.345290805,340.4444785079977,10000,2500
1197,72549.67703744599,72890.566959568,340.6682680690137,10000,2500
1198,72549.677137446,72890.792524937,340.88982830800524,10000,2500
1199,72549.677237446,72891.228846456,341.11530167399906,10000,2500
1200,72549.67733744599,72891.496006128,341.5515272740158,10000,2500
1201,72549.677437446,72891.700937686,341.8185830390139,10000,2500
1202,72549.677537446,72891.905872136,342.0234056850022,10000,2500
1203,72549.67763744599,72892.204490139,342.22824085601314,10000,2500
1204,72549.67773744599,72892.532829374,342.52675946800446,10000,2500
1205,72549.677837446,72892.781306827,342.8550050199992,10000,2500
1206,72549.67793744599,72893.012602326,343.10337529600656,10000,2500
1207,72549.67803744599,72893.225398181,343.3345799680101,10000,2500
1208,72549.678137446,72893.61838945,343.54727979100426,10000,2500
1209,72549.67823744599,72893.833298637,343.94016075001855,10000,2500
1210,72549.67833744599,72894.281317383,344.1549803990056,10000,2500
1211,72549.678437446,72894.534533046,344.6028895089985,10000,2500
1212,72549.67853744599,72894.748261206,344.85600843701104,10000,2500
1213,72549.67863744599,72895.031456313,345.06963270300184,10000,2500
1214,72549.678737446,72895.306769763,345.35272764399997,10000,2500
1215,72549.67883744599,72895.569452654,345.62794109802053,10000,2500
1216,72549.67893744599,72895.802708373,345.8905237220024,10000,2500
1217,72549.679037446,72896.115573739,346.12367814000754,10000,2500
1218,72549.67913744599,72896.474652236,346.43645052801,10000,2500
1219,72549.67923744599,72896.719065559,346.7954295390082,10000,2500
1220,72549.679337446,72897.02441669,347.03974465200736,10000,2500
1221,72549.67943744599,72897.831456597,347.344985179021,10000,2500
1222,72549.67953744599,72898.10488439,348.1519249170087,10000,2500
1223,72549.679637446,72898.323345949,348.4252529580117,10000,2500
1224,72549.67973744599,72898.609997102,348.64361449000717,10000,2500
1225,72549.67983744599,72898.817271979,348.9301683100057,10000,2500
1226,72549.679937446,72899.043872961,349.1373403769976,10000,2500
1227,72549.680037446,72899.270096718,349.3638413830049,10000,2500
1228,72549.68013744599,72899.716610538,349.5899651600048,10000,2500
1229,72549.680237446,72900.074864869,350.03637978500046,10000,2500
1230,72549.680337446,72900.307440582,350.3945338699996,10000,2500
1231,72549.68043744599,72900.540555209,350.6270092770137,10000,2500
1232,72549.680537446,72900.85210247,350.8600251470052,10000,2500
1233,72549.680637446,72901.13602853,351.17147751600714,10000,2500
1234,72549.68073744599,72901.357187017,351.45530290600436,10000,2500
1235,72549.680837446,72901.600692153,351.67635554300796,10000,2500
1236,72549.680937446,72901.892697945,351.91977151299943,10000,2500
1237,72549.68103744599,72902.167437273,352.211672689009,10000,2500
1238,72549.681137446,72902.520198879,352.486306153005,10000,2500
1239,72549.681237446,72902.733669519,352.83897105400683,10000,2500
1240,72549.68133744599,72902.985252262,353.0523382930114,10000,2500
1241,72549.681437446,72903.255724925,353.3038206330093,10000,2500
1242,72549.681537446,72903.464678356,353.5742015910073,10000,2500
1243,72549.68163744599,72903.76176972,353.7830471500056,10000,2500
1244,72549.681737446,72904.039399537,354.0800381730078,10000,2500
1245,72549.681837446,72904.309069719,354.35757613700116,10000,2500
1246,72549.68193744599,72904.551078679,354.62713930400787,10000,2500
1247,72549.682037446,72904.916553393,354.8690482439997,10000,2500
1248,72549.682137446,72905.148115831,355.234422420006,10000,2500
1249,72549.68223744599,72905.407749963,355.4658934610052,10000,2500
1250,72549.682337446,72905.655924908,355.72541856000316,10000,2500
1251,72549.682437446,72905.942236858,355.97349823100376,10000,2500
1252,72549.68253744599,72906.174298046,356.259705117016,10000,2500
1253,72549.68263744599,72906.408923697,356.49166660101037,10000,2500
1254,72549.682737446,72906.683164084,356.7261918830045,10000,2500
1255,72549.68283744599,72906.897119614,357.0003401690192,10000,2500
1256,72549.68293744599,72907.186752761,357.2141982620087,10000,2500
1257,72549.683037446,72907.48432012,357.5037287890009,10000,2500
1258,72549.68313744599,72907.714745305,357.8011884310108,10000,2500
1259,72549.68323744599,72907.959626667,358.0315216200106,10000,2500
1260,72549.683337446,72908.281610076,358.2763036789984,10000,2500
1261,72549.68343744599,72908.687054514,358.59818788801203,10000,2500
1262,72549.68353744599,72909.049231252,359.0035309960076,10000,2500
1263,72549.683637446,72909.307628063,359.36560790101066,10000,2500
1264,72549.68373744599,72909.542061297,359.6239015900064,10000,2500
1265,72549.68383744599,72909.796216235,359.8582328820048,10000,2500
1266,72549.683937446,72910.057324356,360.11228478100384,10000,2500
1267,72549.68403744599,72910.339567359,360.373301042011,10000,2500
1268,72549.68413744599,72910.558321069,360.6554363400064,10000,2500
1269,72549.684237446,72910.795272058,360.87408975600556,10000,2500
1270,72549.68433744599,72911.130103069,361.1109405590105,10000,2500
1271,72549.68443744599,72911.475393276,361.4456809780095,10000,2500
1272,72549.684537446,72911.698138507,361.79086172999814,10000,2500
1273,72549.68463744599,72911.919093611,362.0135071050172,10000,2500
1274,72549.68473744599,72912.211230327,362.2343616390135,10000,2500
1275,72549.684837446,72912.554153755,362.52639881300274,10000,2500
1276,72549.684937446,72912.769310838,362.86922198400134,10000,2500
1277,72549.68503744599,72913.289212037,363.0842795500066,10000,2500
1278,72549.685137446,72913.547077483,363.6040804140066,10000,2500
1279,72549.685237446,72913.907697171,363.86184625400347,10000,2500
1280,72549.68533744599,72914.12553779,364.2223657350114,10000,2500
1281,72549.685437446,72914.526011798,364.4401064410049,10000,2500
1282,72549.685537446,72914.942910922,364.8404801010038,10000,2500
1283,72549.68563744599,72915.250353732,365.257279182013,10000,2500
1284,72549.685737446,72915.465647213,365.5646229440026,10000,2500
1285,72549.685837446,72915.827205165,365.7798245379963,10000,2500
1286,72549.68593744599,72916.09878848,366.1412736060156,10000,2500
1287,72549.686037446,72916.310858564,366.41275791400403,10000,2500
1288,72549.686137446,72916.555450855,366.6247274960042,10000,2500
1289,72549.68623744599,72916.7914561,366.8692252380133,10000,2500
1290,72549.686337446,72917.097020572,367.1051333550131,10000,2500
1291,72549.686437446,72917.326226517,367.41058888699627,10000,2500
1292,72549.68653744599,72917.749624211,367.6396956580138,10000,2500
1293,72549.686637446,72917.96553347,368.06299580199993,10000,2500
1294,72549.686737446,72918.234149359,368.2788018529973,10000,2500
1295,72549.68683744599,72918.449429542,368.54732480301755,10000,2500
1296,72549.686937446,72918.80353576,368.7625070660142,10000,2500
1297,72549.687037446,72919.020787201,369.1165076729958,10000,2500
1298,72549.68713744599,72919.265173353,369.33366263900825,10000,2500
1299,72549.68723744599,72919.524164418,369.5779416470032,10000,2500
1300,72549.687337446,72919.761959564,369.8368605150026,10000,2500
1301,72549.68743744599,72920.130879899,370.0745359180146,10000,2500
1302,72549.68753744599,72920.389988602,370.443349195004,10000,2500
1303,72549.687637446,72920.642658907,370.70235702200443,10000,2500
1304,72549.68773744599,72920.903277325,370.9549277650076,10000,2500
1305,72549.68783744599,72921.138164819,371.2154533800058,10000,2500
1306,72549.687937446,72921.565193618,371.4502331130061,10000,2500
1307,72549.68803744599,72921.787002813,371.877169067011,10000,2500
1308,72549.68813744599,72922.046819583,372.0988722230104,10000,2500
1309,72549.688237446,72922.266926725,372.35858807200566,10000,2500
1310,72549.68833744599,72922.599157942,372.5785954820167,10000,2500
1311,72549.68843744599,72922.843259403,372.91073517101177,10000,2500
1312,72549.688537446,72923.094814668,373.15472845300974,10000,2500
1313,72549.68863744599,72923.339033519,373.4061887610151,10000,2500
1314,72549.68873744599,72923.608948935,373.65030944500177,10000,2500
1315,72549.688837446,72923.821856646,373.92012228899694,10000,2500
1316,72549.68893744599,72924.101058755,374.13292943302076,10000,2500
1317,72549.68903744599,72924.326997231,374.4120357960055,10000,2500
1318,72549.689137446,72924.585348114,374.6378694570012,10000,2500
1319,72549.68923744599,72924.849248464,374.89611648801656,10000,2500
1320,72549.68933744599,72925.294486521,375.15992460300913,10000,2500
1321,72549.689437446,72925.508490495,375.6050547550112,10000,2500
1322,72549.68953744599,72925.725107549,375.81896744800906,10000,2500
1323,72549.68963744599,72925.970335941,376.03547602600884,10000,2500
1324,72549.689737446,72926.206059953,376.2806041779986,10000,2500
1325,72549.689837446,72926.507394022,376.51623589900555,10000,2500
1326,72549.68993744599,72926.720612242,376.81746273201134,10000,2500
1327,72549.690037446,72926.953199006,377.03058054200665,10000,2500
1328,72549.690137446,72927.18490484,377.2630675810069,10000,2500
1329,72549.69023744599,72927.502227636,377.49467388901394,10000,2500
1330,72549.690337446,72928.126796258,377.8119023340114,10000,2500
1331,72549.690437446,72928.543205553,378.43636513700767,10000,2500
1332,72549.69053744599,72928.790947106,378.8526739130175,10000,2500
1333,72549.690637446,72929.062184056,379.10032491901075,10000,2500
1334,72549.690737446,72929.445439396,379.37146033599856,10000,2500
1335,72549.69083744599,72929.728521378,379.75461168000766,10000,2500
1336,72549.690937446,72929.976982518,380.0375899990031,10000,2500
1337,72549.691037446,72930.518310301,380.28596002599807,10000,2500
1338,72549.69113744599,72930.777740243,380.8271858130174,10000,2500
1339,72549.691237446,72931.043761088,381.08650953100005,10000,2500
1340,72549.691337446,72931.264215743,381.3524377069989,10000,2500
1341,72549.69143744599,72931.484334663,381.5727969050058,10000,2500
1342,72549.691537446,72931.838424948,381.792810569008,10000,2500
1343,72549.691637446,72932.059180327,382.14679340699513,10000,2500
1344,72549.69173744599,72932.272627126,382.36745020301896,10000,2500
1345,72549.691837446,72932.559938832,382.5807954940101,10000,2500
1346,72549.691937446,72932.845740449,382.86801588200615,10000,2500
1347,72549.69203744599,72933.173674686,383.15370907701435,10000,2500
1348,72549.69213744599,72933.448862386,383.4815432870091,10000,2500
1349,72549.692237446,72933.67181323,383.75663086499844,10000,2500
1350,72549.69233744599,72933.999841872,383.9794907910109,10000,2500
1351,72549.69243744599,72934.466025065,384.307419269011,10000,2500
1352,72549.692537446,72934.677656839,384.7734938850044,10000,2500
1353,72549.69263744599,72934.901313961,384.9850312040071,10000,2500
1354,72549.69273744599,72935.189425417,385.20858243601106,10000,2500
1355,72549.692837446,72935.484249839,385.49659395100025,10000,2500
1356,72549.69293744599,72935.734804539,385.7913193840068,10000,2500
1357,72549.69303744599,72935.949106786,386.04178068001056,10000,2500
1358,72549.693137446,72936.263119003,386.2559769970103,10000,2500
1359,72549.69323744599,72936.489074651,386.56988734501647,10000,2500
1360,72549.69333744599,72936.747787137,386.79574503201,10000,2500
1361,72549.693437446,72936.959861103,387.05435516301077,10000,2500
1362,72549.69353744599,72937.267766264,387.26632975501707,10000,2500
1363,72549.69363744599,72937.51792743,387.57413489300234,10000,2500
1364,72549.693737446,72937.809259822,387.8241983540065,10000,2500
1365,72549.69383744599,72938.081318571,388.1154309230187,10000,2500
1366,72549.69393744599,72938.388413431,388.3873907910165,10000,2500
1367,72549.694037446,72938.627015446,388.694384611008,10000,2500
1368,72549.69413744599,72938.878113529,388.932896747021,10000,2500
1369,72549.69423744599,72939.116788159,389.18388918701385,10000,2500
1370,72549.694337446,72939.400476983,389.42245633300627,10000,2500
1371,72549.694437446,72939.685197785,389.7060461140063,10000,2500
1372,72549.69453744599,72939.972414461,389.99066615401534,10000,2500
1373,72549.694637446,72940.363779961,390.2777844490047,10000,2500
1374,72549.694737446,72940.610351565,390.669048249998,10000,2500
1375,72549.69483744599,72940.892769785,390.9155283810105,10000,2500
1376,72549.694937446,72941.225010725,391.19783820600423,10000,2500
1377,72549.695037446,72941.448547142,391.52998507299344,10000,2500
1378,72549.69513744599,72941.814776525,391.7534237610089,10000,2500
1379,72549.695237446,72942.081247542,392.11955183401005,10000,2500
1380,72549.695337446,72942.374852196,392.38592235700344,10000,2500
1381,72549.69543744599,72942.62464905,392.67942252900684,10000,2500
1382,72549.695537446,72942.846361523,392.92912168300245,10000,2500
1383,72549.695637446,72943.087536574,393.1507303260005,10000,2500
1384,72549.69573744599,72943.387255387,393.3918116820132,10000,2500
1385,72549.695837446,72943.624922156,393.6914270929992,10000,2500
1386,72549.695937446,72943.827231732,393.9289904470061,10000,2500
1387,72549.69603744599,72944.056271465,394.13120088601136,10000,2500
1388,72549.696137446,72944.345261272,394.36013969501073,10000,2500
1389,72549.696237446,72944.839776989,394.6490310030058,10000,2500
1390,72549.69633744599,72945.090216276,395.1434454340051,10000,2500
1391,72549.696437446,72945.471916951,395.3937909100059,10000,2500
1392,72549.696537446,72945.730258085,395.77538518099755,10000,2500
1393,72549.69663744599,72946.007050321,396.03362736101553,10000,2500
1394,72549.696737446,72946.242828132,396.31031994801015,10000,2500
1395,72549.696837446,72946.467009762,396.54600507899886,10000,2500
1396,72549.69693744599,72946.691933134,396.7700798830192,10000,2500
1397,72549.69703744599,72946.988612738,396.99490330400295,10000,2500
1398,72549.697137446,72947.206592385,397.29148162600177,10000,2500
1399,72549.69723744599,72947.509246261,397.5093694610114,10000,2500
1400,72549.69733744599,72947.779032149,397.811925550006,10000,2500
1401,72549.697437446,72947.983137427,398.0816077040072,10000,2500
1402,72549.69753744599,72948.263557701,398.2856078740151,10000,2500
1403,72549.69763744599,72948.509166116,398.5659280270047,10000,2500
1404,72549.697737446,72948.763450725,398.8114345970098,10000,2500
1405,72549.69783744599,72949.038559804,399.06561926502036,10000,2500
1406,72549.69793744599,72949.559765008,399.340629799015,10000,2500
1407,72549.698037446,72949.763542274,399.8617360979988,10000,2500
1408,72549.69813744599,72950.061011448,400.06541104801,10000,2500
1409,72549.69823744599,72950.291809738,400.3627803080017,10000,2500
1410,72549.698337446,72950.523282111,400.593485771009,10000,2500
1411,72549.69843744599,72950.969373046,400.82485516801535,10000,2500
1412,72549.69853744599,72951.183621629,401.2708415990055,10000,2500
1413,72549.698637446,72951.450561009,401.4849898079992,10000,2500
1414,72549.69873744599,72951.697656386,401.7518293140165,10000,2500
1415,72549.69883744599,72951.919286425,401.99883117800346,10000,2500
1416,72549.698937446,72952.135819985,402.2203609930002,10000,2500
1417,72549.69903744599,72952.369688622,402.4367888940178,10000,2500
1418,72549.69913744599,72952.666004535,402.67055787901336,10000,2500
1419,72549.699237446,72952.925950727,402.9667799380113,10000,2500
1420,72549.699337446,72953.186234654,403.22662484800094,10000,2500
1421,72549.69943744599,72953.469520607,403.4868036190164,10000,2500
1422,72549.699537446,72953.796070622,403.7699969200039,10000,2500
1423,72549.699637446,72954.080064298,404.09644617499725,10000,2500
1424,72549.69973744599,72954.300944615,404.380333765017,10000,2500
1425,72549.699837446,72954.518207003,404.6011191160069,10000,2500
1426,72549.699937446,72954.86918672,404.81828302099893,10000,2500
1427,72549.70003744599,72955.097512516,405.16916201201093,10000,2500
1428,72549.700137446,72955.504044055,405.3973810989992,10000,2500
1429,72549.700237446,72955.755054744,405.8038207759964,10000,2500
1430,72549.70033744599,72955.971041641,406.0547259670129,10000,2500
1431,72549.700437446,72956.270441809,406.27061033000064,10000,2500
1432,72549.700537446,72956.532812122,406.56991144199856,10000,2500
1433,72549.70063744599,72956.867665693,406.8321874930116,10000,2500
1434,72549.700737446,72957.164486869,407.1669440350088,10000,2500
1435,72549.700837446,72957.379988551,407.4636572080053,10000,2500
1436,72549.70093744599,72957.967107308,407.6790694240044,10000,2500
1437,72549.701037446,72958.313377881,408.2660761280131,10000,2500
1438,72549.701137446,72958.524376912,408.61224686600326,10000,2500
1439,72549.70123744599,72958.792435061,408.8231503580173,10000,2500
1440,72549.701337446,72959.046968472,409.09111478300474,10000,2500
1441,72549.701437446,72959.38134661,409.34554376300366,10000,2500
1442,72549.70153744599,72959.662927241,409.6798153870186,10000,2500
1443,72549.70163744599,72959.948780324,409.9613015910145,10000,2500
1444,72549.701737446,72960.290714459,410.2470492590073,10000,2500
1445,72549.70183744599,72960.565284254,410.58888531301636,10000,2500
1446,72549.70193744599,72960.798915621,410.863353068009,10000,2500
1447,72549.702037446,72961.003011627,411.09688473001006,10000,2500
1448,72549.70213744599,72961.230839265,411.30088491301285,10000,2500
1449,72549.70223744599,72961.4578896,411.5286085560074,10000,2500
1450,72549.702337446,72961.733717791,411.755559969999,10000,2500
1451,72549.70243744599,72961.979789335,412.0312861550192,10000,2500
1452,72549.70253744599,72962.257259784,412.2772585650091,10000,2500
1453,72549.702637446,72962.603180726,412.5546364460024,10000,2500
1454,72549.70273744599,72962.90281903,412.9004496000125,10000,2500
1455,72549.70283744599,72963.190872169,413.1999942810071,10000,2500
1456,72549.702937446,72963.448445135,413.48794076500053,10000,2500
1457,72549.70303744599,72963.762801353,413.74542313901475,10000,2500
1458,72549.70313744599,72964.032880938,414.05966981001256,10000,2500
1459,72549.703237446,72964.284686772,414.32965713200974,10000,2500
1460,72549.70333744599,72964.541401403,414.58135500001663,10000,2500
1461,72549.70343744599,72964.766223076,414.83798220500466,10000,2500
1462,72549.703537446,72964.981925467,415.0627048840106,10000,2500
1463,72549.70363744599,72965.249106743,415.2782941060141,10000,2500
1464,72549.70373744599,72965.456651364,415.54537492300733,10000,2500
1465,72549.703837446,72965.665753188,415.7528206350107,10000,2500
1466,72549.70393744599,72965.87496611,415.9618221740093,10000,2500
1467,72549.70403744599,72966.102544251,416.1709370140161,10000,2500
1468,72549.704137446,72966.40194394,416.39841466500366,10000,2500
1469,72549.704237446,72966.621817438,416.69771355400735,10000,2500
1470,72549.70433744599,72966.911919983,416.9174874640157,10000,2500
1471,72549.704437446,72967.140205442,417.2074918520084,10000,2500
1472,72549.704537446,72967.417158479,417.4356742520031,10000,2500
1473,72549.70463744599,72967.681442366,417.7125269750104,10000,2500
1474,72549.704737446,72967.995947914,417.9767134760041,10000,2500
1475,72549.704837446,72968.261279831,418.29111606600054,10000,2500
1476,72549.70493744599,72968.544157283,418.5563558580179,10000,2500
1477,72549.705037446,72968.836907749,418.83912541301106,10000,2500
1478,72549.705137446,72969.08726834,419.1317792320042,10000,2500
1479,72549.70523744599,72969.333831639,419.38203717401484,10000,2500
1480,72549.705337446,72969.601744718,419.62851162800507,10000,2500
1481,72549.705437446,72969.975323393,419.8963220010046,10000,2500
1482,72549.70553744599,72970.196849005,420.2697973220056,10000,2500
1483,72549.705637446,72970.420480477,420.4912244670122,10000,2500
1484,72549.705737446,72970.647944927,420.71475431200815,10000,2500
1485,72549.70583744599,72970.878073659,420.9421164400119,10000,2500
1486,72549.705937446,72971.254658007,421.1721440990077,10000,2500
1487,72549.706037446,72971.464919148,421.54862949800736,10000,2500
1488,72549.70613744599,72971.668053105,421.7587901460065,10000,2500
1489,72549.706237446,72971.873436635,421.96182459300326,10000,2500
1490,72549.706337446,72972.117033345,422.1671067580028,10000,2500
1491,72549.70643744599,72972.38433376,422.4106063530053,10000,2500
1492,72549.70653744599,72972.810454043,422.6778034270101,10000,2500
1493,72549.706637446,72973.123725098,423.1038257339969,10000,2500
1494,72549.70673744599,72973.684309818,423.4169956820115,10000,2500
1495,72549.70683744599,72973.908951799,423.97747973000514,10000,2500
1496,72549.706937446,72974.422445509,424.2020207230089,10000,2500
1497,72549.70703744599,72974.630211789,424.7154156410106,10000,2500
1498,72549.70713744599,72975.004703179,424.9230922590068,10000,2500
1499,72549.707237446,72975.341056849,425.2974772440066,10000,2500
1500,72549.70733744599,72975.548345631,425.6337413150177,10000,2500
1501,72549.70743744599,72975.882506163,425.8409156950074,10000,2500
1502,72549.707537446,72976.168473201,426.1749772480107,10000,2500
1503,72549.70763744599,72976.477460438,426.46084411600896,10000,2500
1504,72549.70773744599,72976.707116364,426.7697363130137,10000,2500
1505,72549.707837446,72976.911419451,426.9992860860075,10000,2500
1506,72549.70793744599,72977.221375818,427.2034897320118,10000,2500
1507,72549.70803744599,72977.420102631,427.51334408701223,10000,2500
1508,72549.708137446,72977.720781106,427.7119725060038,10000,2500
1509,72549.70823744599,72978.000406893,428.01255226001376,10000,2500
1510,72549.70833744599,72978.787721956,428.2920758360124,10000,2500
1511,72549.708437446,72979.046862349,429.07929709600285,10000,2500
1512,72549.70853744599,72979.321008418,429.338331284016,10000,2500
1513,72549.70863744599,72979.564244371,429.6123863510147,10000,2500
1514,72549.708737446,72979.906312683,429.8555196350062,10000,2500
1515,72549.708837446,72980.127091655,430.1974812739936,10000,2500
1516,72549.70893744599,72980.342975111,430.4181613430119,10000,2500
1517,72549.709037446,72980.644710461,430.6339503390045,10000,2500
1518,72549.709137446,72980.860271006,430.9355801290076,10000,2500
1519,72549.70923744599,72981.073708855,431.15104016101395,10000,2500
1520,72549.709337446,72981.295006394,431.3643773270014,10000,2500
1521,72549.709437446,72981.519279002,431.5855756600067,10000,2500
1522,72549.70953744599,72981.770370597,431.80975536101323,10000,2500
1523,72549.709637446,72982.068281157,432.0607398930006,10000,2500
1524,72549.709737446,72982.527390486,432.3585541890061,10000,2500
1525,72549.70983744599,72982.950279058,432.81756843000767,10000,2500
1526,72549.709937446,72983.207696067,433.24035531700065,10000,2500
1527,72549.710037446,72983.530725901,433.49766474499484,10000,2500
1528,72549.71013744599,72983.761823103,433.82060198200634,10000,2500
1529,72549.710237446,72984.069055807,434.051599273007,10000,2500
1530,72549.710337446,72984.405871806,434.3587274750025,10000,2500
1531,72549.71043744599,72984.630734109,434.69544733900693,10000,2500
1532,72549.710537446,72984.836497931,434.92020371800754,10000,2500
1533,72549.710637446,72985.074235767,435.12586929700046,10000,2500
1534,72549.71073744599,72985.356181353,435.36351483501494,10000,2500
1535,72549.710837446,72985.621041996,435.6453511800064,10000,2500
1536,72549.710937446,72985.838578497,435.91010988700145,10000,2500
1537,72549.71103744599,72986.058505991,436.12755517000915,10000,2500
1538,72549.711137446,72986.393732077,436.3473750000121,10000,2500
1539,72549.711237446,72986.658354477,436.68250522400194,10000,2500
1540,72549.71133744599,72986.929133825,436.9470259320078,10000,2500
1541,72549.71143744599,72987.223055658,437.21770935600216,10000,2500
1542,72549.711537446,72987.480084955,437.5115301670012,10000,2500
1543,72549.71163744599,72987.772945595,437.768458637016,10000,2500
1544,72549.71173744599,72988.056592141,438.06121616500604,10000,2500
1545,72549.711837446,72988.426211907,438.3447661530081,10000,2500
1546,72549.71193744599,72988.662822219,438.7142859860178,10000,2500
1547,72549.71203744599,72988.86297253,438.9507920360047,10000,2500
1548,72549.712137446,72989.094052965,439.150841982002,10000,2500
1549,72549.71223744599,72989.35302438,439.3818223640119,10000,2500
1550,72549.71233744599,72989.741577495,439.6406937640131,10000,2500
1551,72549.712437446,72989.9606655,440.029155805998,10000,2500
1552,72549.71253744599,72990.262604566,440.24813645101676,10000,2500
1553,72549.71263744599,72990.472245663,440.54998140700627,10000,2500
1554,72549.712737446,72990.862665881,440.7595156400057,10000,2500
1555,72549.71283744599,72991.291778842,441.14983592100907,10000,2500
1556,72549.71293744599,72991.611496671,441.5788473140128,10000,2500
1557,72549.713037446,72991.924992544,441.8984657109977,10000,2500
1558,72549.71313744599,72992.155495513,442.21186080301413,10000,2500
1559,72549.71323744599,72992.394158481,442.44227400500677,10000,2500
1560,72549.713337446,72992.77028073,442.6808274460054,10000,2500
1561,72549.71343744599,72992.979695284,443.0568514180195,10000,2500
1562,72549.71353744599,72993.225886188,443.2661656350101,10000,2500
1563,72549.713637446,72993.495016958,443.51225729,10000,2500
1564,72549.713737446,72993.73022021,443.78128691299935,10000,2500
1565,72549.71383744599,72993.981304689,444.0163920250052,10000,2500
1566,72549.713937446,72994.183150023,444.26737574199797,10000,2500
1567,72549.714037446,72994.410238509,444.46912146700197,10000,2500
1568,72549.71413744599,72995.126609244,444.696108965014,10000,2500
1569,72549.714237446,72995.413567998,445.4123825410061,10000,2500
1570,72549.714337446,72995.66564177,445.6992408810038,10000,2500
1571,72549.71443744599,72995.954675751,445.95121408300474,10000,2500
1572,72549.714537446,72996.258477611,446.24014553900633,10000,2500
1573,72549.714637446,72996.517890994,446.5438492770045,10000,2500
1574,72549.71473744599,72996.841771662,446.8031738800055,10000,2500
1575,72549.714837446,72997.145906174,447.1269413030095,10000,2500
1576,72549.714937446,72997.410413646,447.43097468400083,10000,2500
1577,72549.71503744599,72997.665557913,447.6953823040094,10000,2500
1578,72549.715137446,72998.06388002,447.95042806401034,10000,2500
1579,72549.715237446,72998.360423903,448.348649313004,10000,2500
1580,72549.71533744599,72998.577792726,448.64509419300884,10000,2500
1581,72549.715437446,72998.986403365,448.8623660260055,10000,2500
1582,72549.715537446,72999.289248868,449.2708747340075,10000,2500
1583,72549.71563744599,72999.626504965,449.5736309500062,10000,2500
1584,72549.715737446,72999.849296244,449.9107734260033,10000,2500
1585,72549.715837446,73000.18313951,450.13347565000004,10000,2500
1586,72549.71593744599,73000.410128772,450.46721377001086,10000,2500
1587,72549.71603744599,73000.717758664,450.69409766301396,10000,2500
1588,72549.716137446,73000.980793394,451.0016411639954,10000,2500
1589,72549.71623744599,73001.309576365,451.26456901400525,10000,2500
1590,72549.71633744599,73001.534755434,451.59325074100343,10000,2500
1591,72549.716437446,73002.013875479,451.8183309300075,10000,2500
1592,72549.71653744599,73002.239755406,452.29734933000873,10000,2500
1593,72549.71663744599,73002.490341558,452.5231245120085,10000,2500
1594,72549.716737446,73002.778835291,452.7736098559981,10000,2500
1595,72549.71683744599,73003.047822979,453.06200403401454,10000,2500
1596,72549.71693744599,73003.350837657,453.3308952720108,10000,2500
1597,72549.717037446,73003.698132215,453.63381428499997,10000,2500
1598,72549.71713744599,73003.908280776,453.98100941901794,10000,2500
1599,72549.71723744599,73004.175924857,454.19105029401544,10000,2500
1600,72549.717337446,73004.441962399,454.45861978200264,10000,2500
1601,72549.71743744599,73004.657879866,454.724538658018,10000,2500
1602,72549.71753744599,73005.250486423,454.9403487390082,10000,2500
1603,72549.717637446,73005.621797147,455.5328602040099,10000,2500
1604,72549.71773744599,73005.878568275,455.9040720480116,10000,2500
1605,72549.71783744599,73006.098821567,456.16074143501464,10000,2500
1606,72549.717937446,73006.358526988,456.38090252400434,10000,2500
1607,72549.71803744599,73006.616401826,456.6404957340128,10000,2500
1608,72549.71813744599,73006.834774763,456.8982764530083,10000,2500
1609,72549.718237446,73007.046606648,457.11654347500007,10000,2500
1610,72549.71833744599,73007.262039026,457.3282755290129,10000,2500
1611,72549.71843744599,73007.580809083,457.5436092930031,10000,2500
1612,72549.718537446,73007.791226514,457.8622837590083,10000,2500
1613,72549.718637446,73008.007848444,458.072608425995,10000,2500
1614,72549.71873744599,73008.235599768,458.2891275810107,10000,2500
1615,72549.718837446,73008.47693861,458.51677714100515,10000,2500
1616,72549.718937446,73008.719386599,458.7580103520013,10000,2500
1617,72549.71903744599,73008.923534747,459.0003581920173,10000,2500
1618,72549.719137446,73009.153863765,459.20440352801234,10000,2500
1619,72549.719237446,73009.370476702,459.43463290100044,10000,2500
1620,72549.71933744599,73009.639323499,459.65114499101765,10000,2500
1621,72549.719437446,73009.911088369,459.91989220700634,10000,2500
1622,72549.719537446,73010.205199993,460.19155740199494,10000,2500
1623,72549.71963744599,73010.532911348,460.4855687560048,10000,2500
1624,72549.719737446,73010.795595373,460.81318896599987,10000,2500
1625,72549.719837446,73011.064524295,461.075763781002,10000,2500
1626,72549.71993744599,73011.511311243,461.34459294500994,10000,2500
1627,72549.720037446,73011.780230342,461.79128708801,10000,2500
1628,72549.720137446,73012.024807923,462.0601050700061,10000,2500
1629,72549.72023744599,73012.300317009,462.30457668601593,10000,2500
1630,72549.720337446,73012.617315739,462.57998613901145,10000,2500
1631,72549.720437446,73012.831606868,462.89688613600447,10000,2500
1632,72549.72053744599,73013.0339328,463.11108365301334,10000,2500
1633,72549.720637446,73013.393423561,463.313302724011,10000,2500
1634,72549.720737446,73013.631832121,463.6726917000051,10000,2500
1635,72549.72083744599,73013.91493421,463.9110082670086,10000,2500
1636,72549.72093744599,73014.25987355,464.1940105850081,10000,2500
1637,72549.721037446,73014.696140813,464.53884255100274,10000,2500
1638,72549.72113744599,73014.951573087,464.97501076401386,10000,2500
1639,72549.72123744599,73015.404777934,465.2303431080072,10000,2500
1640,72549.721337446,73015.613269781,465.6834491460031,10000,2500
1641,72549.72143744599,73015.885617367,465.8918384690187,10000,2500
1642,72549.72153744599,73016.087903033,466.16409102200123,10000,2500
1643,72549.721637446,73016.295356771,466.3662732219964,10000,2500
1644,72549.72173744599,73016.703151739,466.5736256010132,10000,2500
1645,72549.72183744599,73017.044537522,466.98133031600446,10000,2500
1646,72549.721937446,73017.31053215,467.32260704301007,10000,2500
1647,72549.72203744599,73017.531093336,467.5885007310135,10000,2500
1648,72549.72213744599,73017.844232556,467.8089700690034,10000,2500
1649,72549.722237446,73018.298086831,468.1220008290111,10000,2500
1650,72549.72233744599,73018.530590876,468.57576228200924,10000,2500
1651,72549.72243744599,73018.761445194,468.80816757000866,10000,2500
1652,72549.722537446,73019.046203743,469.0389138239989,10000,2500
1653,72549.72263744599,73019.281179592,469.32357238001714,10000,2500
1654,72549.72273744599,73019.567499154,469.5584500110126,10000,2500
1655,72549.722837446,73019.843808357,469.84466885001166,10000,2500
1656,72549.72293744599,73020.170181038,470.1208807750081,10000,2500
1657,72549.72303744599,73020.38300972,470.44715359700785,10000,2500
1658,72549.723137446,73020.599908644,470.6598809110001,10000,2500
1659,72549.723237446,73020.888730224,470.8766838510055,10000,2500
1660,72549.72333744599,73021.163302005,471.16540099801205,10000,2500
1661,72549.723437446,73021.731917841,471.43987179400574,10000,2500
1662,72549.723537446,73022.071868739,472.00838728599774,10000,2500
1663,72549.72363744599,73022.348838973,472.34823683400464,10000,2500
1664,72549.723737446,73022.820150419,472.62511380400974,10000,2500
1665,72549.723837446,73023.049826592,473.0963194250071,10000,2500
1666,72549.72393744599,73023.271908884,473.32589579801424,10000,2500
1667,72549.724037446,73023.485338065,473.54787749300885,10000,2500
1668,72549.724137446,73023.695216203,473.7612139749981,10000,2500
1669,72549.72423744599,73023.923861947,473.97099258001253,10000,2500
1670,72549.724337446,73024.163693712,474.1995382550085,10000,2500
1671,72549.724437446,73024.394192265,474.43926199800626,10000,2500
1672,72549.72453744599,73024.600958595,474.6696621390147,10000,2500
1673,72549.724637446,73024.878189247,474.8763354469993,10000,2500
1674,72549.724737446,73025.080140322,475.15346537099686,10000,2500
1675,72549.72483744599,73025.366193636,475.355310339015,10000,2500
1676,72549.724937446,73025.747646246,475.6412624470104,10000,2500
1677,72549.725037446,73026.080423677,476.0226148500078,10000,2500
1678,72549.72513744599,73026.430184232,476.3553008910094,10000,2500
1679,72549.725237446,73026.664121465,476.70495339800254,10000,2500
1680,72549.725337446,73027.02036032,476.93879288800235,10000,2500
1681,72549.72543744599,73027.305630534,477.2949377740151,10000,2500
1682,72549.725537446,73027.693899604,477.5801052070019,10000,2500
1683,72549.725637446,73027.939375449,477.96827049800777,10000,2500
1684,72549.72573744599,73028.165905814,478.2136525950191,10000,2500
1685,72549.72583744599,73028.450362472,478.440074794009,10000,2500
1686,72549.725937446,73028.652897201,478.7244334429997,10000,2500
1687,72549.72603744599,73028.942217947,478.92686657801096,10000,2500
1688,72549.72613744599,73029.245247693,479.216096329008,10000,2500
1689,72549.726237446,73029.541855348,479.5190239240037,10000,2500
1690,72549.72633744599,73029.816369625,479.81552980601555,10000,2500
1691,72549.72643744599,73030.036156551,480.0899457230116,10000,2500
1692,72549.726537446,73030.333205226,480.3096338010073,10000,2500
1693,72549.72663744599,73030.575268321,480.6065818610077,10000,2500
1694,72549.72673744599,73030.80898776,480.8485402500082,10000,2500
1695,72549.726837446,73031.012395459,481.08215599600226,10000,2500
1696,72549.72693744599,73031.356073905,481.28546439201455,10000,2500
1697,72549.72703744599,73031.616405043,481.6290433270042,10000,2500
1698,72549.727137446,73031.884371066,481.8892846700037,10000,2500
1699,72549.72723744599,73032.132799772,482.1571396430081,10000,2500
1700,72549.72733744599,73032.341489939,482.4055002260138,10000,2500
1701,72549.727437446,73032.58828415,482.61406121301115,10000,2500
1702,72549.72753744599,73032.921046169,482.86075278201315,10000,2500
1703,72549.72763744599,73033.132618211,483.19345505601086,10000,2500
1704,72549.727737446,73033.422992417,483.40488683200965,10000,2500
1705,72549.72783744599,73033.69675429,483.69517806400836,10000,2500
1706,72549.72793744599,73034.042861582,483.9688318000117,10000,2500
1707,72549.728037446,73034.364750819,484.31483993900474,10000,2500
1708,72549.728137446,73034.587619733,484.6366194449947,10000,2500
1709,72549.72823744599,73034.811360377,484.85938810500375,10000,2500
1710,72549.728337446,73035.281258192,485.0830376060039,10000,2500
1711,72549.728437446,73035.616865047,485.5528278099955,10000,2500
1712,72549.72853744599,73035.867670352,485.88833348800836,10000,2500
1713,72549.728637446,73036.254401957,486.13905607600464,10000,2500
1714,72549.728737446,73036.488556594,486.5256771190034,10000,2500
1715,72549.72883744599,73036.76893727,486.7597302720096,10000,2500
1716,72549.728937446,73037.243538877,487.0400136829994,10000,2500
1717,72549.729037446,73037.555360313,487.5145187050075,10000,2500
1718,72549.72913744599,73037.864270014,487.8262291250139,10000,2500
1719,72549.729237446,73038.153784417,488.1350474500068,10000,2500
1720,72549.729337446,73038.425922507,488.424452524996,10000,2500
1721,72549.72943744599,73038.764281975,488.69649071501044,10000,2500
1722,72549.729537446,73039.253627031,489.03475729501224,10000,2500
1723,72549.729637446,73039.760015513,489.5240064160025,10000,2500
1724,72549.72973744599,73040.017123256,490.0302937600063,10000,2500
1725,72549.729837446,73040.482827987,490.28730283200275,10000,2500
1726,72549.729937446,73040.787005258,490.7529016400076,10000,2500
1727,72549.73003744599,73041.117809286,491.05697399700875,10000,2500
1728,72549.730137446,73041.40426249,491.3876894430141,10000,2500
1729,72549.730237446,73041.615735798,491.6740314780036,10000,2500
1730,72549.73033744599,73041.816186296,491.88541225201334,10000,2500
1731,72549.73043744599,73042.040303365,492.0857559980068,10000,2500
1732,72549.730537446,73042.338217235,492.30977176700253,10000,2500
1733,72549.73063744599,73042.596542533,492.6075864260056,10000,2500
1734,72549.73073744599,73042.899363827,492.865818049002,10000,2500
1735,72549.730837446,73043.124464968,493.1685415440006,10000,2500
1736,72549.73093744599,73043.334434104,493.3935403280193,10000,2500
1737,72549.73103744599,73043.566614039,493.6034097940137,10000,2500
1738,72549.731137446,73043.851472277,493.83548467000946,10000,2500
1739,72549.73123744599,73044.235737754,494.1202483950183,10000,2500
1740,72549.73133744599,73044.470575229,494.5044082880049,10000,2500
1741,72549.731437446,73044.736575645,494.73914399200294,10000,2500
1742,72549.73153744599,73044.963711263,495.0050441810163,10000,2500
1743,72549.73163744599,73045.283608482,495.23208138400514,10000,2500
1744,72549.731737446,73045.557832419,495.55188454300514,10000,2500
1745,72549.73183744599,73045.803481855,495.82600877201185,10000,2500
1746,72549.73193744599,73046.007360278,496.0715503080137,10000,2500
1747,72549.732037446,73046.293109124,496.2753358110058,10000,2500
1748,72549.73213744599,73046.807327026,496.5609777720092,10000,2500
1749,72549.73223744599,73047.192149704,497.0750993700058,10000,2500
1750,72549.732337446,73047.470230674,497.459819280004,10000,2500
1751,72549.73243744599,73048.026023058,497.73780009800976,10000,2500
1752,72549.73253744599,73048.284355765,498.29350584400527,10000,2500
1753,72549.732637446,73048.495176741,498.5517325880064,10000,2500
1754,72549.73273744599,73048.754264025,498.76244568501716,10000,2500
1755,72549.73283744599,73049.133845842,499.02144032600336,10000,2500
1756,72549.732937446,73049.414176552,499.40092038600415,10000,2500
1757,72549.733037446,73049.73361918,499.68114576200605,10000,2500
1758,72549.73313744599,73050.170358063,500.0004937400081,10000,2500
1759,72549.733237446,73050.404817142,500.43712797301123,10000,2500
1760,72549.733337446,73050.64747519,500.6714862880035,10000,2500
1761,72549.73343744599,73051.019078731,500.9140443980141,10000,2500
1762,72549.733537446,73051.271925887,501.2855504559993,10000,2500
1763,72549.733637446,73051.558669339,501.53829967700585,10000,2500
1764,72549.73373744599,73051.825703141,501.8249386190146,10000,2500
1765,72549.733837446,73052.201773404,502.091871681012,10000,2500
1766,72549.733937446,73052.425721996,502.46784200500406,10000,2500
1767,72549.73403744599,73052.901022483,502.69169770400913,10000,2500
1768,72549.734137446,73053.252481573,503.16689272000804,10000,2500
1769,72549.734237446,73053.547544248,503.51825214400014,10000,2500
1770,72549.73433744599,73053.931075626,503.8132208740135,10000,2500
1771,72549.734437446,73054.326051122,504.19664593800553,10000,2500
1772,72549.734537446,73054.547867835,504.59152314100356,10000,2500
1773,72549.73463744599,73054.751995476,504.8132478440093,10000,2500
1774,72549.734737446,73055.056400886,505.0172803130117,10000,2500
1775,72549.734837446,73055.284841878,505.32157180900685,10000,2500
1776,72549.73493744599,73055.571273754,505.5499106890056,10000,2500
1777,72549.735037446,73055.888781862,505.8362441920035,10000,2500
1778,72549.735137446,73056.229234016,506.1536519910005,10000,2500
1779,72549.73523744599,73056.488029368,506.4940097640065,10000,2500
1780,72549.73533744599,73056.832099435,506.75269935801043,10000,2500
1781,72549.735437446,73057.257782008,507.0966776099958,10000,2500
1782,72549.73553744599,73057.511591284,507.5222545870056,10000,2500
1783,72549.73563744599,73057.784330464,507.77596606900624,10000,2500
1784,72549.735737446,73058.158731433,508.0485993089969,10000,2500
1785,72549.73583744599,73058.383074329,508.4229030280112,10000,2500
1786,72549.73593744599,73058.690315803,508.6471428190125,10000,2500
1787,72549.736037446,73059.067602397,508.9542841509974,10000,2500
1788,72549.73613744599,73059.285081816,509.3314707100071,10000,2500
1789,72549.73623744599,73059.564722706,509.54885030401056,10000,2500
1790,72549.736337446,73059.812866693,509.8283993540099,10000,2500
1791,72549.73643744599,73060.164527873,510.07643539001583,10000,2500
1792,72549.73653744599,73060.39754215,510.4280045610067,10000,2500
1793,72549.736637446,73060.602416358,510.660911029001,10000,2500
1794,72549.73673744599,73060.974692647,510.8656940080109,10000,2500
1795,72549.73683744599,73061.271920958,511.23786801200185,10000,2500
1796,72549.736937446,73061.559822323,511.5349987579975,10000,2500
1797,72549.73703744599,73061.796108862,511.82279925601324,10000,2500
1798,72549.73713744599,73062.063537836,512.0589875740116,10000,2500
1799,72549.737237446,73062.267225967,512.3263062650076,10000,2500
1800,72549.73733744599,73062.516670126,512.5299062390113,10000,2500
1801,72549.73743744599,73062.77353063,512.7792450270063,10000,2500
1802,72549.737537446,73063.132431766,513.0360090190079,10000,2500
1803,72549.737637446,73063.342977567,513.3948074649961,10000,2500
1804,72549.73773744599,73063.662575448,513.605253013011,10000,2500
1805,72549.737837446,73063.904136655,513.9247448040114,10000,2500
1806,72549.737937446,73064.131259447,514.1662112299964,10000,2500
1807,72549.73803744599,73064.351519285,514.3932344260102,10000,2500
1808,72549.738137446,73064.614502309,514.6133879390109,10000,2500
1809,72549.738237446,73064.834164554,514.8762711320014,10000,2500
1810,72549.73833744599,73065.154609681,515.0958329200075,10000,2500
1811,72549.738437446,73065.522355994,515.4161869300005,10000,2500
1812,72549.738537446,73065.756542435,515.7838317840069,10000,2500
1813,72549.73863744599,73066.094969139,516.0179106190044,10000,2500
1814,72549.738737446,73066.31145955,516.3562445770076,10000,2500
1815,72549.738837446,73066.659710559,516.5726282120013,10000,2500
1816,72549.73893744599,73066.901252935,516.9207856260182,10000,2500
1817,72549.739037446,73067.124589241,517.1622215259995,10000,2500
1818,72549.739137446,73067.345637268,517.3854584119981,10000,2500
1819,72549.73923744599,73067.602070718,517.6064118320064,10000,2500
1820,72549.739337446,73067.812366548,517.862739891003,10000,2500
1821,72549.739437446,73068.107765426,518.0729419069976,10000,2500
1822,72549.73953744599,73068.518412923,518.3682342510147,10000,2500
1823,72549.739637446,73068.779524476,518.7787895380025,10000,2500
1824,72549.739737446,73069.008788976,519.0398235790053,10000,2500
1825,72549.73983744599,73069.339403569,519.2689638080192,10000,2500
1826,72549.739937446,73069.567633086,519.5994728660007,10000,2500
1827,72549.740037446,73069.871217639,519.8276014879957,10000,2500
1828,72549.74013744599,73070.15236824,520.1310957160167,10000,2500
1829,72549.74023744599,73070.417790814,520.412146638002,10000,2500
1830,72549.740337446,73070.831898795,520.677458952996,10000,2500
1831,72549.74043744599,73071.109711171,521.091474528017,10000,2500
1832,72549.74053744599,73071.530865425,521.369180026013,10000,2500
1833,72549.740637446,73071.757389789,521.7902418309968,10000,2500
1834,72549.74073744599,73072.01355555,522.0166671710176,10000,2500
1835,72549.74083744599,73072.251968371,522.2727308110043,10000,2500
1836,72549.740937446,73072.506473714,522.5110367640009,10000,2500
1837,72549.74103744599,73073.009859657,522.7654452120187,10000,2500
1838,72549.74113744599,73073.277568814,523.2687356920069,10000,2500
1839,72549.741237446,73073.695793647,523.5363452750025,10000,2500
1840,72549.74133744599,73073.953785766,523.9544622610119,10000,2500
1841,72549.74143744599,73074.294827388,524.2123611710122,10000,2500
1842,72549.741537446,73074.529561882,524.5532962980069,10000,2500
1843,72549.74163744599,73074.867947203,524.7879308330157,10000,2500
1844,72549.74173744599,73075.096499081,525.1262158630125,10000,2500
1845,72549.741837446,73075.356627702,525.3546681040025,10000,2500
1846,72549.74193744599,73075.66121485,525.6147027040133,10000,2500
1847,72549.74203744599,73075.913214806,525.9191889370122,10000,2500
1848,72549.742137446,73076.199660928,526.1710834050027,10000,2500
1849,72549.74223744599,73076.445116639,526.4574397960096,10000,2500
1850,72549.74233744599,73076.676335002,526.7027871210157,10000,2500
1851,72549.742437446,73076.886041052,526.9339044530061,10000,2500
1852,72549.742537446,73077.284209794,527.1435103630065,10000,2500
1853,72549.74263744599,73077.540183988,527.5415790600091,10000,2500
1854,72549.742737446,73077.796419138,527.7974599029985,10000,2500
1855,72549.742837446,73078.030207127,528.0535884270066,10000,2500
1856,72549.74293744599,73078.4019334,528.2872756070137,10000,2500
1857,72549.743037446,73078.93797644,528.6589066460001,10000,2500
1858,72549.743137446,73079.1401955,529.194856741,10000,2500
1859,72549.74323744599,73079.34630743,529.3969650890067,10000,2500
1860,72549.743337446,73079.558727409,529.6029825720034,10000,2500
1861,72549.743437446,73079.962148418,529.8153034709976,10000,2500
1862,72549.74353744599,73080.273609552,530.2186249210063,10000,2500
1863,72549.743637446,73080.490733507,530.5299783530063,10000,2500
1864,72549.743737446,73080.734396298,530.7470017879969,10000,2500
1865,72549.74383744599,73081.011749734,530.9905649470165,10000,2500
1866,72549.743937446,73081.261053711,531.2678194410109,10000,2500
1867,72549.744037446,73081.561839789,531.5170219230058,10000,2500
1868,72549.74413744599,73081.876836852,531.8177084950148,10000,2500
1869,72549.744237446,73082.104245334,532.1326058050035,10000,2500
1870,72549.744337446,73082.452734043,532.3599138249992,10000,2500
1871,72549.74443744599,73082.945529179,532.7083096080169,10000,2500
1872,72549.744537446,73083.289738546,533.2010000090086,10000,2500
1873,72549.744637446,73083.623928663,533.5451153100003,10000,2500
1874,72549.74473744599,73083.828703685,533.8792051310156,10000,2500
1875,72549.744837446,73084.114188556,534.0838743820059,10000,2500
1876,72549.744937446,73084.890452066,534.3692572540022,10000,2500
1877,72549.74503744599,73085.146319826,535.1454295340081,10000,2500
1878,72549.74513744599,73085.393243902,535.4011884500069,10000,2500
1879,72549.745237446,73085.709475072,535.6480125950038,10000,2500
1880,72549.74533744599,73086.134563113,535.9641497830162,10000,2500
1881,72549.74543744599,73086.515536445,536.3891408480122,10000,2500
1882,72549.745537446,73086.747180834,536.7700055449968,10000,2500
1883,72549.74563744599,73087.388102919,537.0015594570141,10000,2500
1884,72549.74573744599,73087.752738032,537.6423830940039,10000,2500
1885,72549.745837446,73088.103661734,538.0069151409989,10000,2500
1886,72549.74593744599,73088.337828523,538.3577395040193,10000,2500
1887,72549.74603744599,73088.603668508,538.5917969220027,10000,2500
1888,72549.746137446,73088.8864645,538.8575478679995,10000,2500
1889,72549.74623744599,73089.266180055,539.1402416720084,10000,2500
1890,72549.74633744599,73089.553892246,539.5198554950039,10000,2500
1891,72549.746437446,73089.973275868,539.807462347002,10000,2500
1892,72549.74653744599,73090.258823067,540.2267451790103,10000,2500
1893,72549.74663744599,73090.614111844,540.5121923830156,10000,2500
1894,72549.746737446,73090.851400126,540.8673801429977,10000,2500
1895,72549.74683744599,73091.108937706,541.1045687210135,10000,2500
1896,72549.74693744599,73091.518461955,541.3620087190066,10000,2500
1897,72549.747037446,73091.822502099,541.7714330760064,10000,2500
1898,72549.74713744599,73092.124556013,542.075370652019,10000,2500
1899,72549.74723744599,73092.340635152,542.3773334650032,10000,2500
1900,72549.747337446,73092.567049313,542.5933168060001,10000,2500
1901,72549.747437446,73092.805920811,542.81961839,10000,2500
1902,72549.74753744599,73093.036545253,543.0583970810112,10000,2500
1903,72549.747637446,73093.306567536,543.2889138489991,10000,2500
1904,72549.747737446,73093.945211538,543.5588358700043,10000,2500
1905,72549.74783744599,73094.334894516,544.1973800810083,10000,2500
1906,72549.747937446,73094.652055258,544.5869707170059,10000,2500
1907,72549.748037446,73094.898220852,544.9040344800014,10000,2500
1908,72549.74813744599,73095.166352868,545.150089755014,10000,2500
1909,72549.748237446,73095.470113838,545.4181299060001,10000,2500
1910,72549.748337446,73095.692047787,545.721792575001,10000,2500
1911,72549.74843744599,73095.955436815,545.9436245430115,10000,2500
1912,72549.748537446,73096.17790137,546.2069162110129,10000,2500
1913,72549.748637446,73096.418377908,546.4292696070042,10000,2500
1914,72549.74873744599,73096.638996988,546.669646705006,10000,2500
1915,72549.748837446,73097.075970548,546.8901690080093,10000,2500
1916,72549.748937446,73097.353030382,547.3270505260007,10000,2500
1917,72549.74903744599,73097.564077348,547.6040063200053,10000,2500
1918,72549.749137446,73098.028757152,547.8149460580025,10000,2500
1919,72549.749237446,73098.293173533,548.2795319660072,10000,2500
1920,72549.74933744599,73098.538164212,548.5438417510159,10000,2500
1921,72549.749437446,73098.807631392,548.7887415600126,10000,2500
1922,72549.749537446,73099.036142137,549.0581101749995,10000,2500
1923,72549.74963744599,73099.339486337,549.2865105080127,10000,2500
1924,72549.74973744599,73099.609365178,549.5897637060116,10000,2500
1925,72549.749837446,73099.896377759,549.8595335240097,10000,2500
1926,72549.74993744599,73100.113178828,550.1464541070163,10000,2500
1927,72549.75003744599,73100.361290525,550.3631508140097,10000,2500
1928,72549.750137446,73100.571593296,550.61115866201,10000,2500
1929,72549.75023744599,73100.77919239,550.8213666690135,10000,2500
1930,72549.75033744599,73101.021966976,551.0288684980042,10000,2500
1931,72549.750437446,73101.288436632,551.2715388049983,10000,2500
1932,72549.75053744599,73101.524719443,551.5379059580155,10000,2500
1933,72549.75063744599,73101.890812183,551.7740892750153,10000,2500
1934,72549.750737446,73102.123792729,552.1400898569991,10000,2500
1935,72549.75083744599,73102.430310507,552.372971601013,10000,2500
1936,72549.75093744599,73102.932201495,552.6793789270014,10000,2500
1937,72549.751037446,73103.440961206,553.181170410011,10000,2500
1938,72549.75113744599,73103.867009854,553.6898294620187,10000,2500
1939,72549.75123744599,73104.083873754,554.1157884580025,10000,2500
1940,72549.751337446,73104.313960484,554.3325436599989,10000,2500
1941,72549.75143744599,73104.57438269,554.5625358960096,10000,2500
1942,72549.75153744599,73104.790272254,554.8228511460038,10000,2500
1943,72549.751637446,73105.099834587,555.0386414060049,10000,2500
1944,72549.75173744599,73105.373729879,555.3481032690179,10000,2500
1945,72549.75183744599,73105.64554186,555.6219254180032,10000,2500
1946,72549.751937446,73105.93840755,555.8936148490029,10000,2500
1947,72549.75203744599,73106.15464138,556.1863757670217,10000,2500
1948,72549.75213744599,73106.521065514,556.4025144380139,10000,2500
1949,72549.752237446,73106.793635085,556.768833782,10000,2500
1950,72549.752337446,73107.086708169,557.0413045220048,10000,2500
1951,72549.75243744599,73107.528105046,557.3342768010043,10000,2500
1952,72549.752537446,73107.770650484,557.7755813070107,10000,2500
1953,72549.752637446,73108.010973908,558.0180199930037,10000,2500
1954,72549.75273744599,73108.303986791,558.2582425630098,10000,2500
1955,72549.752837446,73108.700009775,558.5511559810111,10000,2500
1956,72549.752937446,73108.915311244,558.9470848509955,10000,2500
1957,72549.75303744599,73109.241420642,559.1622885080142,10000,2500
1958,72549.753137446,73109.454088973,559.4882896199997,10000,2500
1959,72549.753237446,73109.693093851,559.7008647470066,10000,2500
1960,72549.75333744599,73109.897493234,559.9397628620063,10000,2500
1961,72549.753437446,73110.167893799,560.1440616730106,10000,2500
1962,72549.753537446,73110.428036739,560.4143693140068,10000,2500
1963,72549.75363744599,73110.862265678,560.6744052410068,10000,2500
1964,72549.753737446,73111.101580207,561.1085353130038,10000,2500
1965,72549.753837446,73111.330858259,561.3477487909986,10000,2500
1966,72549.75393744599,73111.600078252,561.5769263880065,10000,2500
1967,72549.754037446,73111.835472523,561.8460515950137,10000,2500
1968,72549.754137446,73112.161511227,562.0813409410039,10000,2500
1969,72549.75423744599,73112.37920244,562.4072900640167,10000,2500
1970,72549.754337446,73112.678417018,562.6248724800098,10000,2500
1971,72549.754437446,73112.979653019,562.923985432004,10000,2500
1972,72549.75453744599,73113.439476382,563.2251334990142,10000,2500
1973,72549.75463744599,73113.667745328,563.6848587960121,10000,2500
1974,72549.754737446,73113.914519437,563.9130160339992,10000,2500
1975,72549.75483744599,73114.19763414,564.1596876590193,10000,2500
1976,72549.75493744599,73114.514673247,564.4427022680029,10000,2500
1977,72549.755037446,73114.780405325,564.759651084998,10000,2500
1978,72549.75513744599,73115.138192579,565.0252735750109,10000,2500
1979,72549.75523744599,73115.410798142,565.3829705120152,10000,2500
1980,72549.755337446,73115.793433817,565.6554665700096,10000,2500
1981,72549.75543744599,73116.08098683,566.0380021520104,10000,2500
1982,72549.75553744599,73116.298807544,566.3254571830039,10000,2500
1983,72549.755637446,73116.545030604,566.543184619004,10000,2500
1984,72549.75573744599,73116.904560131,566.789306583014,10000,2500
1985,72549.75583744599,73117.147930662,567.1487314490078,10000,2500
1986,72549.755937446,73117.403517306,567.3919992900046,10000,2500
1987,72549.75603744599,73117.641226574,567.6474937880121,10000,2500
1988,72549.75613744599,73117.861370986,567.8850959700067,10000,2500
1989,72549.756237446,73118.120228237,568.1051393250091,10000,2500
1990,72549.75633744599,73118.331645286,568.3638976390212,10000,2500
1991,72549.75643744599,73118.612723988,568.5752147550083,10000,2500
1992,72549.756537446,73118.822200304,568.8561928740091,10000,2500
1993,72549.75663744599,73119.058772601,569.0655686840182,10000,2500
1994,72549.75673744599,73119.283684057,569.3020421250112,10000,2500
1995,72549.756837446,73119.621667865,569.5268587190076,10000,2500
1996,72549.756937446,73119.828094592,569.8647441179928,10000,2500
1997,72549.75703744599,73120.04547994,570.0710685900121,10000,2500
1998,72549.757137446,73120.275164397,570.288358056001,10000,2500
1999,72549.757237446,73120.531928311,570.517936106,10000,2500
2000,72549.75733744599,73120.774827977,570.774608081003,10000,2500
2001,72549.757437446,73121.008069643,571.0173962100089,10000,2500
2002,72549.757537446,73121.306101839,571.2505391919985,10000,2500
2003,72549.75763744599,73121.660070233,571.548470469017,10000,2500
2004,72549.757737446,73121.894702573,571.9023481110053,10000,2500
2005,72549.757837446,73122.343938537,572.1368797890027,10000,2500
2006,72549.75793744599,73122.582861431,572.5860073980148,10000,2500
2007,72549.758037446,73122.824332838,572.8248300790001,10000,2500
2008,72549.758137446,73123.124102766,573.066201203008,10000,2500
2009,72549.75823744599,73123.33328435,573.3658734400087,10000,2500
2010,72549.758337446,73123.549717981,573.5749528360029,10000,2500
2011,72549.758437446,73123.802072901,573.7912862630037,10000,2500
2012,72549.75853744599,73124.055850988,574.0435461860179,10000,2500
2013,72549.758637446,73124.414677793,574.297220338005,10000,2500
2014,72549.758737446,73124.628741834,574.6559535200067,10000,2500
2015,72549.75883744599,73124.881004249,574.8699108940054,10000,2500
2016,72549.758937446,73125.146988432,575.1220727060136,10000,2500
2017,72549.759037446,73125.41200737,575.3879569740093,10000,2500
2018,72549.75913744599,73125.799426038,575.6528759560169,10000,2500
2019,72549.759237446,73126.06212358,576.0402025920048,10000,2500
2020,72549.759337446,73126.323968401,576.302793298004,10000,2500
2021,72549.75943744599,73126.530036511,576.5645365400123,10000,2500
2022,72549.75953744599,73126.829498917,576.7705064820038,10000,2500
2023,72549.759637446,73127.082303757,577.069867719998,10000,2500
2024,72549.75973744599,73127.335574731,577.3225759550114,10000,2500
2025,72549.75983744599,73127.534610761,577.5757435830019,10000,2500
2026,72549.759937446,73127.766385386,577.7746792910038,10000,2500
2027,72549.76003744599,73128.214359836,578.00636217602,10000,2500
2028,72549.76013744599,73128.425650103,578.4542296640138,10000,2500
2029,72549.760237446,73128.644541075,578.6654188609973,10000,2500
2030,72549.76033744599,73128.870708125,578.8842171990109,10000,2500
2031,72549.76043744599,73129.235670292,579.1102855260106,10000,2500
2032,72549.760537446,73129.605806369,579.4751387180004,10000,2500
2033,72549.76063744599,73129.859723824,579.8451751820103,10000,2500
2034,72549.76073744599,73130.364953315,580.0989983710024,10000,2500
2035,72549.760837446,73130.593437139,580.6041240070044,10000,2500
2036,72549.76093744599,73130.883346208,580.8325132780155,10000,2500
2037,72549.76103744599,73131.111517523,581.1223229830066,10000,2500
2038,72549.761137446,73131.319938908,581.3503870889981,10000,2500
2039,72549.76123744599,73131.681207338,581.5587071740156,10000,2500
2040,72549.76133744599,73131.923982951,581.9198789650109,10000,2500
2041,72549.761437446,73132.35184057,582.1625513750041,10000,2500
2042,72549.76153744599,73132.59295725,582.5903112920205,10000,2500
2043,72549.76163744599,73132.830913928,582.831331836016,10000,2500
2044,72549.761737446,73133.04308988,583.0691826969996,10000,2500
2045,72549.761837446,73133.280168595,583.2812595870055,10000,2500
2046,72549.76193744599,73133.518638738,583.5182442610094,10000,2500
2047,72549.762037446,73133.818858352,583.7566069940076,10000,2500
2048,72549.762137446,73134.078015413,584.0567271670006,10000,2500
2049,72549.76223744599,73134.355546238,584.3157884910033,10000,2500
2050,72549.762337446,73134.713645626,584.5932224620046,10000,2500
2051,72549.762437446,73134.941057882,584.9512206759973,10000,2500
2052,72549.76253744599,73135.152231481,585.1785346600082,10000,2500
2053,72549.762637446,73135.454631624,585.3896143570018,10000,2500
2054,72549.762737446,73135.662470331,585.6919008900004,10000,2500
2055,72549.76283744599,73135.893575989,585.8996401410113,10000,2500
2056,72549.762937446,73136.106670693,586.130644445002,10000,2500
2057,72549.763037446,73136.368289173,586.3436391230061,10000,2500
2058,72549.76313744599,73136.604061607,586.6051587300171,10000,2500
2059,72549.763237446,73136.810731412,586.840837420008,10000,2500
2060,72549.763337446,73137.088605566,587.0473996780056,10000,2500
2061,72549.76343744599,73137.36069067,587.3251753670047,10000,2500
2062,72549.763537446,73137.854279817,587.597165144005,10000,2500
2063,72549.763637446,73138.128901886,588.0906578559952,10000,2500
2064,72549.76373744599,73138.357593795,588.3651764370152,10000,2500
2065,72549.763837446,73138.6580822,588.5937627210078,10000,2500
2066,72549.763937446,73139.127700382,588.8941560999956,10000,2500
2067,72549.76403744599,73139.42998943,589.3636803040135,10000,2500
2068,72549.76413744599,73139.684459421,589.6658692330093,10000,2500
2069,72549.764237446,73140.10185501,589.9202385120007,10000,2500
2070,72549.76433744599,73140.375394801,590.3375251200196,10000,2500
2071,72549.76443744599,73140.608880505,590.6109649970022,10000,2500
2072,72549.764537446,73140.825596791,590.8443493910017,10000,2500
2073,72549.76463744599,73141.264670973,591.060966850011,10000,2500
2074,72549.76473744599,73141.489410084,591.499939804009,10000,2500
2075,72549.764837446,73141.918631428,591.7245786819985,10000,2500
2076,72549.76493744599,73142.217532325,592.153702488009,10000,2500
2077,72549.76503744599,73142.549511858,592.4525006120093,10000,2500
2078,72549.765137446,73142.793301706,592.7843809159967,10000,2500
2079,72549.76523744599,73143.094584476,593.0280713670072,10000,2500
2080,72549.76533744599,73143.318743394,593.3292544350115,10000,2500
2081,72549.765437446,73143.663003375,593.5533154980076,10000,2500
2082,72549.76553744599,73143.966083205,593.8974712780182,10000,2500
2083,72549.76563744599,73144.237751555,594.2004545760137,10000,2500
2084,72549.765737446,73144.498155742,594.4720205070043,10000,2500
2085,72549.76583744599,73144.711783985,594.7323292140209,10000,2500
2086,72549.76593744599,73145.143378223,594.9458524430083,10000,2500
2087,72549.766037446,73145.605704653,595.3773526200093,10000,2500
2088,72549.76613744599,73145.833970841,595.8395818310091,10000,2500
2089,72549.76623744599,73146.066583217,596.0677406650066,10000,2500
2090,72549.766337446,73146.420430487,596.3002515859989,10000,2500
2091,72549.76643744599,73146.701554143,596.653998645008,10000,2500
2092,72549.76653744599,73146.920918152,596.935024795006,10000,2500
2093,72549.766637446,73147.126631078,597.1542867300013,10000,2500
2094,72549.766737446,73147.377502603,597.3599037020031,10000,2500
2095,72549.76683744599,73147.601862699,597.6106784550066,10000,2500
2096,72549.766937446,73147.823293608,597.8349306650052,10000,2500
2097,72549.767037446,73148.207656212,598.0562626530009,10000,2500
2098,72549.76713744599,73148.438272158,598.4405246290116,10000,2500
2099,72549.767237446,73148.699450563,598.6710456910077,10000,2500
2100,72549.767337446,73148.925980911,598.932146267005,10000,2500
2101,72549.76743744599,73149.225629696,599.1585564390116,10000,2500
2102,72549.767537446,73149.533332985,599.4581044980005,10000,2500
2103,72549.767637446,73149.90678448,599.7657015150035,10000,2500
2104,72549.76773744599,73150.342559666,600.1390583180182,10000,2500
2105,72549.767837446,73150.627264261,600.5747277140035,10000,2500
2106,72549.767937446,73150.945498149,600.8593338060018,10000,2500
2107,72549.76803744599,73151.264154561,601.1774663370161,10000,2500
2108,72549.768137446,73151.520541859,601.4960319090023,10000,2500
2109,72549.768237446,73151.855361746,601.7523113119969,10000,2500
2110,72549.76833744599,73152.064780912,602.0870404210145,10000,2500
2111,72549.768437446,73152.281050181,602.296364896014,10000,2500
2112,72549.768537446,73152.503573971,602.5125188590027,10000,2500
2113,72549.76863744599,73152.735343738,602.7349428870075,10000,2500
2114,72549.768737446,73152.983758018,602.9666192930017,10000,2500
2115,72549.768837446,73153.226648716,603.214926421002,10000,2500
2116,72549.76893744599,73153.528930845,603.4577177380124,10000,2500
2117,72549.76903744599,73154.000680751,603.7598992100102,10000,2500
2118,72549.769137446,73154.21576623,604.2315496759984,10000,2500
2119,72549.76923744599,73154.442448219,604.4465343510092,10000,2500
2120,72549.76933744599,73154.870225876,604.6731253440084,10000,2500
2121,72549.769437446,73155.240914242,605.1008015550033,10000,2500
2122,72549.76953744599,73155.721611183,605.4713919920177,10000,2500
2123,72549.76963744599,73155.93253548,605.9519804370066,10000,2500
2124,72549.769737446,73156.208878475,606.1628037110058,10000,2500
2125,72549.76983744599,73156.409600073,606.4390471500083,10000,2500
2126,72549.76993744599,73156.622361649,606.6396694940049,10000,2500
2127,72549.770037446,73156.910083268,606.8523371250049,10000,2500
2128,72549.77013744599,73157.280868191,607.1399517050158,10000,2500
2129,72549.77023744599,73157.500386958,607.5106453360058,10000,2500
2130,72549.770337446,73157.72321461,607.7300551399967,10000,2500
2131,72549.77043744599,73157.956036097,607.9527917950181,10000,2500
2132,72549.77053744599,73158.239441179,608.1855129390024,10000,2500
2133,72549.770637446,73158.662755245,608.4688106890098,10000,2500
2134,72549.77073744599,73158.914647561,608.8920239040162,10000,2500
2135,72549.77083744599,73159.166327009,609.1438171000045,10000,2500
2136,72549.770937446,73159.382831252,609.3953958080092,10000,2500
2137,72549.77103744599,73159.608529693,609.6117996810208,10000,2500
2138,72549.77113744599,73159.973757787,609.8373995320144,10000,2500
2139,72549.771237446,73160.246938506,610.202526056004,10000,2500
2140,72549.771337446,73160.464434725,610.4756174549984,10000,2500
2141,72549.77143744599,73160.721773506,610.6930107360095,10000,2500
2142,72549.771537446,73160.951712328,610.9502507770085,10000,2500
2143,72549.771637446,73161.290655059,611.1800811389985,10000,2500
2144,72549.77173744599,73161.560431618,611.5189237420127,10000,2500
2145,72549.771837446,73161.904964378,611.7886086520011,10000,2500
2146,72549.771937446,73162.223447662,612.1330398590071,10000,2500
2147,72549.77203744599,73162.596116251,612.4514196210075,10000,2500
2148,72549.772137446,73162.821417361,612.8239920670021,10000,2500
2149,72549.772237446,73163.108284242,613.0491941759974,10000,2500
2150,72549.77233744599,73163.329047884,613.3359672800143,10000,2500
2151,72549.772437446,73163.528125786,613.5566160520102,10000,2500
2152,72549.772537446,73163.748536875,613.7555948829977,10000,2500
2153,72549.77263744599,73163.970353159,613.9759054340102,10000,2500
2154,72549.772737446,73164.183774452,614.197621408006,10000,2500
2155,72549.772837446,73164.393179497,614.4109498110047,10000,2500
2156,72549.77293744599,73164.744787288,614.6202551390161,10000,2500
2157,72549.773037446,73164.952708569,614.9717561060097,10000,2500
2158,72549.773137446,73165.24373443,615.1795776149957,10000,2500
2159,72549.77323744599,73165.545017243,615.4705034890067,10000,2500
2160,72549.773337446,73165.76017993,615.7716865710099,10000,2500
2161,72549.773437446,73166.080047663,615.9867483749986,10000,2500
2162,72549.77353744599,73166.322802649,616.3065220710123,10000,2500
2163,72549.773637446,73166.547867913,616.5491727420012,10000,2500
2164,72549.773737446,73166.807561515,616.7741434089985,10000,2500
2165,72549.77383744599,73167.046042691,617.0337311610056,10000,2500
2166,72549.77393744599,73167.265690508,617.2721110450075,10000,2500
2167,72549.774037446,73167.551953332,617.491658747007,10000,2500
2168,72549.77413744599,73167.890457814,617.7778224940121,10000,2500
2169,72549.77423744599,73168.137549285,618.1162260880083,10000,2500
2170,72549.774337446,73168.379023864,618.363227570997,10000,2500
2171,72549.77443744599,73168.606764809,618.6045996450121,10000,2500
2172,72549.77453744599,73168.926260916,618.832233566005,10000,2500
2173,72549.774637446,73169.149114973,619.1516300009971,10000,2500
2174,72549.77473744599,73169.479324979,619.37438388601,10000,2500
2175,72549.77483744599,73169.752755642,619.7045007060078,10000,2500
2176,72549.774937446,73170.017051396,619.977834054007,10000,2500
2177,72549.77503744599,73170.256845847,620.2420281840168,10000,2500
2178,72549.77513744599,73170.544933784,620.481715425005,10000,2500
2179,72549.775237446,73170.755671985,620.7697078290075,10000,2500
2180,72549.77533744599,73171.040008373,620.9803409190208,10000,2500
2181,72549.77543744599,73171.301404673,621.264581527008,10000,2500
2182,72549.775537446,73171.584431959,621.5258747960033,10000,2500
2183,72549.77563744599,73171.833382498,621.8088005930185,10000,2500
2184,72549.77573744599,73172.037303534,622.0576607390103,10000,2500
2185,72549.775837446,73172.333950287,622.2614728940098,10000,2500
2186,72549.77593744599,73172.554255106,622.5580189110187,10000,2500
2187,72549.77603744599,73172.974257527,622.7782243400143,10000,2500
2188,72549.776137446,73173.182588789,623.1981381840014,10000,2500
2189,72549.776237446,73173.509329385,623.4063577060006,10000,2500
2190,72549.77633744599,73173.819044244,623.7329976610054,10000,2500
2191,72549.776437446,73174.112926783,624.0426279040112,10000,2500
2192,72549.776537446,73174.434612975,624.336397927007,10000,2500
2193,72549.77663744599,73174.826768813,624.6579910390137,10000,2500
2194,72549.776737446,73175.136503925,625.0500370220107,10000,2500
2195,72549.776837446,73175.451219952,625.359673302999,10000,2500
2196,72549.77693744599,73175.73690254,625.674288129012,10000,2500
2197,72549.777037446,73175.958692651,625.9598780860106,10000,2500
2198,72549.777137446,73176.167971989,626.1815617700049,10000,2500
2199,72549.77723744599,73176.387415723,626.3907472580177,10000,2500
2200,72549.777337446,73176.633801307,626.6100978040049,10000,2500
2201,72549.777437446,73176.842250718,626.8563700310042,10000,2500
2202,72549.77753744599,73177.050723929,627.0647274720104,10000,2500
2203,72549.777637446,73177.315379071,627.2731026310066,10000,2500
2204,72549.777737446,73177.591474848,627.5376546080079,10000,2500
2205,72549.77783744599,73177.803503074,627.8136453550105,10000,2500
2206,72549.777937446,73178.176773363,628.0255729050114,10000,2500
2207,72549.778037446,73178.434348972,628.3987495199981,10000,2500
2208,72549.77813744599,73178.714969114,628.6562275990145,10000,2500
2209,72549.778237446,73178.928568307,628.9367444970121,10000,2500
2210,72549.778337446,73179.16388014,629.1502456580056,10000,2500
2211,72549.77843744599,73179.47463924,629.385448468005,10000,2500
2212,72549.77853744599,73179.716766732,629.6961144930101,10000,2500
2213,72549.778637446,73180.021544324,629.9381436510012,10000,2500
2214,72549.77873744599,73180.244694329,630.2428210680082,10000,2500
2215,72549.77883744599,73180.492575926,630.4658631180064,10000,2500
2216,72549.778937446,73180.849039738,630.7136441729963,10000,2500
2217,72549.77903744599,73181.117432115,631.0700094720087,10000,2500
2218,72549.77913744599,73181.336184771,631.338300501011,10000,2500
2219,72549.779237446,73181.58447548,631.5569608549995,10000,2500
2220,72549.77933744599,73181.821693857,631.8051446330064,10000,2500
2221,72549.77943744599,73182.051411525,632.0422688900144,10000,2500
2222,72549.779537446,73182.418672627,632.271883731999,10000,2500
2223,72549.77963744599,73182.724159873,632.6390471550112,10000,2500
2224,72549.77973744599,73183.153249464,632.9444362150098,10000,2500
2225,72549.779837446,73183.511594473,633.3734182360058,10000,2500
2226,72549.77993744599,73183.877274538,633.7316630740097,10000,2500
2227,72549.78003744599,73184.088327592,634.0972442860075,10000,2500
2228,72549.780137446,73184.320977859,634.308195784004,10000,2500
2229,72549.78023744599,73184.553803645,634.5407463000156,10000,2500
2230,72549.78033744599,73184.813895466,634.7734797100129,10000,2500
2231,72549.780437446,73185.2863365,635.0334706700087,10000,2500
2232,72549.78053744599,73185.536964109,635.5058073950204,10000,2500
2233,72549.78063744599,73185.742753857,635.7563327450043,10000,2500
2234,72549.780737446,73186.036548734,635.9620220610086,10000,2500
2235,72549.78083744599,73186.295976505,636.2557189360086,10000,2500
2236,72549.78093744599,73186.532809079,636.5150446880143,10000,2500
2237,72549.781037446,73186.770374443,636.7517774529988,10000,2500
2238,72549.781137446,73187.083529296,636.9892442139972,10000,2500
2239,72549.78123744599,73187.450860616,637.3022976250068,10000,2500
2240,72549.781337446,73187.899719687,637.6695312240045,10000,2500
2241,72549.781437446,73188.164230239,638.1182962979947,10000,2500
2242,72549.78153744599,73188.378994209,638.3826990840171,10000,2500
2243,72549.781637446,73188.66845472,638.5973626510095,10000,2500
2244,72549.781737446,73188.904731549,638.8867233479978,10000,2500
2245,72549.78183744599,73189.135090296,639.1229015780118,10000,2500
2246,72549.781937446,73189.340369298,639.3531650600053,10000,2500
2247,72549.782037446,73189.705054524,639.5583373490081,10000,2500
2248,72549.78213744599,73190.035452143,639.9229245760071,10000,2500
2249,72549.782237446,73190.316932003,640.2532207210024,10000,2500
2250,72549.782337446,73190.619055981,640.5346083769982,10000,2500
2251,72549.78243744599,73190.98525414,640.8366304420051,10000,2500
2252,72549.782537446,73191.259692715,641.2027237700095,10000,2500
2253,72549.782637446,73191.512970316,641.4770613590081,10000,2500
2254,72549.78273744599,73191.787220282,641.7302389290126,10000,2500
2255,72549.782837446,73191.993691677,642.0043893480033,10000,2500
2256,72549.782937446,73192.254208617,642.2107601080061,10000,2500
2257,72549.78303744599,73192.498873823,642.4711780620128,10000,2500
2258,72549.783137446,73192.781840379,642.7157421190059,10000,2500
2259,72549.783237446,73193.18649323,642.9986090559978,10000,2500
2260,72549.78333744599,73193.392432538,643.4031742800144,10000,2500
2261,72549.78343744599,73193.65990848,643.609001017001,10000,2500
2262,72549.783537446,73194.011936712,643.876376929009,10000,2500
2263,72549.78363744599,73194.281887642,644.2283050840197,10000,2500
2264,72549.78373744599,73194.567557045,644.4981561390014,10000,2500
2265,72549.783837446,73194.823611139,644.783726226,10000,2500
2266,72549.78393744599,73195.202361664,645.0396799590089,10000,2500
2267,72549.78403744599,73195.455732108,645.4183306090126,10000,2500
2268,72549.784137446,73195.662360184,645.6716002780013,10000,2500
2269,72549.78423744599,73195.937750229,645.8781285680161,10000,2500
2270,72549.78433744599,73196.170455817,646.1534201920149,10000,2500
2271,72549.784437446,73196.477690435,646.386024396008,10000,2500
2272,72549.78453744599,73196.684276499,646.6931674850202,10000,2500
2273,72549.78463744599,73196.939820432,646.8996475080057,10000,2500
2274,72549.784737446,73197.23475069,647.1550888680067,10000,2500
2275,72549.78483744599,73197.459610694,647.449919635008,10000,2500
2276,72549.78493744599,73197.663353693,647.6746863430017,10000,2500
2277,72549.785037446,73197.994041459,647.8783221070044,10000,2500
2278,72549.78513744599,73198.315431863,648.2089153070119,10000,2500
2279,72549.78523744599,73198.589231391,648.5302004930127,10000,2500
2280,72549.785337446,73198.796197002,648.8039004780003,10000,2500
2281,72549.78543744599,73199.039357129,649.0107674240135,10000,2500
2282,72549.78553744599,73199.353662052,649.2538267690106,10000,2500
2283,72549.785637446,73199.574717028,649.5680306209979,10000,2500
2284,72549.785737446,73199.788205915,649.7889855380054,10000,2500
2285,72549.78583744599,73200.35574248,650.002374749005,10000,2500
2286,72549.785937446,73200.700384441,650.5698178910097,10000,2500
2287,72549.786037446,73200.921353814,650.9143556710042,10000,2500
2288,72549.78613744599,73201.163329608,651.1352314000105,10000,2500
2289,72549.786237446,73201.452440448,651.3770986060117,10000,2500
2290,72549.786337446,73201.806432503,651.6661087300017,10000,2500
2291,72549.78643744599,73202.021751807,652.0200037750037,10000,2500
2292,72549.786537446,73202.416874028,652.2352285790112,10000,2500
2293,72549.786637446,73202.920789428,652.6302428750059,10000,2500
2294,72549.78673744599,73203.172783162,653.1340578780073,10000,2500
2295,72549.786837446,73203.487903211,653.3859516640077,10000,2500
2296,72549.786937446,73204.075319451,653.7009810360032,10000,2500
2297,72549.78703744599,73204.313693104,654.2882910520129,10000,2500
2298,72549.787137446,73204.74353244,654.5265700800082,10000,2500
2299,72549.787237446,73204.993570699,654.956301786995,10000,2500
2300,72549.78733744599,73205.286558562,655.2062503730122,10000,2500
2301,72549.787437446,73205.583125216,655.4991320820118,10000,2500
2302,72549.787537446,73205.901255576,655.7955943989946,10000,2500
2303,72549.78763744599,73206.426009186,656.1136241090135,10000,2500
2304,72549.787737446,73206.660127559,656.638277570004,10000,2500
2305,72549.787837446,73206.894862627,656.872302926,10000,2500
2306,72549.78793744599,73207.134192854,657.1069379700057,10000,2500
2307,72549.788037446,73207.34042875,657.3461613220134,10000,2500
2308,72549.788137446,73207.664677026,657.5522968250007,10000,2500
2309,72549.78823744599,73208.036561911,657.8764457570069,10000,2500
2310,72549.78833744599,73208.279578676,658.2482618840004,10000,2500
2311,72549.788437446,73208.663217522,658.491147556997,10000,2500
2312,72549.78853744599,73208.919659781,658.8746856680082,10000,2500
2313,72549.78863744599,73209.161571555,659.1310355860041,10000,2500
2314,72549.788737446,73209.39719376,659.3728404889989,10000,2500
2315,72549.78883744599,73209.607330089,659.6083619120182,10000,2500
2316,72549.78893744599,73209.865526635,659.8184004530049,10000,2500
2317,72549.789037446,73210.13730741,660.0764953690086,10000,2500
2318,72549.78913744599,73210.371882335,660.3481762990123,10000,2500
2319,72549.78923744599,73210.714603569,660.5826519260154,10000,2500
2320,72549.789337446,73211.005894689,660.9252719490032,10000,2500
2321,72549.78943744599,73211.223873702,661.2164719710127,10000,2500
2322,72549.78953744599,73211.440651076,661.4343424500112,10000,2500
2323,72549.789637446,73211.749410181,661.6510197290045,10000,2500
2324,72549.78973744599,73212.041821714,661.9596784320165,10000,2500
2325,72549.78983744599,73212.270237072,662.2519976190088,10000,2500
2326,72549.789937446,73212.479991609,662.4803128310014,10000,2500
2327,72549.79003744599,73212.708581586,662.68996010501,10000,2500
2328,72549.79013744599,73213.045368177,662.9184539800044,10000,2500
2329,72549.790237446,73213.255102335,663.2551365070103,10000,2500
2330,72549.79033744599,73213.520832849,663.464770636012,10000,2500
2331,72549.79043744599,73213.751229702,663.7304026570055,10000,2500
2332,72549.790537446,73214.02279095,663.9606979939999,10000,2500
2333,72549.790637446,73214.254448889,664.2321608280035,10000,2500
2334,72549.79073744599,73214.487604993,664.4637172710063,10000,2500
2335,72549.790837446,73214.718145658,664.6967735710059,10000,2500
2336,72549.790937446,73214.954505727,664.9272149019962,10000,2500
2337,72549.79103744599,73215.243983846,665.1634806730144,10000,2500
2338,72549.791137446,73215.46564454,665.4528523780027,10000,2500
2339,72549.791237446,73215.697867806,665.6744129410072,10000,2500
2340,72549.79133744599,73215.959062301,665.9065362590045,10000,2500
2341,72549.791437446,73216.23974525,666.1676313110074,10000,2500
2342,72549.791537446,73216.608069973,666.4482226779946,10000,2500
2343,72549.79163744599,73216.881392538,666.8164459030086,10000,2500
2344,72549.791737446,73217.093784175,667.089661045,10000,2500
2345,72549.791837446,73217.338903859,667.3019523450057,10000,2500
2346,72549.79193744599,73217.642064392,667.5469732540078,10000,2500
2347,72549.792037446,73217.88451337,667.8500425580132,10000,2500
2348,72549.792137446,73218.158028191,668.0923902820068,10000,2500
2349,72549.79223744599,73218.489083018,668.3658053820109,10000,2500
2350,72549.792337446,73218.791351832,668.6967514850112,10000,2500
2351,72549.792437446,73219.011631041,668.9989207850012,10000,2500
2352,72549.79253744599,73219.215057118,669.2191000000166,10000,2500
2353,72549.792637446,73219.444317619,669.4224264440127,10000,2500
2354,72549.792737446,73219.796398079,669.6515991350025,10000,2500
2355,72549.79283744599,73220.094780573,670.0035709840158,10000,2500
2356,72549.79293744599,73220.518882789,670.3018491080002,10000,2500
2357,72549.793037446,73220.826609069,670.7258527670056,10000,2500
2358,72549.79313744599,73221.05789541,671.0334907850192,10000,2500
2359,72549.79323744599,73221.326615182,671.2646667220106,10000,2500
2360,72549.793337446,73221.578587177,671.5332869170088,10000,2500
2361,72549.79343744599,73221.811897705,671.7851583570155,10000,2500
2362,72549.79353744599,73222.099179635,672.0183683820069,10000,2500
2363,72549.793637446,73222.460724163,672.3055592379969,10000,2500
2364,72549.79373744599,73222.829393776,672.6670012880058,10000,2500
2365,72549.79383744599,73223.038982136,673.0355622100033,10000,2500
2366,72549.793937446,73223.254582951,673.245053895007,10000,2500
2367,72549.79403744599,73223.507583639,673.46055264202,10000,2500
2368,72549.79413744599,73223.734719228,673.7134588970075,10000,2500
2369,72549.794237446,73223.950149449,673.9404883980023,10000,2500
2370,72549.79433744599,73224.191487008,674.1558185920148,10000,2500
2371,72549.79443744599,73224.449388431,674.3970634680154,10000,2500
2372,72549.794537446,73224.68055821,674.6548569870065,10000,2500
2373,72549.79463744599,73224.980173373,674.8859265580104,10000,2500
2374,72549.79473744599,73225.330352698,675.1854508410033,10000,2500
2375,72549.794837446,73225.538127232,675.5355281890079,10000,2500
2376,72549.79493744599,73225.774409212,675.7431955760112,10000,2500
2377,72549.79503744599,73226.098281178,675.9793924870028,10000,2500
2378,72549.795137446,73226.314150172,676.3031499260105,10000,2500
2379,72549.79523744599,73226.585355889,676.5189282570209,10000,2500
2380,72549.79533744599,73226.846340826,676.7900272120169,10000,2500
2381,72549.795437446,73227.122255874,677.0509103280056,10000,2500
2382,72549.795537446,73227.489660743,677.3267243209993,10000,2500
2383,72549.79563744599,73227.889972914,677.6940364480106,10000,2500
2384,72549.795737446,73228.607094875,678.094241483006,10000,2500
2385,72549.795837446,73228.810108613,678.811263555006,10000,2500
2386,72549.79593744599,73229.089699192,679.0141786840104,10000,2500
2387,72549.796037446,73229.407279783,679.2936773530091,10000,2500
2388,72549.796137446,73229.676884201,679.6111577840056,10000,2500
2389,72549.79623744599,73229.897903514,679.8806528540154,10000,2500
2390,72549.796337446,73230.263599735,680.1015726540063,10000,2500
2391,72549.796437446,73230.687406986,680.4671681030013,10000,2500
2392,72549.79653744599,73230.907210256,680.8908754400181,10000,2500
2393,72549.796637446,73231.122646289,681.110578486012,10000,2500
2394,72549.796737446,73231.340400298,681.3259221400076,10000,2500
2395,72549.79683744599,73231.695809331,681.543568706009,10000,2500
2396,72549.796937446,73231.910902578,681.8988828520087,10000,2500
2397,72549.797037446,73232.171269404,682.1138711420062,10000,2500
2398,72549.79713744599,73232.384176632,682.374145275011,10000,2500
2399,72549.797237446,73232.650140643,682.5869450560131,10000,2500
2400,72549.797337446,73232.864240677,682.8528202220041,10000,2500
2401,72549.79743744599,73233.109941234,683.0668094140128,10000,2500
2402,72549.797537446,73233.388584306,683.3124100060086,10000,2500
2403,72549.797637446,73233.632766731,683.590952826009,10000,2500
2404,72549.79773744599,73234.018390352,683.8350448620185,10000,2500
2405,72549.79783744599,73234.316044747,684.220565925003,10000,2500
2406,72549.797937446,73234.670241337,684.5181136680039,10000,2500
2407,72549.79803744599,73234.962729186,684.8722106140194,10000,2500
2408,72549.79813744599,73235.181108276,685.164605102007,10000,2500
2409,72549.798237446,73235.565058817,685.3828832650033,10000,2500
2410,72549.79833744599,73235.831152105,685.7667422600061,10000,2500
2411,72549.79843744599,73236.051172551,686.0327292170114,10000,2500
2412,72549.798537446,73236.394453417,686.2526409330021,10000,2500
2413,72549.79863744599,73236.750447073,686.5958366860141,10000,2500
2414,72549.79873744599,73236.986507636,686.9517245960014,10000,2500
2415,72549.798837446,73237.240551549,687.1876851730049,10000,2500
2416,72549.79893744599,73237.493279326,687.4416263910098,10000,2500
2417,72549.79903744599,73237.769543331,687.6942481050064,10000,2500
2418,72549.799137446,73238.175229035,687.9704131420003,10000,2500
2419,72549.79923744599,73238.432886179,688.375998270014,10000,2500
2420,72549.79933744599,73238.682041309,688.633554665008,10000,2500
2421,72549.799437446,73238.939561271,688.8826097740093,10000,2500
2422,72549.79953744599,73239.297318041,689.14003142601,10000,2500
2423,72549.79963744599,73239.535457226,689.4976871430117,10000,2500
2424,72549.799737446,73239.771315889,689.7357317840069,10000,2500
2425,72549.79983744599,73240.006949368,689.971483996007,10000,2500
2426,72549.79993744599,73240.323701084,690.2070196180139,10000,2500
2427,72549.800037446,73240.604368184,690.5236699550005,10000,2500
2428,72549.800137446,73240.831348498,690.8042453859962,10000,2500
2429,72549.80023744599,73241.293457882,691.0311270410166,10000,2500
2430,72549.800337446,73241.567299683,691.4931272930116,10000,2500
2431,72549.800437446,73241.89082459,691.7668796890066,10000,2500
2432,72549.80053744599,73242.126817787,692.0903011870105,10000,2500
2433,72549.800637446,73242.557794462,692.3261872750008,10000,2500
2434,72549.800737446,73242.777379011,692.7570715180045,10000,2500
2435,72549.80083744599,73243.04368726,692.9765484480158,10000,2500
2436,72549.800937446,73243.268542338,693.2427555739996,10000,2500
2437,72549.801037446,73243.627608588,693.467511520008,10000,2500
2438,72549.80113744599,73243.882130842,693.8264769450179,10000,2500
2439,72549.801237446,73244.100618553,694.08090640101,10000,2500
2440,72549.801337446,73244.321565358,694.2992969729967,10000,2500
2441,72549.80143744599,73244.586342944,694.520143649017,10000,2500
2442,72549.801537446,73244.855134747,694.7848120620038,10000,2500
2443,72549.801637446,73245.119593436,695.0535112180078,10000,2500
2444,72549.80173744599,73245.324875671,695.3178715290123,10000,2500
2445,72549.801837446,73245.640793549,695.5230445680063,10000,2500
2446,72549.801937446,73245.879495004,695.8388725389959,10000,2500
2447,72549.80203744599,73246.098324666,696.0774643630139,10000,2500
2448,72549.802137446,73246.407078435,696.2961933270126,10000,2500
2449,72549.802237446,73246.607940381,696.6048539100011,10000,2500
2450,72549.80233744599,73246.858158755,696.8056108760065,10000,2500
2451,72549.802437446,73247.0776351,697.0557278540073,10000,2500
2452,72549.802537446,73247.325478635,697.2751034310058,10000,2500
2453,72549.80263744599,73247.556459851,697.5228470040165,10000,2500
2454,72549.80273744599,73247.847260735,697.7537283580023,10000,2500
2455,72549.802837446,73248.269288042,698.0444292930042,10000,2500
2456,72549.80293744599,73248.630737585,698.4663562810165,10000,2500
2457,72549.80303744599,73248.858603771,698.8277067590097,10000,2500
2458,72549.803137446,73249.06736976,699.0554719700012,10000,2500
2459,72549.80323744599,73249.435235862,699.2641384440067,10000,2500
2460,72549.80333744599,73249.644486393,699.6319123190042,10000,2500
2461,72549.803437446,73249.947066133,699.8410549679975,10000,2500
2462,72549.80353744599,73250.321818538,700.1435433810111,10000,2500
2463,72549.80363744599,73250.589135066,700.5181939440081,10000,2500
2464,72549.803737446,73251.102944044,700.785410425,10000,2500
2465,72549.80383744599,73251.488469447,701.2991122440144,10000,2500
2466,72549.80393744599,73251.783924458,701.6845449680113,10000,2500
2467,72549.804037446,73251.992258893,701.9798933450074,10000,2500
2468,72549.80413744599,73252.411346788,702.1881571700069,10000,2500
2469,72549.80423744599,73252.624348948,702.6071228540095,10000,2500
2470,72549.804337446,73253.035497344,702.8200263269973,10000,2500
2471,72549.80443744599,73253.254155372,703.2310761560075,10000,2500
2472,72549.80453744599,73253.537328971,703.4496321200131,10000,2500
2473,72549.804637446,73253.743645209,703.7326974930038,10000,2500
2474,72549.80473744599,73253.987479134,703.9389146430185,10000,2500
2475,72549.80483744599,73254.259752312,704.182654180011,10000,2500
2476,72549.804937446,73254.555863788,704.4548218679993,10000,2500
2477,72549.805037446,73254.830031606,704.7508403579996,10000,2500
2478,72549.80513744599,73255.068325681,705.0249072930164,10000,2500
2479,72549.805237446,73255.446010964,705.2630944850098,10000,2500
2480,72549.805337446,73255.774090799,705.6406790759938,10000,2500
2481,72549.80543744599,73255.988928019,705.968659162012,10000,2500
2482,72549.805537446,73256.222118587,706.1833966870036,10000,2500
2483,72549.805637446,73256.46926806,706.4164956169989,10000,2500
2484,72549.80573744599,73256.7046562,706.6635366900155,10000,2500
2485,72549.805837446,73256.966463265,706.8988276970049,10000,2500
2486,72549.805937446,73257.18065171,707.1605317390058,10000,2500
2487,72549.80603744599,73257.461354537,707.374627326004,10000,2500
2488,72549.806137446,73257.668661513,707.6552231320093,10000,2500
2489,72549.806237446,73257.933272598,707.8624298490031,10000,2500
2490,72549.80633744599,73258.174937208,708.1269407600048,10000,2500
2491,72549.806437446,73258.417866034,708.3685073510132,10000,2500
2492,72549.806537446,73258.806542844,708.611334235,10000,2500
2493,72549.80663744599,73259.085230541,708.9999201560131,10000,2500
2494,72549.806737446,73259.413495195,709.2785074880085,10000,2500
2495,72549.806837446,73259.775689918,709.6066720200033,10000,2500
2496,72549.80693744599,73260.230306396,709.9687581910111,10000,2500
2497,72549.807037446,73260.611800007,710.4232823170023,10000,2500
2498,72549.807137446,73260.869085452,710.8046683489956,10000,2500
2499,72549.80723744599,73261.270054143,711.0618641950132,10000,2500
2500,72549.807337446,73261.505244476,711.4627515810134,10000,2500
2501,72549.807437446,73261.787555791,711.6978273740096,10000,2500
2502,72549.80753744599,73262.060360007,711.9800241080084,10000,2500
2503,72549.80763744599,73262.271676612,712.2527284360112,10000,2500
2504,72549.807737446,73263.039300697,712.4639499909972,10000,2500
2505,72549.80783744599,73263.269457441,713.2314694380184,10000,2500
2506,72549.80793744599,73263.516582503,713.4615254180098,10000,2500
2507,72549.808037446,73263.821520916,713.7085574719968,10000,2500
2508,72549.80813744599,73264.042540648,714.0133915490151,10000,2500
2509,72549.80823744599,73264.312386399,714.2343094320095,10000,2500
2510,72549.808337446,73264.607502107,714.5040579449997,10000,2500
2511,72549.80843744599,73264.981848018,714.7990780660184,10000,2500
2512,72549.80853744599,73265.256124904,715.1733180940064,10000,2500
2513,72549.808637446,73265.52780164,715.447493945001,10000,2500
2514,72549.80873744599,73265.72839783,715.7190777810174,10000,2500
2515,72549.80883744599,73266.010590307,715.9195665640145,10000,2500
2516,72549.808937446,73266.297319163,716.2016587320104,10000,2500
2517,72549.80903744599,73266.572920711,716.488288099019,10000,2500
2518,72549.80913744599,73266.814382375,716.7637887520104,10000,2500
2519,72549.809237446,73267.032675826,717.0051607310015,10000,2500
2520,72549.80933744599,73267.480975839,717.223346512008,10000,2500
2521,72549.80943744599,73267.70561657,717.6715461820131,10000,2500
2522,72549.809537446,73268.040689599,717.8960914580093,10000,2500
2523,72549.80963744599,73268.290215745,718.2310581810161,10000,2500
2524,72549.80973744599,73268.533941739,718.4804936460132,10000,2500
2525,72549.809837446,73268.912229652,718.7241101600084,10000,2500
2526,72549.809937446,73269.291553163,719.1023033300007,10000,2500
2527,72549.81003744599,73269.501965062,719.4815220210148,10000,2500
2528,72549.810137446,73269.975112193,719.691834178011,10000,2500
2529,72549.810237446,73270.293412456,720.1648804059951,10000,2500
2530,72549.81033744599,73270.627267655,720.4830852840096,10000,2500
2531,72549.810437446,73270.950623054,720.8168362470024,10000,2500
2532,72549.810537446,73271.201155191,721.140092297006,10000,2500
2533,72549.81063744599,73271.489365528,721.390530241013,10000,2500
2534,72549.810737446,73271.789895792,721.6786341970001,10000,2500
2535,72549.810837446,73272.095966383,721.9790650089999,10000,2500
2536,72549.81093744599,73272.404973514,722.2850346520136,10000,2500
2537,72549.811037446,73272.755541275,722.5939494660124,10000,2500
2538,72549.811137446,73273.132746728,722.944412494995,10000,2500
2539,72549.81123744599,73273.381634885,723.3215155120124,10000,2500
2540,72549.811337446,73273.592116599,723.570312515003,10000,2500
2541,72549.811437446,73273.840671707,723.7806864230079,10000,2500
2542,72549.81153744599,73274.1343539,724.029139855018,10000,2500
2543,72549.811637446,73274.389740766,724.3227230300108,10000,2500
2544,72549.811737446,73274.632147153,724.578008823999,10000,2500
2545,72549.81183744599,73274.843932604,724.8203249970102,10000,2500
2546,72549.811937446,73275.16258793,725.0320019510109,10000,2500
2547,72549.812037446,73275.408374026,725.3505560210033,10000,2500
2548,72549.81213744599,73275.709775567,725.5962432640081,10000,2500
2549,72549.81223744599,73275.975358193,725.8975449710124,10000,2500
2550,72549.812337446,73276.332315239,726.1630264679989,10000,2500
2551,72549.81243744599,73276.642471184,726.5198909050087,10000,2500
2552,72549.81253744599,73276.907430854,726.8299398790114,10000,2500
2553,72549.812637446,73277.137669168,727.0948270710069,10000,2500
2554,72549.81273744599,73277.489668055,727.3249376460153,10000,2500
2555,72549.81283744599,73277.768922116,727.6768376110122,10000,2500
2556,72549.812937446,73278.004315183,727.9559988200053,10000,2500
2557,72549.81303744599,73278.218309981,728.191294912016,10000,2500
2558,72549.81313744599,73278.591290297,728.4051798550063,10000,2500
2559,72549.813237446,73278.814336337,728.778067805004,10000,2500
2560,72549.81333744599,73279.128371339,729.0010156550125,10000,2500
2561,72549.81343744599,73279.333187943,729.3149398870155,10000,2500
2562,72549.813537446,73279.566055847,729.519657648998,10000,2500
2563,72549.81363744599,73279.781825386,729.7524313810136,10000,2500
2564,72549.81373744599,73280.004705108,729.968093722011,10000,2500
2565,72549.813837446,73280.330317867,730.1908829059976,10000,2500
2566,72549.81393744599,73280.592776018,730.5163865090144,10000,2500
2567,72549.81403744599,73280.824469123,730.778746069016,10000,2500
2568,72549.814137446,73281.060155789,731.0103376140032,10000,2500
2569,72549.81423744599,73281.458223734,731.2459302410134,10000,2500
2570,72549.81433744599,73281.868598816,731.6438991600153,10000,2500
2571,72549.814437446,73282.119524814,732.0541836280026,10000,2500
2572,72549.81453744599,73282.352966202,732.3049932530121,10000,2500
2573,72549.81463744599,73282.593381762,732.5383442080056,10000,2500
2574,72549.814737446,73282.836437813,732.7786508709978,10000,2500
2575,72549.814837446,73283.088488746,733.0216064069973,10000,2500
2576,72549.81493744599,73283.341920952,733.2735599290172,10000,2500
2577,72549.815037446,73283.556320241,733.526890647001,10000,2500
2578,72549.815137446,73283.822826172,733.7411892460077,10000,2500
2579,72549.81523744599,73284.087776105,734.0075944200071,10000,2500
2580,72549.815337446,73284.317614356,734.272445931012,10000,2500
2581,72549.815437446,73284.691049652,734.502190069994,10000,2500
2582,72549.81553744599,73284.945835719,734.875526681004,10000,2500
2583,72549.815637446,73285.174049173,735.1302059350128,10000,2500
2584,72549.815737446,73285.422808728,735.358325246998,10000,2500
2585,72549.81583744599,73285.752890313,735.6069776460063,10000,2500
2586,72549.815937446,73286.231165321,735.9369590310089,10000,2500
2587,72549.816037446,73286.554362029,736.4151429869962,10000,2500
2588,72549.81613744599,73286.848617256,736.7382343790086,10000,2500
2589,72549.816237446,73287.105381057,737.0324039550032,10000,2500
2590,72549.816337446,73287.390350469,737.2890565429989,10000,2500
2591,72549.81643744599,73287.644649549,737.573918789014,10000,2500
2592,72549.816537446,73287.920426313,737.828125666012,10000,2500
2593,72549.816637446,73288.127259369,738.1037946680008,10000,2500
2594,72549.81673744599,73288.38085415,738.3105286010104,10000,2500
2595,72549.816837446,73288.594896908,738.5640352120099,10000,2500
2596,72549.816937446,73288.800792626,738.7779679859959,10000,2500
2597,72549.81703744599,73289.178144974,738.9837633990101,10000,2500
2598,72549.81713744599,73289.646767209,739.3610157910007,10000,2500
2599,72549.817237446,73289.918090535,739.8295505970018,10000,2500
2600,72549.81733744599,73290.202765878,740.1007720150083,10000,2500
2601,72549.81743744599,73290.462896211,740.3853514120128,10000,2500
2602,72549.817537446,73290.672704491,740.645365910008,10000,2500
2603,72549.81763744599,73290.971521293,740.8550731930154,10000,2500
2604,72549.81773744599,73291.207564574,741.1537988760101,10000,2500
2605,72549.817837446,73291.468594917,741.3897332540073,10000,2500
2606,72549.81793744599,73291.716203165,741.6506709150126,10000,2500
2607,72549.81803744599,73292.061847225,741.8981734660047,10000,2500
2608,72549.818137446,73292.313782626,742.2437222230074,10000,2500
2609,72549.81823744599,73292.655946071,742.4955584160198,10000,2500
2610,72549.81833744599,73292.876270565,742.8376144540089,10000,2500
2611,72549.818437446,73293.125831108,743.0578393910109,10000,2500
2612,72549.81853744599,73293.349408678,743.3073080670147,10000,2500
2613,72549.81863744599,73293.603605447,743.5307772460073,10000,2500
2614,72549.818737446,73294.0866681,743.784874932011,10000,2500
2615,72549.81883744599,73294.336496212,744.2678363690211,10000,2500
2616,72549.81893744599,73294.550192424,744.5175656230131,10000,2500
2617,72549.819037446,73294.756848701,744.7311610360048,10000,2500
2618,72549.81913744599,73294.965158158,744.9377170710213,10000,2500
2619,72549.81923744599,73295.207610397,745.1459267880127,10000,2500
2620,72549.819337446,73295.65220767,745.3882867690118,10000,2500
2621,72549.819437446,73296.075144523,745.8327772199991,10000,2500
2622,72549.81953744599,73296.284566116,746.255613004003,10000,2500
2623,72549.819637446,73296.495120725,746.4649349170068,10000,2500
2624,72549.819737446,73296.786195423,746.6753950150014,10000,2500
2625,72549.81983744599,73297.154217513,746.9663639490172,10000,2500
2626,72549.819937446,73297.582279137,747.3342942200106,10000,2500
2627,72549.820037446,73297.823700943,747.7622525019979,10000,2500
2628,72549.82013744599,73298.115424342,748.0035690670047,10000,2500
2629,72549.820237446,73298.326278346,748.2952013750037,10000,2500
2630,72549.820337446,73298.585526896,748.5059492900036,10000,2500
2631,72549.82043744599,73298.828454984,748.765102276011,10000,2500
2632,72549.820537446,73299.18618652,749.0079242780048,10000,2500
2633,72549.820637446,73299.5599126,749.365555174998,10000,2500
2634,72549.82073744599,73300.00808791,749.739182291014,10000,2500
2635,72549.820837446,73300.258281192,750.1872563330107,10000,2500
2636,72549.820937446,73300.46849841,750.4373518829962,10000,2500
2637,72549.82103744599,73300.722673115,750.6474732110073,10000,2500
2638,72549.821137446,73300.991225195,750.9015414360038,10000,2500
2639,72549.821237446,73301.231318247,751.1699950820039,10000,2500
2640,72549.82133744599,73301.440824519,751.4099866570177,10000,2500
2641,72549.821437446,73301.643263592,751.6194005060097,10000,2500
2642,72549.821537446,73301.863947073,751.8217323209974,10000,2500
2643,72549.82163744599,73302.105734577,752.042316053019,10000,2500
2644,72549.821737446,73302.732093098,752.2840029630024,10000,2500
2645,72549.821837446,73303.204033449,752.9102615980082,10000,2500
2646,72549.82193744599,73303.50264669,753.3821048400132,10000,2500
2647,72549.82203744599,73303.731915369,753.6806230540096,10000,2500
2648,72549.822137446,73303.953558255,753.9097839150054,10000,2500
2649,72549.82223744599,73304.194366673,754.1313336280145,10000,2500
2650,72549.82233744599,73304.502685084,754.3720411810064,10000,2500
2651,72549.822437446,73304.837314648,754.6802616299974,10000,2500
2652,72549.82253744599,73305.056742844,755.0147899890144,10000,2500
2653,72549.82263744599,73305.274977214,755.2341188170103,10000,2500
2654,72549.822737446,73305.511365375,755.4522476470011,10000,2500
2655,72549.82283744599,73305.725200468,755.6885334360122,10000,2500
2656,72549.82293744599,73306.020743554,755.902270414008,10000,2500
2657,72549.823037446,73306.297880087,756.1977125490084,10000,2500
2658,72549.82313744599,73306.515142726,756.474748262015,10000,2500
2659,72549.82323744599,73306.735147393,756.6919159490062,10000,2500
2660,72549.823337446,73306.957284548,756.911815480009,10000,2500
2661,72549.82343744599,73307.201755143,757.1338538570126,10000,2500
2662,72549.82353744599,73307.472565851,757.3782319220045,10000,2500
2663,72549.823637446,73307.731484485,757.6489340380067,10000,2500
2664,72549.82373744599,73308.101355681,757.9077579390141,10000,2500
2665,72549.82383744599,73308.34788982,758.2775240160117,10000,2500
2666,72549.823937446,73308.614988381,758.5239584090014,10000,2500
2667,72549.82403744599,73308.819295721,758.7909565280133,10000,2500
2668,72549.82413744599,73309.244757712,758.9951647250127,10000,2500
2669,72549.824237446,73309.48762162,759.4205264990014,10000,2500
2670,72549.824337446,73309.795729599,759.663296098006,10000,2500
2671,72549.82443744599,73310.046733503,759.9713052980078,10000,2500
2672,72549.824537446,73310.254540699,760.2222090760042,10000,2500
2673,72549.824637446,73310.575337022,760.4299091629946,10000,2500
2674,72549.82473744599,73310.827495519,760.7506213920133,10000,2500
2675,72549.824837446,73311.061539021,761.0026645489997,10000,2500
2676,72549.824937446,73311.292452772,761.236617032002,10000,2500
2677,72549.82503744599,73311.72206052,761.467422346017,10000,2500
2678,72549.825137446,73311.949811581,761.8969287799991,10000,2500
2679,72549.825237446,73312.16032675,762.1245864520024,10000,2500
2680,72549.82533744599,73312.437147417,762.3350044390099,10000,2500
2681,72549.825437446,73312.645463918,762.6117161580041,10000,2500
2682,72549.825537446,73312.881899739,762.8199370270013,10000,2500
2683,72549.82563744599,73313.085552172,763.0562747400108,10000,2500
2684,72549.825737446,73313.312711283,763.2598273980111,10000,2500
2685,72549.825837446,73313.676253227,763.4868847559992,10000,2500
2686,72549.82593744599,73313.889516987,763.8503214150114,10000,2500
2687,72549.826037446,73314.142199666,764.0634892180096,10000,2500
2688,72549.826137446,73314.408422788,764.3160824799997,10000,2500
2689,72549.82623744599,73314.658626481,764.5821914870176,10000,2500
2690,72549.826337446,73314.961536529,764.8322958750068,10000,2500
2691,72549.826437446,73315.295904799,765.135105125999,10000,2500
2692,72549.82653744599,73315.524290312,765.4693734800094,10000,2500
2693,72549.82663744599,73315.789363943,765.6976589740079,10000,2500
2694,72549.826737446,73316.148164338,765.9626329489984,10000,2500
2695,72549.82683744599,73316.413177782,766.3213327880076,10000,2500
2696,72549.82693744599,73316.620729794,766.5862481700024,10000,2500
2697,72549.827037446,73316.831273712,766.7936984920088,10000,2500
2698,72549.82713744599,73317.212726972,767.0041430020065,10000,2500
2699,72549.82723744599,73317.612434086,767.3854960100143,10000,2500
2700,72549.827337446,73317.817019623,767.7851234260015,10000,2500
2701,72549.82743744599,73318.119669706,767.989588099008,10000,2500
2702,72549.82753744599,73318.322496011,768.2921496000054,10000,2500
2703,72549.827637446,73318.53692709,768.4948654690088,10000,2500
2704,72549.82773744599,73318.871380911,768.7091958090168,10000,2500
2705,72549.82783744599,73319.174092268,769.0435616450122,10000,2500
2706,72549.827937446,73319.393362067,769.3461615520064,10000,2500
2707,72549.82803744599,73319.68428509,769.5653381900192,10000,2500
2708,72549.82813744599,73319.974809519,769.8561564100091,10000,2500
2709,72549.828237446,73320.219676604,770.1465839180019,10000,2500
2710,72549.82833744599,73320.455365514,770.3913461820193,10000,2500
2711,72549.82843744599,73320.937619859,770.6269354030082,10000,2500
2712,72549.828537446,73321.493201881,771.1090893979999,10000,2500
2713,72549.82863744599,73321.694547785,771.6645784630091,10000,2500
2714,72549.82873744599,73321.939836005,771.8658176810131,10000,2500
2715,72549.828837446,73322.164665713,772.1110160890094,10000,2500
2716,72549.82893744599,73322.436488916,772.3357346210105,10000,2500
2717,72549.82903744599,73322.635718989,772.6074607310147,10000,2500
2718,72549.829137446,73322.965419746,772.8065887840057,10000,2500
2719,72549.829237446,73323.238541408,773.1361967690027,10000,2500
2720,72549.82933744599,73323.62188036,773.4092131970101,10000,2500
2721,72549.829437446,73323.83979894,773.7924490029982,10000,2500
2722,72549.829537446,73324.085935731,774.0102692509972,10000,2500
2723,72549.82963744599,73324.296124818,774.2563102880085,10000,2500
2724,72549.829737446,73324.663839268,774.46639907801,10000,2500
2725,72549.829837446,73325.034581368,774.8340077400062,10000,2500
2726,72549.82993744599,73325.245389913,775.2046508490166,10000,2500
2727,72549.830037446,73325.555133416,775.4153663120087,10000,2500
2728,72549.830137446,73325.897639264,775.7250125930004,10000,2500
2729,72549.83023744599,73326.12762516,776.0674092200061,10000,2500
2730,72549.830337446,73326.449846847,776.2972945370129,10000,2500
2731,72549.830437446,73326.734013684,776.6194225960062,10000,2500
2732,72549.83053744599,73327.041103356,776.9034819940134,10000,2500
2733,72549.830637446,73327.480147303,777.2104747980047,10000,2500
2734,72549.830737446,73327.697988488,777.6494166560005,10000,2500
2735,72549.83083744599,73328.094584371,777.8671676100057,10000,2500
2736,72549.830937446,73328.341349364,778.2636640070123,10000,2500
2737,72549.831037446,73328.730366914,778.510325604002,10000,2500
2738,72549.83113744599,73328.955593859,778.8992362260178,10000,2500
2739,72549.831237446,73329.269054813,779.1243689290131,10000,2500
2740,72549.831337446,73329.579212946,779.4377302590001,10000,2500
2741,72549.83143744599,73329.808472593,779.7477819970081,10000,2500
2742,72549.83153744599,73330.052580605,779.9769407960121,10000,2500
2743,72549.831637446,73330.348539203,780.2209543979989,10000,2500
2744,72549.83173744599,73330.604009626,780.5168148590164,10000,2500
2745,72549.83183744599,73330.831467528,780.7721844980115,10000,2500
2746,72549.831937446,73331.213489846,780.9995360800094,10000,2500
2747,72549.83203744599,73331.512088685,781.38146636702,10000,2500
2748,72549.83213744599,73331.720950261,781.6799575340119,10000,2500
2749,72549.832237446,73332.005201109,781.8887266660022,10000,2500
2750,72549.83233744599,73332.256630251,782.1728707700095,10000,2500
2751,72549.83243744599,73332.492532404,782.4241990910086,10000,2500
2752,72549.832537446,73332.745355739,782.6600037760072,10000,2500
2753,72549.83263744599,73333.345834976,782.9127243100083,10000,2500
2754,72549.83273744599,73333.662782381,783.5131029870099,10000,2500
2755,72549.832837446,73333.876200807,783.8299606150104,10000,2500
2756,72549.83293744599,73334.100913859,784.0432778050163,10000,2500
2757,72549.83303744599,73334.685581921,784.26789185901,10000,2500
2758,72549.833137446,73334.915343269,784.852458608002,10000,2500
2759,72549.83323744599,73335.513946051,785.082111700016,10000,2500
2760,72549.83333744599,73335.768932205,785.6806252160022,10000,2500
2761,72549.833437446,73336.107556766,785.935500476,10000,2500
2762,72549.83353744599,73336.379375107,786.274034498012,10000,2500
2763,72549.83363744599,73336.653515423,786.5457435110147,10000,2500
2764,72549.833737446,73336.856897679,786.8197846170078,10000,2500
2765,72549.833837446,73337.174819749,787.0230670449964,10000,2500
2766,72549.83393744599,73337.419296165,787.340887910017,10000,2500
2767,72549.834037446,73337.728363134,787.5852656450006,10000,2500
2768,72549.834137446,73338.020155655,787.8942318640038,10000,2500
2769,72549.83423744599,73338.226400162,788.1859320140065,10000,2500
2770,72549.834337446,73338.513567608,788.3920775980077,10000,2500
2771,72549.834437446,73338.739629806,788.6791362990043,10000,2500
2772,72549.83453744599,73339.011852787,788.9050987270166,10000,2500
2773,72549.834637446,73339.469216031,789.1772214170051,10000,2500
2774,72549.834737446,73339.770742789,789.6344849669986,10000,2500
2775,72549.83483744599,73340.06731191,789.9359110740043,10000,2500
2776,72549.834937446,73340.309306187,790.2323888390092,10000,2500
2777,72549.835037446,73340.627369772,790.4742820709944,10000,2500
2778,72549.83513744599,73341.006306853,790.7922385840066,10000,2500
2779,72549.835237446,73341.317632205,791.1710829320073,10000,2500
2780,72549.835337446,73341.520593447,791.4823141570087,10000,2500
2781,72549.83543744599,73341.80255436,791.6851646590076,10000,2500
2782,72549.835537446,73342.008524871,791.967030314001,10000,2500
2783,72549.835637446,73342.237290557,792.1728943119961,10000,2500
2784,72549.83573744599,73342.443484839,792.4015658350108,10000,2500
2785,72549.835837446,73342.665896614,792.6076534820022,10000,2500
2786,72549.835937446,73342.948073277,792.8299740250077,10000,2500
2787,72549.83603744599,73343.264699135,793.1120428360155,10000,2500
2788,72549.836137446,73343.633142445,793.4285675790015,10000,2500
2789,72549.836237446,73343.838621892,793.7969111370039,10000,2500
2790,72549.83633744599,73344.120601552,794.0022901000193,10000,2500
2791,72549.83643744599,73344.40418751,794.2841785530036,10000,2500
2792,72549.836537446,73344.629371008,794.5676557469997,10000,2500
2793,72549.83663744599,73344.92655175,794.7927431590069,10000,2500
2794,72549.83673744599,73345.218742556,795.0898200520023,10000,2500
2795,72549.836837446,73345.503812325,795.3819327969977,10000,2500
2796,72549.83693744599,73345.815723626,795.6668807230162,10000,2500
2797,72549.83703744599,73346.046107747,795.9787013790046,10000,2500
2798,72549.837137446,73346.337509172,796.2089838590036,10000,2500
2799,72549.83723744599,73346.607503027,796.5002789840073,10000,2500
2800,72549.83733744599,73346.904037317,796.7701832970051,10000,2500
2801,72549.837437446,73347.154876677,797.0666058180068,10000,2500
2802,72549.83753744599,73347.434957874,797.317345478019,10000,2500
2803,72549.83763744599,73347.68994193,797.5973265640059,10000,2500
2804,72549.837737446,73347.966214157,797.8522187519993,10000,2500
2805,72549.83783744599,73348.209826763,798.1283893120126,10000,2500
2806,72549.83793744599,73348.442858471,798.3718991390051,10000,2500
2807,72549.838037446,73348.681759531,798.6048268750019,10000,2500
2808,72549.83813744599,73349.187655601,798.8436281280156,10000,2500
2809,72549.83823744599,73349.397825291,799.3494241010048,10000,2500
2810,72549.838337446,73349.750847437,799.5594944040058,10000,2500
2811,72549.83843744599,73349.993342088,799.9124229150184,10000,2500
2812,72549.83853744599,73350.42924467,800.1548106420087,10000,2500
2813,72549.838637446,73350.714240697,800.5906160250015,10000,2500
2814,72549.838737446,73351.047828934,800.8755092500069,10000,2500
2815,72549.83883744599,73351.261185042,801.2090012280096,10000,2500
2816,72549.838937446,73351.535202194,801.4222555940069,10000,2500
2817,72549.839037446,73351.771120276,801.6961706010043,10000,2500
2818,72549.83913744599,73351.988981908,801.9319901600102,10000,2500
2819,72549.839237446,73352.279620517,802.1497503990104,10000,2500
2820,72549.839337446,73352.532606131,802.4402899859997,10000,2500
2821,72549.83943744599,73352.909100886,802.6931758620049,10000,2500
2822,72549.839537446,73353.283408923,803.0695695350005,10000,2500
2823,72549.839637446,73353.668351595,803.4437778910069,10000,2500
2824,72549.83973744599,73353.938198934,803.8286224440089,10000,2500
2825,72549.839837446,73354.302121914,804.0983675250027,10000,2500
2826,72549.839937446,73354.554724533,804.4621993119945,10000,2500
2827,72549.84003744599,73355.079988413,804.714700297016,10000,2500
2828,72549.840137446,73355.320322229,805.2398589380027,10000,2500
2829,72549.840237446,73355.547477216,805.4800908330071,10000,2500
2830,72549.84033744599,73355.770565555,805.7071548300155,10000,2500
2831,72549.840437446,73355.978217708,805.9301348040026,10000,2500
2832,72549.840537446,73356.203118277,806.137686920003,10000,2500
2833,72549.84063744599,73356.428510788,806.3624868500046,10000,2500
2834,72549.840737446,73356.767111665,806.5877804000047,10000,2500
2835,72549.840837446,73357.264467677,806.926280300002,10000,2500
2836,72549.84093744599,73357.516573482,807.4235462840152,10000,2500
2837,72549.84103744599,73357.779107911,807.6755423290015,10000,2500
2838,72549.841137446,73357.981098306,807.9379880960041,10000,2500
2839,72549.84123744599,73358.24310132,808.1398674700176,10000,2500
2840,72549.84133744599,73358.525990539,808.4017775230022,10000,2500
2841,72549.841437446,73358.760406817,808.6845610220043,10000,2500
2842,72549.84153744599,73359.013106685,808.9188751800102,10000,2500
2843,72549.84163744599,73359.21236302,809.1714753580018,10000,2500
2844,72549.841737446,73359.515725297,809.3706332830043,10000,2500
2845,72549.84183744599,73359.762444927,809.6738935280155,10000,2500
2846,72549.84193744599,73360.180061683,809.9205134370131,10000,2500
2847,72549.842037446,73360.485626759,810.3380371149979,10000,2500
2848,72549.84213744599,73360.832739071,810.6434970580158,10000,2500
2849,72549.84223744599,73361.137903788,810.9905150070117,10000,2500
2850,72549.842337446,73361.381683693,811.2955755959993,10000,2500
2851,72549.84243744599,73361.654120149,811.5392517770088,10000,2500
2852,72549.84253744599,73362.140256753,811.8115886030137,10000,2500
2853,72549.842637446,73362.44924927,812.2976255120011,10000,2500
2854,72549.84273744599,73362.662671834,812.6065177360142,10000,2500
2855,72549.84283744599,73362.912629677,812.8198476150137,10000,2500
2856,72549.842937446,73363.134670057,813.0697052739997,10000,2500
2857,72549.84303744599,73363.356718343,813.2916393300111,10000,2500
2858,72549.84313744599,73363.620654088,813.5135873560066,10000,2500
2859,72549.843237446,73363.901436716,813.7774224250024,10000,2500
2860,72549.84333744599,73364.108958554,814.0581066000159,10000,2500
2861,72549.84343744599,73364.31838964,814.265526934003,10000,2500
2862,72549.843537446,73364.56204276,814.4748580260057,10000,2500
2863,72549.843637446,73364.79485621,814.7184142009937,10000,2500
2864,72549.84373744599,73365.043671682,814.9511319800076,10000,2500
2865,72549.843837446,73365.275322743,815.1998478400055,10000,2500
2866,72549.843937446,73365.495766689,815.4313920809946,10000,2500
2867,72549.84403744599,73365.751834534,815.6517353980162,10000,2500
2868,72549.844137446,73365.97743267,815.9077032760106,10000,2500
2869,72549.844237446,73366.384956479,816.1332021179987,10000,2500
2870,72549.84433744599,73366.647837338,816.5406245910126,10000,2500
2871,72549.844437446,73366.913884929,816.8034065070096,10000,2500
2872,72549.844537446,73367.154221542,817.0693615689961,10000,2500
2873,72549.84463744599,73367.44386181,817.3095897670137,10000,2500
2874,72549.844737446,73367.893862892,817.5991336900042,10000,2500
2875,72549.844837446,73368.203402748,818.049032024006,10000,2500
2876,72549.84493744599,73368.745962957,818.3584711180156,10000,2500
2877,72549.845037446,73369.054637358,818.9009392490116,10000,2500
2878,72549.845137446,73369.332586348,819.2095056079997,10000,2500
2879,72549.84523744599,73369.550369285,819.4873633330135,10000,2500
2880,72549.845337446,73369.895653509,819.7050380040018,10000,2500
2881,72549.845437446,73370.10885595,820.0502221530041,10000,2500
2882,72549.84553744599,73370.319370407,820.2633356500155,10000,2500
2883,72549.845637446,73370.582805951,820.4737390640075,10000,2500
2884,72549.845737446,73370.830884353,820.737082822001,10000,2500
2885,72549.84583744599,73371.152471299,820.9850529290125,10000,2500
2886,72549.84593744599,73371.571616569,821.3065400340129,10000,2500
2887,72549.846037446,73372.015176741,821.7255846370099,10000,2500
2888,72549.84613744599,73372.476776049,822.1690493170172,10000,2500
2889,72549.84623744599,73372.757599091,822.6305536250147,10000,2500
2890,72549.846337446,73373.060715141,822.9112687680026,10000,2500
2891,72549.84643744599,73373.467956156,823.2142835660197,10000,2500
2892,72549.84653744599,73373.70752,823.6214261580026,10000,2500
2893,72549.846637446,73374.036181663,823.860895441001,10000,2500
2894,72549.84673744599,73374.32368834,824.1894506780081,10000,2500
2895,72549.84683744599,73374.534038447,824.4768641420087,10000,2500
2896,72549.846937446,73374.772441656,824.6871142290038,10000,2500
2897,72549.84703744599,73375.042387713,824.9254113310162,10000,2500
2898,72549.84713744599,73375.278261574,825.1952558930061,10000,2500
2899,72549.847237446,73375.507662152,825.4310375500063,10000,2500
2900,72549.84733744599,73375.794441553,825.6603440570179,10000,2500
2901,72549.84743744599,73376.01402431,825.9470099270111,10000,2500
2902,72549.847537446,73376.223946094,826.1664932880085,10000,2500
2903,72549.84763744599,73376.481601137,826.3763231580087,10000,2500
2904,72549.84773744599,73376.725634527,826.633870798003,10000,2500
2905,72549.847837446,73376.938449761,826.8778107359976,10000,2500
2906,72549.84793744599,73377.244657392,827.0905181320122,10000,2500
2907,72549.84803744599,73377.503584603,827.3966265530034,10000,2500
2908,72549.848137446,73377.736162575,827.655453282001,10000,2500
2909,72549.848237446,73377.999058223,827.8879357340047,10000,2500
2910,72549.84833744599,73378.230480462,828.1507278810168,10000,2500
2911,72549.848437446,73378.702274919,828.3820487680059,10000,2500
2912,72549.848537446,73378.927843682,828.853744588996,10000,2500
2913,72549.84863744599,73379.170220449,829.0792191950168,10000,2500
2914,72549.848737446,73379.497575837,829.3214889750088,10000,2500
2915,72549.848837446,73379.895976593,829.6487522069947,10000,2500
2916,72549.84893744599,73380.271772401,830.047055980016,10000,2500
2917,72549.849037446,73380.560667113,830.4227467710007,10000,2500
2918,72549.849137446,73380.877990011,830.7115355230053,10000,2500
2919,72549.84923744599,73381.207770673,831.0287783440144,10000,2500
2920,72549.849337446,73381.45675195,831.3584459780104,10000,2500
2921,72549.849437446,73381.775744092,831.6073203749984,10000,2500
2922,72549.84953744599,73382.030947908,831.9262207010179,10000,2500
2923,72549.849637446,73382.430268305,832.1813162900071,10000,2500
2924,72549.849737446,73382.692533089,832.5805373799958,10000,2500
2925,72549.84983744599,73383.018977061,832.8427019320079,10000,2500
2926,72549.849937446,73383.489712644,833.1690454000054,10000,2500
2927,72549.850037446,73383.75322885,833.639690113996,10000,2500
2928,72549.85013744599,73383.97882861,833.9030970010062,10000,2500
2929,72549.850237446,73384.191810462,834.1286068150075,10000,2500
2930,72549.850337446,73384.410691373,834.3414799890015,10000,2500
2931,72549.85043744599,73384.680898604,834.5602602930157,10000,2500
2932,72549.850537446,73384.886445262,834.8303668670123,10000,2500
2933,72549.850637446,73385.09555831,835.0358141269971,10000,2500
2934,72549.85073744599,73385.535067613,835.2448328590108,10000,2500
2935,72549.85083744599,73385.741990469,835.6842366950004,10000,2500
2936,72549.850937446,73385.969303784,835.8910601499956,10000,2500
2937,72549.85103744599,73386.452970309,836.1182718840137,10000,2500
2938,72549.85113744599,73386.721630173,836.601838586008,10000,2500
2939,72549.851237446,73386.942897972,836.870398486004,10000,2500
2940,72549.85133744599,73387.262646149,837.0915671460098,10000,2500
2941,72549.85143744599,73387.483583534,837.4112237070076,10000,2500
2942,72549.851537446,73387.903255676,837.6320521900052,10000,2500
2943,72549.85163744599,73388.110562858,838.0516250510118,10000,2500
2944,72549.85173744599,73388.405345811,838.2588337210036,10000,2500
2945,72549.851837446,73388.706668401,838.5535151600052,10000,2500
2946,72549.85193744599,73388.914319914,838.8547433800122,10000,2500
2947,72549.85203744599,73389.196007232,839.0622973330028,10000,2500
2948,72549.852137446,73389.441415297,839.3438831910025,10000,2500
2949,72549.85223744599,73389.920984463,839.5891840610129,10000,2500
2950,72549.85233744599,73390.202047134,840.0686538030131,10000,2500
2951,72549.852437446,73390.559168703,840.349615433006,10000,2500
2952,72549.85253744599,73390.973353895,840.706644216014,10000,2500
2953,72549.85263744599,73391.276882433,841.1207229180145,10000,2500
2954,72549.852737446,73391.580842183,841.4241521990043,10000,2500
2955,72549.85283744599,73391.826238622,841.7280102270161,10000,2500
2956,72549.85293744599,73392.077374204,841.9733138490119,10000,2500
2957,72549.853037446,73392.364638719,842.2243473569979,10000,2500
2958,72549.853137446,73392.573041925,842.5115147600009,10000,2500
2959,72549.85323744599,73392.798309722,842.7198114230123,10000,2500
2960,72549.853337446,73393.020698202,842.944984998001,10000,2500
2961,72549.853437446,73393.44355415,843.1672716169996,10000,2500
2962,72549.85353744599,73393.695233568,843.5900291280122,10000,2500
2963,72549.853637446,73393.905437478,843.841603384004,10000,2500
2964,72549.853737446,73394.115178669,844.0517070909991,10000,2500
2965,72549.85383744599,73394.523385568,844.2613470250071,10000,2500
2966,72549.853937446,73394.781496222,844.6694640800124,10000,2500
2967,72549.854037446,73395.005482796,844.9274651010055,10000,2500
2968,72549.85413744599,73395.203086689,845.151364127014,10000,2500
2969,72549.854237446,73395.408275277,845.3488560380065,10000,2500
2970,72549.854337446,73395.712761805,845.5539446269977,10000,2500
2971,72549.85443744599,73395.934392633,845.858330551011,10000,2500
2972,72549.854537446,73396.1628988,846.0798613030056,10000,2500
2973,72549.854637446,73396.44652651,846.308267319997,10000,2500
2974,72549.85473744599,73396.653876351,846.5917955910118,10000,2500
2975,72549.854837446,73396.892581241,846.7990447320044,10000,2500
2976,72549.854937446,73397.099441409,847.0376556340052,10000,2500
2977,72549.85503744599,73397.318298314,847.2444110220094,10000,2500
2978,72549.855137446,73397.537701726,847.4631675130076,10000,2500
2979,72549.855237446,73397.803504161,847.6824801570037,10000,2500
2980,72549.85533744599,73398.055300275,847.9481776020111,10000,2500
2981,72549.85543744599,73398.452939875,848.1998687440064,10000,2500
2982,72549.855537446,73398.809973009,848.5974116389989,10000,2500
2983,72549.85563744599,73399.136475855,848.9543413730134,10000,2500
2984,72549.85573744599,73399.390111561,849.2807452400011,10000,2500
2985,72549.855837446,73399.600178327,849.5342798089987,10000,2500
2986,72549.85593744599,73399.811119659,849.7442536770104,10000,2500
2987,72549.85603744599,73400.019432447,849.9550881580071,10000,2500
2988,72549.856137446,73400.24454603,850.1633102869964,10000,2500
2989,72549.85623744599,73400.60589911,850.3883147840097,10000,2500
2990,72549.85633744599,73401.067898002,850.7495786290092,10000,2500
2991,72549.856437446,73401.311063658,851.2114775549999,10000,2500
2992,72549.85653744599,73401.591688237,851.4545331990084,10000,2500
2993,72549.85663744599,73401.83164358,851.7350569020055,10000,2500
2994,72549.856737446,73402.144606159,851.9749199130019,10000,2500
2995,72549.85683744599,73402.38787944,852.2877804600139,10000,2500
2996,72549.85693744599,73402.720997868,852.5309481960139,10000,2500
2997,72549.857037446,73402.977620937,852.863970188002,10000,2500
2998,72549.85713744599,73403.217058725,853.1204892020178,10000,2500
2999,72549.85723744599,73403.468908243,853.3598335290153,10000,2500
