waveform_index,scheduled_s,completed_s,late_s,points_returned,points_saved
0,73945.805689653,73946.30665712,0.0004294059908716008,10000,2500
1,73945.80578965301,73946.570393311,0.5008824339893181,10000,2500
2,73945.805889653,73946.876965232,0.7645163760025753,10000,2500
3,73945.805989653,73947.176228424,1.0709817219903925,10000,2500
4,73945.80608965301,73947.42486929,1.3701513719861396,10000,2500
5,73945.806189653,73947.651542663,1.618687399008195,10000,2500
6,73945.806289653,73947.866827562,1.845268249991932,10000,2500
7,73945.80638965301,73948.13570136,2.060450476987171,10000,2500
8,73945.806489653,73948.366632046,2.3292243169998983,10000,2500
9,73945.806589653,73948.576262789,2.5600540049927076,10000,2500
10,73945.806689653,73948.783089245,2.7695854249905096,10000,2500
11,73945.806789653,73949.025295102,2.9763124250021065,10000,2500
12,73945.806889653,73949.266010072,3.2184180990007007,10000,2500
13,73945.806989653,73949.549212993,3.4590336459950777,10000,2500
14,73945.807089653,73949.772619169,3.7421358739957213,10000,2500
15,73945.807189653,73950.032338608,3.965441918000579,10000,2500
16,73945.807289653,73950.352758867,4.22506159999466,10000,2500
17,73945.807389653,73950.565932297,4.545383051998215,10000,2500
18,73945.807489653,73950.792864343,4.758455989998765,10000,2500
19,73945.807589653,73951.30121886,4.985287966992473,10000,2500
20,73945.807689653,73951.523696756,5.493541803996777,10000,2500
21,73945.807789653,73951.762119534,5.715918517991668,10000,2500
22,73945.807889653,73952.016019197,5.954241831990657,10000,2500
23,73945.807989653,73952.258244832,6.20804476000194,10000,2500
24,73945.808089653,73952.556913028,6.450167552000494,10000,2500
25,73945.808189653,73952.788389234,6.748737000991241,10000,2500
26,73945.80828965301,73953.007035908,6.980114597987267,10000,2500
27,73945.808389653,73953.279541081,7.198658969995449,10000,2500
28,73945.808489653,73953.552291321,7.471065645993804,10000,2500
29,73945.80858965301,73953.806786081,7.743713536983705,10000,2500
30,73945.808689653,73954.017893377,7.998110044994974,10000,2500
31,73945.808789653,73954.275343813,8.209115584992105,10000,2500
32,73945.80888965301,73954.480166248,8.46646016399609,10000,2500
33,73945.808989653,73954.754273271,8.671189321001293,10000,2500
34,73945.809089653,73955.010950341,8.945196709988522,10000,2500
35,73945.80918965301,73955.259778712,9.201766384983785,10000,2500
36,73945.809289653,73955.51666909,9.450505821005208,10000,2500
37,73945.809389653,73955.738753071,9.70729175300221,10000,2500
38,73945.80948965301,73956.077657103,9.929275329996017,10000,2500
39,73945.809589653,73956.452808436,10.268079129004036,10000,2500
40,73945.809689653,73956.72259183,10.643131788994651,10000,2500
41,73945.80978965301,73956.956244302,10.912814625989995,10000,2500
42,73945.809889653,73957.178673439,11.146367189998273,10000,2500
43,73945.809989653,73957.411889023,11.368696459991043,10000,2500
44,73945.81008965301,73957.680763586,11.60181363398442,10000,2500
45,73945.810189653,73957.901921161,11.870586232995265,10000,2500
46,73945.810289653,73958.150910792,12.091644147993065,10000,2500
47,73945.81038965301,73958.398230678,12.340532962989528,10000,2500
48,73945.810489653,73958.672800747,12.587754135005525,10000,2500
49,73945.810589653,73958.890142442,12.862224779993994,10000,2500
50,73945.81068965301,73959.113244032,13.079458791995421,10000,2500
51,73945.810789653,73959.361122746,13.302466348002781,10000,2500
52,73945.810889653,73959.562489199,13.550246507002157,10000,2500
53,73945.81098965301,73959.812680704,13.751505599997472,10000,2500
54,73945.811089653,73960.199928522,14.001604521006811,10000,2500
55,73945.811189653,73960.471159663,14.38874470499286,10000,2500
56,73945.81128965301,73960.704912585,14.659876041987445,10000,2500
57,73945.811389653,73961.022894336,14.89353525399929,10000,2500
58,73945.811489653,73961.256913761,15.21141649899073,10000,2500
59,73945.811589653,73961.518832568,15.445336704986403,10000,2500
60,73945.811689653,73961.828224714,15.707155379001051,10000,2500
61,73945.811789653,73962.044285914,16.01644665999629,10000,2500
62,73945.811889653,73962.381521458,16.232407649993547,10000,2500
63,73945.811989653,73962.631646478,16.56954513301025,10000,2500
64,73945.812089653,73962.840693812,16.81956963900302,10000,2500
65,73945.812189653,73963.157432167,17.02851641899906,10000,2500
66,73945.812289653,73963.386717181,17.3451545870048,10000,2500
67,73945.812389653,73963.697285494,17.574339483995573,10000,2500
68,73945.812489653,73963.920008174,17.884807693990297,10000,2500
69,73945.812589653,73964.213682313,18.10743198399723,10000,2500
70,73945.812689653,73964.516153907,18.401007870998,10000,2500
71,73945.812789653,73964.745675094,18.703377145997365,10000,2500
72,73945.812889653,73964.964176749,18.932798181005637,10000,2500
73,73945.812989653,73965.340581933,19.151199116997304,10000,2500
74,73945.813089653,73965.62989404,19.527498673996888,10000,2500
75,73945.81318965301,73965.882189235,19.81671667098999,10000,2500
76,73945.813289653,73966.123979238,20.068913492999854,10000,2500
77,73945.813389653,73966.381417352,20.310603185993386,10000,2500
78,73945.81348965301,73966.598724609,20.567940323991934,10000,2500
79,73945.813589653,73966.938920555,20.785148362003383,10000,2500
80,73945.813689653,73967.561113753,21.1252434719936,10000,2500
81,73945.81378965301,73967.775229023,21.74733734098845,10000,2500
82,73945.813889653,73968.138394488,21.96135203599988,10000,2500
83,73945.813989653,73968.410911587,22.324410728993826,10000,2500
84,73945.81408965301,73968.793875505,22.596827546993154,10000,2500
85,73945.814189653,73969.007523055,22.979694334004307,10000,2500
86,73945.814289653,73969.287627245,23.193239265994634,10000,2500
87,73945.81438965301,73969.665763324,23.473251147996052,10000,2500
88,73945.814489653,73969.921643044,23.851279562004493,10000,2500
89,73945.814589653,73970.136971817,24.107066262993612,10000,2500
90,73945.81468965301,73970.404257508,24.322294746991247,10000,2500
91,73945.814789653,73970.628860595,24.589481767994585,10000,2500
92,73945.814889653,73970.846655802,24.81398369598901,10000,2500
93,73945.81498965301,73971.070287616,25.031678551997175,10000,2500
94,73945.815089653,73971.318870893,25.25521230099548,10000,2500
95,73945.815189653,73971.652621033,25.503694099999848,10000,2500
96,73945.81528965301,73971.886024793,25.83734358298534,10000,2500
97,73945.815389653,73972.121742851,26.070646890002536,10000,2500
98,73945.815489653,73972.368900163,26.30626560699602,10000,2500
99,73945.81558965301,73972.711137771,26.553322067993577,10000,2500
100,73945.815689653,73972.982675721,26.89548603100411,10000,2500
101,73945.815789653,73973.205490424,27.166898789990228,10000,2500
102,73945.81588965301,73973.425396762,27.389614078987506,10000,2500
103,73945.815989653,73973.635432981,27.609419628002797,10000,2500
104,73945.816089653,73973.989065275,27.819349708996015,10000,2500
105,73945.81618965301,73974.321422228,28.17288952198578,10000,2500
106,73945.816289653,73974.55752831,28.505154943995876,10000,2500
107,73945.816389653,73974.763880684,28.74114749400178,10000,2500
108,73945.816489653,73974.991207606,28.94740444899071,10000,2500
109,73945.816589653,73975.22476425,29.174631617002888,10000,2500
110,73945.816689653,73975.458851747,29.408080488996347,10000,2500
111,73945.816789653,73975.783231655,29.642074833987863,10000,2500
112,73945.816889653,73976.046502661,29.966352696006652,10000,2500
113,73945.816989653,73976.307860514,30.229526708004414,10000,2500
114,73945.817089653,73976.531157575,30.490784000998246,10000,2500
115,73945.817189653,73976.802256205,30.713980244996492,10000,2500
116,73945.817289653,73977.050370416,30.98497971499455,10000,2500
117,73945.817389653,73977.281864458,31.232996100996388,10000,2500
118,73945.817489653,73977.521091897,31.46438194300572,10000,2500
119,73945.817589653,73977.782225022,31.70351475100324,10000,2500
120,73945.817689653,73977.996201105,31.964550963995862,10000,2500
121,73945.81778965301,73978.218867093,32.178425066987984,10000,2500
122,73945.817889653,73978.43143879,32.40099039800407,10000,2500
123,73945.817989653,73978.637349924,32.61346365499776,10000,2500
124,73945.81808965301,73979.017131892,32.81928033598524,10000,2500
125,73945.818189653,73979.230367396,33.19895589799853,10000,2500
126,73945.818289653,73979.447097057,33.412090883997735,10000,2500
127,73945.81838965301,73979.668220688,33.62872158299433,10000,2500
128,73945.818489653,73979.913864999,33.84974168900226,10000,2500
129,73945.818589653,73980.138497727,34.09528828099428,10000,2500
130,73945.81868965301,73980.42243087,34.31982037998387,10000,2500
131,73945.818789653,73980.747484216,34.60365503600042,10000,2500
132,73945.818889653,73981.011456874,34.9286072649993,10000,2500
133,73945.81898965301,73981.469495933,35.19248044099368,10000,2500
134,73945.819089653,73981.697504581,35.65042149499641,10000,2500
135,73945.819189653,73981.911616153,35.87832799900207,10000,2500
136,73945.81928965301,73982.206154021,36.09234000998549,10000,2500
137,73945.819389653,73982.432100481,36.386776813000324,10000,2500
138,73945.819489653,73982.704095766,36.612617177990614,10000,2500
139,73945.81958965301,73982.921974331,36.88451901199005,10000,2500
140,73945.819689653,73983.1413276,37.10229737800546,10000,2500
141,73945.819789653,73983.411954568,37.32155186099408,10000,2500
142,73945.81988965301,73983.682688154,37.59207724798762,10000,2500
143,73945.819989653,73983.925862725,37.86271059200226,10000,2500
144,73945.820089653,73984.237463509,38.10578724599327,10000,2500
145,73945.82018965301,73984.449082292,38.41728657898784,10000,2500
146,73945.820289653,73984.776885474,38.62880503499764,10000,2500
147,73945.820389653,73985.020975802,38.95650917600142,10000,2500
148,73945.82048965301,73985.257952853,39.20049640898651,10000,2500
149,73945.820589653,73985.483599851,39.43737650899857,10000,2500
150,73945.820689653,73985.695676005,39.662924641001155,10000,2500
151,73945.82078965301,73986.018994977,39.87489952999749,10000,2500
152,73945.820889653,73986.235662031,40.19811361799657,10000,2500
153,73945.820989653,73986.494053991,40.41467879099946,10000,2500
154,73945.821089653,73986.803822477,40.672978957998566,10000,2500
155,73945.821189653,73987.12223654,40.98263918500743,10000,2500
156,73945.821289653,73987.415547071,41.300960398002644,10000,2500
157,73945.821389653,73987.641869781,41.59417139799916,10000,2500
158,73945.821489653,73987.94222066,41.820393953006715,10000,2500
159,73945.821589653,73988.145500048,42.12064385600388,10000,2500
160,73945.821689653,73988.505850258,42.323816568998154,10000,2500
161,73945.821789653,73988.785202997,42.6840736209997,10000,2500
162,73945.821889653,73989.061390203,42.963325542994426,10000,2500
163,73945.821989653,73989.348201011,43.23941378098971,10000,2500
164,73945.822089653,73989.58845403,43.52612394900643,10000,2500
165,73945.822189653,73989.823573236,43.7662774509954,10000,2500
166,73945.822289653,73990.032713542,44.00129840899899,10000,2500
167,73945.822389653,73990.417040331,44.21033907700621,10000,2500
168,73945.822489653,73990.685615853,44.59456349200627,10000,2500
169,73945.822589653,73990.920925391,44.863039684991236,10000,2500
170,73945.82268965301,73991.139705867,45.09824182398734,10000,2500
171,73945.822789653,73991.396234417,45.31693028600421,10000,2500
172,73945.822889653,73991.768279224,45.57335790299112,10000,2500
173,73945.82298965301,73992.405395175,45.945302439984516,10000,2500
174,73945.823089653,73992.690885859,46.58232080099697,10000,2500
175,73945.823189653,73992.905499788,46.86770884899306,10000,2500
176,73945.82328965301,73993.15421899,47.08222313199076,10000,2500
177,73945.823389653,73993.401891011,47.33084344600502,10000,2500
178,73945.823489653,73993.651645635,47.57841643699794,10000,2500
179,73945.82358965301,73993.886472675,47.82806902298762,10000,2500
180,73945.823689653,73994.15475866,48.06279674000689,10000,2500
181,73945.823789653,73994.405596548,48.330981584993424,10000,2500
182,73945.82388965301,73994.636858949,48.581723504990805,10000,2500
183,73945.823989653,73994.847178141,48.812882657002774,10000,2500
184,73945.824089653,73995.158943091,49.02310749699245,10000,2500
185,73945.82418965301,73995.385522559,49.33476691998658,10000,2500
186,73945.824289653,73995.629527128,49.56124537299911,10000,2500
187,73945.824389653,73995.940181054,49.80515094198927,10000,2500
188,73945.82448965301,73996.277025265,50.11570467898855,10000,2500
189,73945.824589653,73996.514816858,50.45244999999704,10000,2500
190,73945.824689653,73996.881323739,50.6901402049989,10000,2500
191,73945.82478965301,73997.123979924,51.0565473799943,10000,2500
192,73945.824889653,73997.379235223,51.29910300800111,10000,2500
193,73945.824989653,73997.604598899,51.55425841300166,10000,2500
194,73945.82508965301,73997.814921023,51.77952385498793,10000,2500
195,73945.825189653,73998.046125902,51.98974328300392,10000,2500
196,73945.825289653,73998.268636163,52.22085053200135,10000,2500
197,73945.82538965301,73998.577224256,52.44325208199734,10000,2500
198,73945.825489653,73998.821075953,52.751746780995745,10000,2500
199,73945.825589653,73999.165645975,52.99549188799574,10000,2500
200,73945.82568965301,73999.419191328,53.339994199996,10000,2500
201,73945.825789653,73999.735860819,53.59341669399873,10000,2500
202,73945.825889653,73999.994110651,53.90997709899966,10000,2500
203,73945.825989653,74000.336475155,54.16813399498642,10000,2500
204,73945.826089653,74000.591116021,54.51039817000856,10000,2500
205,73945.826189653,74000.797944024,54.764939055996365,10000,2500
206,73945.826289653,74001.078092932,54.97166718399967,10000,2500
207,73945.826389653,74001.452055019,55.25170953500492,10000,2500
208,73945.826489653,74001.667243547,55.62557153699163,10000,2500
209,73945.826589653,74001.91344746,55.84065957699204,10000,2500
210,73945.826689653,74002.201766161,56.086770535999676,10000,2500
211,73945.826789653,74002.413377526,56.37498988700099,10000,2500
212,73945.826889653,74002.62863439,56.586500680990866,10000,2500
213,73945.826989653,74002.880226014,56.80165888099873,10000,2500
214,73945.827089653,74003.12888501,57.053149868996115,10000,2500
215,73945.827189653,74003.352929135,57.30170139799884,10000,2500
216,73945.827289653,74003.570124113,57.525653114003944,10000,2500
217,73945.827389653,74003.960303763,57.74274066199723,10000,2500
218,73945.827489653,74004.234706403,58.13282763998723,10000,2500
219,73945.82758965301,74004.466896174,58.40712845798407,10000,2500
220,73945.827689653,74004.679723452,58.63922082200588,10000,2500
221,73945.827789653,74004.986166946,58.85194617600064,10000,2500
222,73945.82788965301,74005.297074271,59.158290257983026,10000,2500
223,73945.827989653,74005.52417953,59.469090853002854,10000,2500
224,73945.828089653,74005.823417037,59.69610256300075,10000,2500
225,73945.82818965301,74006.087484649,59.99524086799647,10000,2500
226,73945.828289653,74006.44487999,60.25920695299283,10000,2500
227,73945.828389653,74006.815149344,60.61650270198879,10000,2500
228,73945.82848965301,74007.028867745,60.98667256098997,10000,2500
229,73945.828589653,74007.30238312,61.20029113099736,10000,2500
230,73945.828689653,74007.567922905,61.47370638100256,10000,2500
231,73945.82878965301,74007.776234156,61.7391401349887,10000,2500
232,73945.828889653,74008.043820302,61.94735701699392,10000,2500
233,73945.828989653,74008.302127688,62.21484421700006,10000,2500
234,73945.82908965301,74008.51175396,62.47304448999057,10000,2500
235,73945.829189653,74008.754706558,62.68257714599895,10000,2500
236,73945.829289653,74008.955623939,62.92542276199674,10000,2500
237,73945.82938965301,74009.16629892,63.12624069998856,10000,2500
238,73945.829489653,74009.469510233,63.336815009999555,10000,2500
239,73945.829589653,74009.705547288,63.63993291200313,10000,2500
240,73945.82968965301,74009.974540215,63.87587234299281,10000,2500
241,73945.829789653,74010.202727433,64.14476352199563,10000,2500
242,73945.829889653,74010.451343545,64.37285132000397,10000,2500
243,73945.82998965301,74010.669531512,64.62136644798738,10000,2500
244,73945.830089653,74011.039682164,64.83945640300226,10000,2500
245,73945.830189653,74011.25600285,65.20949855999788,10000,2500
246,73945.83028965301,74011.573007583,65.42571878699528,10000,2500
247,73945.830389653,74011.791143385,65.74263105299906,10000,2500
248,73945.830489653,74012.202803319,65.96066936399438,10000,2500
249,73945.83058965301,74012.883517696,66.3722266429977,10000,2500
250,73945.830689653,74013.175044959,67.05284082599974,10000,2500
251,73945.830789653,74013.410737388,67.34426920900296,10000,2500
252,73945.830889653,74013.728939079,67.57986123299634,10000,2500
253,73945.830989653,74013.936294926,67.89796312199906,10000,2500
254,73945.831089653,74014.165334553,68.10521057799633,10000,2500
255,73945.831189653,74014.398663934,68.33415822198731,10000,2500
256,73945.831289653,74014.708326081,68.56738608599699,10000,2500
257,73945.831389653,74014.934287712,68.87694304899196,10000,2500
258,73945.831489653,74015.220892136,69.10280413398868,10000,2500
259,73945.831589653,74015.498674407,69.38930828199955,10000,2500
260,73945.831689653,74015.728364754,69.66699789799168,10000,2500
261,73945.831789653,74016.095587565,69.89658812400012,10000,2500
262,73945.831889653,74016.3074564,70.2637042790011,10000,2500
263,73945.831989653,74016.609811957,70.4754731139983,10000,2500
264,73945.832089653,74016.827295715,70.77772795000055,10000,2500
265,73945.83218965301,74017.083624954,70.99511900199286,10000,2500
266,73945.832289653,74017.504728489,71.25135119799234,10000,2500
267,73945.832389653,74017.713794712,71.6723461609945,10000,2500
268,73945.83248965301,74017.934193092,71.8813109099865,10000,2500
269,73945.832589653,74018.178842502,72.10161631400115,10000,2500
270,73945.832689653,74018.411390532,72.34616145899054,10000,2500
271,73945.83278965301,74018.696658684,72.57861409298494,10000,2500
272,73945.832889653,74018.921800463,72.86377511300088,10000,2500
273,73945.832989653,74019.178848098,73.08882428499055,10000,2500
274,73945.83308965301,74019.443168992,73.34577063798497,10000,2500
275,73945.833189653,74019.692218628,73.60998550399381,10000,2500
276,73945.833289653,74019.92164608,73.85893473499164,10000,2500
277,73945.83338965301,74020.133198829,74.08826810198661,10000,2500
278,73945.833489653,74020.354762786,74.29972237000766,10000,2500
279,73945.833589653,74020.583511706,74.52118595999491,10000,2500
280,73945.83368965301,74020.83544163,74.74983513799089,10000,2500
281,73945.833789653,74021.090966649,75.0016652320046,10000,2500
282,73945.833889653,74021.365425199,75.25708404199395,10000,2500
283,73945.83398965301,74021.660750517,75.53144154699112,10000,2500
284,73945.834089653,74021.973845154,75.82666665299621,10000,2500
285,73945.834189653,74022.208694156,76.1396677790035,10000,2500
286,73945.83428965301,74022.499290102,76.37441676099843,10000,2500
287,73945.834389653,74022.728742927,76.66490589499881,10000,2500
288,73945.834489653,74022.984129762,76.8942665969953,10000,2500
289,73945.83458965301,74023.554216798,77.1495473269897,10000,2500
290,73945.834689653,74023.800896312,77.71953370800475,10000,2500
291,73945.834789653,74024.174547638,77.96611971499806,10000,2500
292,73945.83488965301,74024.446728694,78.33967155899154,10000,2500
293,73945.834989653,74024.698157295,78.61174966000544,10000,2500
294,73945.835089653,74025.044093713,78.8630797270016,10000,2500
295,73945.83518965301,74025.417594706,79.20891010199557,10000,2500
296,73945.835289653,74025.665113704,79.58232103500632,10000,2500
297,73945.835389653,74025.929686587,79.8297369209904,10000,2500
298,73945.835489653,74026.187475734,80.0942026089906,10000,2500
299,73945.835589653,74026.427925239,80.35189179900044,10000,2500
300,73945.835689653,74026.652130819,80.59227323699452,10000,2500
301,73945.835789653,74026.961284222,80.81634768699587,10000,2500
302,73945.835889653,74027.21585466,81.1254001740017,10000,2500
303,73945.835989653,74027.440717462,81.37987062700267,10000,2500
304,73945.836089653,74027.691555818,81.60463445699133,10000,2500
305,73945.836189653,74027.91951056,81.85538110900961,10000,2500
306,73945.836289653,74028.322421548,82.0832367559924,10000,2500
307,73945.836389653,74028.728430703,82.48603790999914,10000,2500
308,73945.836489653,74029.002078831,82.89195485301025,10000,2500
309,73945.836589653,74029.222424414,83.16549544699956,10000,2500
310,73945.836689653,74029.545355493,83.38574045499263,10000,2500
311,73945.836789653,74029.776855454,83.70857943499868,10000,2500
312,73945.836889653,74030.007627333,83.93997222799226,10000,2500
313,73945.836989653,74030.231732475,84.17064418600057,10000,2500
314,73945.83708965301,74030.491919961,84.39464863299509,10000,2500
315,73945.837189653,74030.711584029,84.65473618000397,10000,2500
316,73945.837289653,74030.941062761,84.87430753999797,10000,2500
317,73945.83738965301,74031.235469089,85.10367941099685,10000,2500
318,73945.837489653,74031.444743033,85.39798746700399,10000,2500
319,73945.837589653,74031.696083843,85.60715907199483,10000,2500
320,73945.83768965301,74031.924152572,85.85840783499589,10000,2500
321,73945.837789653,74032.135126459,86.0863753970043,10000,2500
322,73945.837889653,74032.447566807,86.2972505229991,10000,2500
323,73945.83798965301,74032.714015755,86.60958261399355,10000,2500
324,73945.838089653,74032.962335399,86.87594014299975,10000,2500
325,73945.838189653,74033.17331705,87.12415208699531,10000,2500
326,73945.83828965301,74033.416574997,87.33504035799706,10000,2500
327,73945.838389653,74033.672163436,87.57820384499792,10000,2500
328,73945.838489653,74033.918778811,87.83367941700271,10000,2500
329,73945.83858965301,74034.1734532,88.0801946829888,10000,2500
330,73945.838689653,74034.478768493,88.33477796700026,10000,2500
331,73945.838789653,74034.699639801,88.63998463698954,10000,2500
332,73945.83888965301,74034.968499273,88.86076281798887,10000,2500
333,73945.838989653,74035.220761398,89.12951518199407,10000,2500
334,73945.839089653,74035.50693644,89.38167778699426,10000,2500
335,73945.83918965301,74035.81953011,89.6677525319974,10000,2500
336,73945.839289653,74036.095462365,89.98025379900355,10000,2500
337,73945.839389653,74036.345809429,90.25607861699245,10000,2500
338,73945.83948965301,74036.611986018,90.50632579899684,10000,2500
339,73945.839589653,74036.836908142,90.77241036100895,10000,2500
340,73945.839689653,74037.153611282,90.99723187700147,10000,2500
341,73945.83978965301,74037.373804523,91.31383735498821,10000,2500
342,73945.839889653,74037.583292197,91.53392039399478,10000,2500
343,73945.839989653,74037.935218069,91.74331518600229,10000,2500
344,73945.84008965301,74038.305812284,92.09514055399632,10000,2500
345,73945.840189653,74038.692046966,92.46562813600758,10000,2500
346,73945.840289653,74038.932974565,92.85177109799406,10000,2500
347,73945.840389653,74039.150948383,93.0925905979966,10000,2500
348,73945.840489653,74039.352541767,93.31046445600805,10000,2500
349,73945.840589653,74039.617838859,93.51196723600151,10000,2500
350,73945.840689653,74039.901707043,93.77715498999169,10000,2500
351,73945.840789653,74040.283835832,94.06092985100986,10000,2500
352,73945.840889653,74040.48995128,94.44295911300287,10000,2500
353,73945.840989653,74040.698793633,94.64897346698854,10000,2500
354,73945.841089653,74040.997065404,94.85771014200873,10000,2500
355,73945.841189653,74041.208764087,95.1558821840008,10000,2500
356,73945.841289653,74041.569029712,95.3674875079887,10000,2500
357,73945.841389653,74041.823879252,95.72765384199738,10000,2500
358,73945.841489653,74042.034237711,95.98240258099395,10000,2500
359,73945.841589653,74042.293087748,96.19265357298718,10000,2500
360,73945.841689653,74042.50043351,96.45141209900612,10000,2500
361,73945.841789653,74042.837095026,96.65864944200439,10000,2500
362,73945.841889653,74043.041661269,96.9952114129992,10000,2500
363,73945.84198965301,74043.394362875,97.19967732598889,10000,2500
364,73945.842089653,74043.60070564,97.55227889500384,10000,2500
365,73945.842189653,74043.827268747,97.75852928200038,10000,2500
366,73945.84228965301,74044.035194987,97.98498451599153,10000,2500
367,73945.842389653,74044.294341177,98.19281873600266,10000,2500
368,73945.842489653,74044.50891215,98.45185755498824,10000,2500
369,73945.84258965301,74044.748426833,98.66632839899103,10000,2500
370,73945.842689653,74045.055066004,98.90574316200218,10000,2500
371,73945.842789653,74045.328726782,99.21228818099189,10000,2500
372,73945.84288965301,74045.537289493,99.4858533769875,10000,2500
373,73945.842989653,74045.883546566,99.69430517399451,10000,2500
374,73945.843089653,74046.096284117,100.04046288999962,10000,2500
375,73945.84318965301,74046.305606075,100.25310024998907,10000,2500
376,73945.843289653,74046.618564842,100.46232247099397,10000,2500
377,73945.843389653,74046.838122463,100.77518108599179,10000,2500
378,73945.84348965301,74047.127107425,100.99464640599035,10000,2500
379,73945.843589653,74047.361199458,101.28352334100055,10000,2500
380,73945.843689653,74047.851167385,101.51752370799659,10000,2500
381,73945.84378965301,74048.140751141,102.00738353798806,10000,2500
382,73945.843889653,74048.426689819,102.2968674290023,10000,2500
383,73945.843989653,74048.665602741,102.58270573600021,10000,2500
384,73945.84408965301,74048.882895819,102.82151899399469,10000,2500
385,73945.844189653,74049.090048714,103.03871856699698,10000,2500
386,73945.844289653,74049.404094723,103.24577164799848,10000,2500
387,73945.84438965301,74049.720384411,103.55971054299152,10000,2500
388,73945.844489653,74049.942088997,103.8759004809981,10000,2500
389,73945.844589653,74050.303153919,104.09750549599994,10000,2500
390,73945.84468965301,74050.513220037,104.4584698349936,10000,2500
391,73945.844789653,74050.740910621,104.66844378400128,10000,2500
392,73945.844889653,74050.963697079,104.89602682899567,10000,2500
393,73945.84498965301,74051.269653502,105.11871655499272,10000,2500
394,73945.845089653,74051.495579223,105.424577081998,10000,2500
395,73945.845189653,74051.720921939,105.65039588499349,10000,2500
396,73945.845289653,74052.048082496,105.87564533199475,10000,2500
397,73945.845389653,74052.374681337,106.20270564300881,10000,2500
398,73945.845489653,74052.604754616,106.52919756599294,10000,2500
399,73945.845589653,74052.907766799,106.75917144899722,10000,2500
400,73945.845689653,74053.178699531,107.06210951099638,10000,2500
401,73945.845789653,74053.401568117,107.33292363700457,10000,2500
402,73945.845889653,74053.633620222,107.55569129899959,10000,2500
403,73945.845989653,74053.87262518,107.78763690400228,10000,2500
404,73945.846089653,74054.183275669,108.02654221199919,10000,2500
405,73945.846189653,74054.45898171,108.33710134300054,10000,2500
406,73945.846289653,74054.838959064,108.61269757599803,10000,2500
407,73945.846389653,74055.093642823,108.99257528899761,10000,2500
408,73945.846489653,74055.328264442,109.24716416999581,10000,2500
409,73945.84658965301,74055.748570591,109.48168038998847,10000,2500
410,73945.846689653,74055.960230166,109.90188953399775,10000,2500
411,73945.846789653,74056.17899255,110.1134464009956,10000,2500
412,73945.84688965301,74056.393842117,110.33211934099381,10000,2500
413,73945.846989653,74056.605469988,110.54687177599408,10000,2500
414,73945.847089653,74056.840987132,110.75839331099996,10000,2500
415,73945.84718965301,74057.121142429,110.99381535798602,10000,2500
416,73945.847289653,74057.342569033,111.27386619900062,10000,2500
417,73945.847389653,74057.572560382,111.4951854289975,10000,2500
418,73945.84748965301,74057.831967251,111.72507671099447,10000,2500
419,73945.847589653,74058.105223571,111.98439384700032,10000,2500
420,73945.847689653,74058.36918629,112.25753964600153,10000,2500
421,73945.84778965301,74058.635902961,112.5214023529843,10000,2500
422,73945.847889653,74058.95710876,112.78801890500472,10000,2500
423,73945.847989653,74059.287932307,113.10912495700177,10000,2500
424,73945.84808965301,74059.551833823,113.43984856599127,10000,2500
425,73945.848189653,74059.760260569,113.70365804599714,10000,2500
426,73945.848289653,74060.085020072,113.91197665499931,10000,2500
427,73945.84838965301,74060.318261125,114.23663660298917,10000,2500
428,73945.848489653,74060.555634407,114.46977800800232,10000,2500
429,73945.848589653,74060.762767804,114.70705128400004,10000,2500
430,73945.84868965301,74061.01079844,114.91409103598562,10000,2500
431,73945.848789653,74061.220099532,115.16201648500282,10000,2500
432,73945.848889653,74061.514573981,115.37121726699115,10000,2500
433,73945.84898965301,74061.781240655,115.66560076399765,10000,2500
434,73945.849089653,74062.001838203,115.93215679800778,10000,2500
435,73945.849189653,74062.227627268,116.15266162400076,10000,2500
436,73945.84928965301,74062.622426111,116.37835029399139,10000,2500
437,73945.849389653,74062.977773825,116.77304953700514,10000,2500
438,73945.849489653,74063.197634675,117.12829950799642,10000,2500
439,73945.84958965301,74063.49810935,117.34805828199023,10000,2500
440,73945.849689653,74063.721216879,117.64843420199759,10000,2500
441,73945.849789653,74063.960832309,117.87144221999915,10000,2500
442,73945.849889653,74064.230610676,118.11094857398712,10000,2500
443,73945.849989653,74064.463119811,118.380626846003,10000,2500
444,73945.850089653,74064.678493346,118.61304349900456,10000,2500
445,73945.850189653,74064.884301768,118.82830961199943,10000,2500
446,73945.850289653,74065.088928,119.03401804700843,10000,2500
447,73945.850389653,74065.306506488,119.23855431600532,10000,2500
448,73945.850489653,74065.576157694,119.45602289699309,10000,2500
449,73945.850589653,74065.816564663,119.72557453800982,10000,2500
450,73945.850689653,74066.038973283,119.96588065299147,10000,2500
451,73945.850789653,74066.348368676,120.18819618898851,10000,2500
452,73945.850889653,74066.687636514,120.49749328001053,10000,2500
453,73945.850989653,74066.917994,120.8366529240011,10000,2500
454,73945.851089653,74067.175110433,121.06690972599608,10000,2500
455,73945.851189653,74067.399187505,121.3239357650018,10000,2500
456,73945.851289653,74067.793849118,121.54790397100442,10000,2500
457,73945.851389653,74068.010596171,121.94247344898758,10000,2500
458,73945.85148965301,74068.306439535,122.15911243298615,10000,2500
459,73945.851589653,74068.567706141,122.45486294200236,10000,2500
460,73945.851689653,74068.798960638,122.71603089699056,10000,2500
461,73945.85178965301,74069.016550835,122.94718378598918,10000,2500
462,73945.851889653,74069.326463742,123.16467386999284,10000,2500
463,73945.851989653,74069.651408268,123.47448633299791,10000,2500
464,73945.85208965301,74069.88386555,123.79933258499659,10000,2500
465,73945.852189653,74070.137017554,124.03168202500092,10000,2500
466,73945.852289653,74070.380424303,124.28473402699456,10000,2500
467,73945.85238965301,74070.614151453,124.52804070299317,10000,2500
468,73945.852489653,74070.843171736,124.76166770000418,10000,2500
469,73945.852589653,74071.051041159,124.99059477300034,10000,2500
470,73945.85268965301,74071.267595822,125.19835789798526,10000,2500
471,73945.852789653,74071.574860561,125.41481157499948,10000,2500
472,73945.852889653,74071.86687796,125.72197690499888,10000,2500
473,73945.85298965301,74072.075502327,126.01390073199582,10000,2500
474,73945.853089653,74072.299370841,126.22241847700207,10000,2500
475,73945.853189653,74072.53478907,126.44619522399444,10000,2500
476,73945.85328965301,74072.795335226,126.68150523299119,10000,2500
477,73945.853389653,74073.07754732,126.94195127800049,10000,2500
478,73945.853489653,74073.547189274,127.22407319099875,10000,2500
479,73945.85358965301,74073.824447072,127.69360508199316,10000,2500
480,73945.853689653,74074.06621104,127.97076439400553,10000,2500
481,73945.853789653,74074.285613317,128.2124343070027,10000,2500
482,73945.85388965301,74074.544468702,128.431729221993,10000,2500
483,73945.853989653,74074.77499783,128.6904855390021,10000,2500
484,73945.854089653,74075.013664003,128.92091646499466,10000,2500
485,73945.85418965301,74075.22226192,129.1594828209927,10000,2500
486,73945.854289653,74075.435917874,129.36797829400166,10000,2500
487,73945.854389653,74075.73122478,129.58153425400087,10000,2500
488,73945.85448965301,74076.039475084,129.87674138799775,10000,2500
489,73945.854589653,74076.456503462,130.18489852000494,10000,2500
490,73945.854689653,74076.662196235,130.6018266750034,10000,2500
491,73945.854789653,74076.87199555,130.80741255098837,10000,2500
492,73945.854889653,74077.099324581,131.01711360900663,10000,2500
493,73945.854989653,74077.417778728,131.2443491629965,10000,2500
494,73945.855089653,74077.643958495,131.56270167799084,10000,2500
495,73945.855189653,74077.901081085,131.7887855739973,10000,2500
496,73945.855289653,74078.128859175,132.04580665699905,10000,2500
497,73945.855389653,74078.343138131,132.27347738099343,10000,2500
498,73945.855489653,74078.546014605,132.4876630200015,10000,2500
499,73945.855589653,74078.896171701,132.69043056599912,10000,2500
500,73945.855689653,74079.131893677,133.04049897799268,10000,2500
501,73945.855789653,74079.346341259,133.2761168989964,10000,2500
502,73945.855889653,74079.598304758,133.49046578600246,10000,2500
503,73945.855989653,74079.905077244,133.7423305419943,10000,2500
504,73945.856089653,74080.189882929,134.04899305100844,10000,2500
505,73945.856189653,74080.42868399,134.3337082109938,10000,2500
506,73945.856289653,74080.651319916,134.57240020298923,10000,2500
507,73945.85638965301,74080.949957545,134.7949366269895,10000,2500
508,73945.856489653,74081.21061175,135.093481325006,10000,2500
509,73945.856589653,74081.446406432,135.35402779599826,10000,2500
510,73945.85668965301,74081.806234908,135.58972302099573,10000,2500
511,73945.856789653,74082.217871957,135.94946022500517,10000,2500
512,73945.856889653,74082.512311417,136.3609879430005,10000,2500
513,73945.85698965301,74082.749076959,136.65533461599261,10000,2500
514,73945.857089653,74082.962252512,136.89199392299633,10000,2500
515,73945.857189653,74083.168356253,137.10506850900128,10000,2500
516,73945.85728965301,74083.458057776,137.3110731679917,10000,2500
517,73945.857389653,74083.749891765,137.60067404799338,10000,2500
518,73945.857489653,74084.020871858,137.89240805400186,10000,2500
519,73945.85758965301,74084.268680151,138.16329418499663,10000,2500
520,73945.857689653,74084.655383699,138.41099632899568,10000,2500
521,73945.857789653,74084.925837446,138.79759977299545,10000,2500
522,73945.85788965301,74085.165885485,139.06796083398513,10000,2500
523,73945.857989653,74085.375697229,139.30790178800817,10000,2500
524,73945.858089653,74085.605405178,139.5176134880021,10000,2500
525,73945.85818965301,74085.894660504,139.74722821898467,10000,2500
526,73945.858289653,74086.201049848,140.03637673100457,10000,2500
527,73945.858389653,74086.676612106,140.34266624599695,10000,2500
528,73945.85848965301,74087.108285026,140.81812815499143,10000,2500
529,73945.858589653,74087.335902257,141.2497019230068,10000,2500
530,73945.858689653,74087.557446046,141.47721825700137,10000,2500
531,73945.85878965301,74087.905878135,141.69866959498904,10000,2500
532,73945.858889653,74088.262146169,142.0469955120061,10000,2500
533,73945.858989653,74088.543411349,142.4031623359915,10000,2500
534,73945.85908965301,74088.76094883,142.6843275019928,10000,2500
535,73945.859189653,74089.069397451,142.9017649239977,10000,2500
536,73945.859289653,74089.345702788,143.21011362799618,10000,2500
537,73945.85938965301,74089.567461089,143.4863190279866,10000,2500
538,73945.859489653,74089.77551367,143.70798464900872,10000,2500
539,73945.859589653,74090.0199173,143.9159299729945,10000,2500
540,73945.859689653,74090.231287444,144.16023336799117,10000,2500
541,73945.859789653,74090.4524613,144.3715108870092,10000,2500
542,73945.859889653,74090.692016145,144.5925788500026,10000,2500
543,73945.859989653,74090.942491094,144.83203234199027,10000,2500
544,73945.860089653,74091.161746065,145.08240714400017,10000,2500
545,73945.860189653,74091.423453948,145.30156220500066,10000,2500
546,73945.860289653,74091.67334222,145.56317041999137,10000,2500
547,73945.860389653,74091.885908761,145.81296636600746,10000,2500
548,73945.860489653,74092.130179605,146.02542536699912,10000,2500
549,73945.860589653,74092.341766608,146.2695960229903,10000,2500
550,73945.860689653,74092.562271453,146.48108296000282,10000,2500
551,73945.860789653,74092.780647924,146.7014880679926,10000,2500
552,73945.860889653,74092.993080951,146.91976386999886,10000,2500
553,73945.86098965301,74093.23188303,147.13209765599458,10000,2500
554,73945.861089653,74093.43732998,147.37079892300244,10000,2500
555,73945.861189653,74093.652913102,147.57614605598792,10000,2500
556,73945.86128965301,74094.076837332,147.79163161298493,10000,2500
557,73945.861389653,74094.34385547,148.21545355599665,10000,2500
558,73945.861489653,74094.628081868,148.48237844200048,10000,2500
559,73945.86158965301,74094.905527847,148.76649834298587,10000,2500
560,73945.861689653,74095.36430485,149.04384442200535,10000,2500
561,73945.861789653,74095.619402478,149.5025213619956,10000,2500
562,73945.86188965301,74095.842543569,149.75752684999316,10000,2500
563,73945.861989653,74096.094253161,149.98056690000521,10000,2500
564,73945.862089653,74096.37210658,150.23217743600253,10000,2500
565,73945.86218965301,74096.760277174,150.509931580993,10000,2500
566,73945.862289653,74096.97926085,150.8979933350056,10000,2500
567,73945.862389653,74097.212383818,151.11688633999438,10000,2500
568,73945.86248965301,74097.420063571,151.34989976098586,10000,2500
569,73945.862589653,74097.633188106,151.55747974000406,10000,2500
570,73945.862689653,74097.841871971,151.77050603298994,10000,2500
571,73945.86278965301,74098.07238043,151.9790884829854,10000,2500
572,73945.862889653,74098.321864564,152.2094967150042,10000,2500
573,73945.862989653,74098.763695819,152.4588817259937,10000,2500
574,73945.86308965301,74099.05283811,152.90061174899165,10000,2500
575,73945.863189653,74099.264916788,153.18966236899723,10000,2500
576,73945.863289653,74099.480379544,153.401632958994,10000,2500
577,73945.86338965301,74099.706401334,153.61699569498887,10000,2500
578,73945.863489653,74100.02594565,153.84292615400045,10000,2500
579,73945.863589653,74100.256520308,154.16236507699068,10000,2500
580,73945.86368965301,74100.55944899,154.39283606199024,10000,2500
581,73945.863789653,74100.823079162,154.69566509799915,10000,2500
582,73945.863889653,74101.08621345,154.9591958749952,10000,2500
583,73945.86398965301,74101.311615742,155.22223642398603,10000,2500
584,73945.864089653,74101.589641453,155.44753234900418,10000,2500
585,73945.864189653,74102.080737843,155.72545776500192,10000,2500
586,73945.86428965301,74102.357683951,156.21645394799998,10000,2500
587,73945.864389653,74102.656345747,156.49329987799865,10000,2500
588,73945.864489653,74102.905313717,156.7918619349948,10000,2500
589,73945.864589653,74103.163081995,157.0407297519996,10000,2500
590,73945.864689653,74103.507842124,157.29840429600154,10000,2500
591,73945.864789653,74103.746902562,157.64305834499828,10000,2500
592,73945.864889653,74104.008714099,157.8820257389889,10000,2500
593,73945.864989653,74104.227813216,158.14373767100915,10000,2500
594,73945.865089653,74104.513225413,158.3627382239938,10000,2500
595,73945.865189653,74104.794216457,158.64804135399754,10000,2500
596,73945.865289653,74105.018149915,158.92894024999987,10000,2500
597,73945.865389653,74105.271492886,159.15277353700367,10000,2500
598,73945.865489653,74105.493805875,159.4060088289989,10000,2500
599,73945.865589653,74105.699548111,159.62822220800444,10000,2500
600,73945.865689653,74106.00991992,159.8338931259932,10000,2500
601,73945.865789653,74106.293234468,160.14413611099008,10000,2500
602,73945.86588965301,74106.514387853,160.42735070598428,10000,2500
603,73945.865989653,74106.750020842,160.64841168400017,10000,2500
604,73945.866089653,74106.962832652,160.88394456398964,10000,2500
605,73945.86618965301,74107.24747429,161.09665373599273,10000,2500
606,73945.866289653,74107.477923535,161.38119023300533,10000,2500
607,73945.866389653,74107.698713611,161.61153926799307,10000,2500
608,73945.86648965301,74107.902961383,161.83223919398733,10000,2500
609,73945.866589653,74108.148556585,162.0363895920018,10000,2500
610,73945.866689653,74108.415268183,162.28188019499066,10000,2500
611,73945.86678965301,74108.685977303,162.54849110498617,10000,2500
612,73945.866889653,74108.93626174,162.81909324899607,10000,2500
613,73945.866989653,74109.156102584,163.06927752899355,10000,2500
614,73945.86708965301,74109.456214611,163.28902557598485,10000,2500
615,73945.867189653,74109.698478957,163.58903765000287,10000,2500
616,73945.867289653,74109.904110003,163.8311948299961,10000,2500
617,73945.86738965301,74110.329908398,164.0367267089896,10000,2500
618,73945.867489653,74110.623482687,164.46243724500528,10000,2500
619,73945.867589653,74110.942559364,164.7558988769888,10000,2500
620,73945.86768965301,74111.175007083,165.07487559699803,10000,2500
621,73945.867789653,74111.414595293,165.3072320469946,10000,2500
622,73945.867889653,74111.678755432,165.54671904499992,10000,2500
623,73945.86798965301,74111.97624007,165.810771406992,10000,2500
624,73945.868089653,74112.200743898,166.10816397900635,10000,2500
625,73945.868189653,74112.431590055,166.3325679099944,10000,2500
626,73945.86828965301,74112.746038453,166.56331743199553,10000,2500
627,73945.868389653,74112.952362256,166.8776543270069,10000,2500
628,73945.868489653,74113.164455966,167.08387841499643,10000,2500
629,73945.86858965301,74113.393419122,167.29587210899626,10000,2500
630,73945.868689653,74113.639764698,167.52473941500648,10000,2500
631,73945.868789653,74113.988339205,167.770981847003,10000,2500
632,73945.86888965301,74114.225222226,168.11945630998525,10000,2500
633,73945.868989653,74114.445660843,168.35624459700193,10000,2500
634,73945.869089653,74114.693583502,168.57657696500246,10000,2500
635,73945.869189653,74114.921828833,168.82440833099827,10000,2500
636,73945.869289653,74115.160929688,169.05254536299617,10000,2500
637,73945.869389653,74115.480252346,169.29155340899888,10000,2500
638,73945.869489653,74115.696827284,169.61077419799403,10000,2500
639,73945.869589653,74115.902857091,169.82724401900487,10000,2500
640,73945.869689653,74116.232877634,170.03317387399147,10000,2500
641,73945.869789653,74116.472665453,170.3630948929931,10000,2500
642,73945.869889653,74116.890351493,170.60278169700177,10000,2500
643,73945.869989653,74117.101601142,171.02036830299767,10000,2500
644,73945.870089653,74117.379697271,171.23151744199276,10000,2500
645,73945.870189653,74117.634991327,171.50951357399754,10000,2500
646,73945.870289653,74117.901128957,171.76470812800108,10000,2500
647,73945.870389653,74118.113980521,172.03074521599046,10000,2500
648,73945.870489653,74118.315178814,172.24349677700957,10000,2500
649,73945.870589653,74118.601703528,172.44459599799302,10000,2500
650,73945.870689653,74118.83955879,172.73102021998784,10000,2500
651,73945.87078965301,74119.069140076,172.96877512599167,10000,2500
652,73945.870889653,74119.313338228,173.19826643299893,10000,2500
653,73945.870989653,74119.530290396,173.4423610179947,10000,2500
654,73945.87108965301,74119.752439133,173.65920911099238,10000,2500
655,73945.871189653,74119.989790311,173.8812560160004,10000,2500
656,73945.871289653,74120.213079072,174.1185135449923,10000,2500
657,73945.87138965301,74120.477799322,174.3417043639929,10000,2500
658,73945.871489653,74120.698533201,174.60631548600213,10000,2500
659,73945.871589653,74121.256616752,174.82694964199618,10000,2500
660,73945.87168965301,74121.480204999,175.38493303999712,10000,2500
661,73945.871789653,74121.72144163,175.60842099199363,10000,2500
662,73945.871889653,74121.974777771,175.84955765400082,10000,2500
663,73945.87198965301,74122.241783702,176.1028003909887,10000,2500
664,73945.872089653,74122.472169185,176.36969962999865,10000,2500
665,73945.872189653,74122.83988258,176.5999929769896,10000,2500
666,73945.87228965301,74123.068305679,176.9675983129855,10000,2500
667,73945.872389653,74123.277388414,177.19592830599868,10000,2500
668,73945.872489653,74123.596972024,177.40491255000234,10000,2500
669,73945.87258965301,74123.867821736,177.72438780899392,10000,2500
670,73945.872689653,74124.08374005,177.99513766700693,10000,2500
671,73945.872789653,74124.37535477,178.2109641339921,10000,2500
672,73945.87288965301,74124.642384174,178.50247435599158,10000,2500
673,73945.872989653,74124.861794278,178.76940060600464,10000,2500
674,73945.873089653,74125.121429717,178.9887183020037,10000,2500
675,73945.87318965301,74125.385212752,179.24825300199154,10000,2500
676,73945.873289653,74125.645508755,179.51192913000705,10000,2500
677,73945.873389653,74125.858436269,179.7721248529997,10000,2500
678,73945.87348965301,74126.128833382,179.98495235499286,10000,2500
679,73945.873589653,74126.380056623,180.25524983099604,10000,2500
680,73945.873689653,74126.610466798,180.50638226099545,10000,2500
681,73945.87378965301,74127.051893327,180.73668265598826,10000,2500
682,73945.873889653,74127.711194034,181.178010566,10000,2500
683,73945.873989653,74127.96997103,181.83721243900072,10000,2500
684,73945.874089653,74128.237850784,182.0958933899965,10000,2500
685,73945.874189653,74128.548043478,182.36366782299592,10000,2500
686,73945.874289653,74128.782881148,182.67375954799354,10000,2500
687,73945.874389653,74129.037586765,182.90849714099022,10000,2500
688,73945.874489653,74129.247124755,183.16310327900283,10000,2500
689,73945.874589653,74129.732335804,183.37254055899393,10000,2500
690,73945.874689653,74129.995016856,183.85765924899897,10000,2500
691,73945.874789653,74130.20928868,184.1202328740037,10000,2500
692,73945.874889653,74130.487261225,184.33440563200566,10000,2500
693,73945.874989653,74130.695298235,184.6122781890008,10000,2500
694,73945.875089653,74131.159185667,184.8202142220107,10000,2500
695,73945.875189653,74131.45326683,185.28400373199838,10000,2500
696,73945.875289653,74131.694365158,185.57798296699184,10000,2500
697,73945.875389653,74132.098479542,185.8189814159996,10000,2500
698,73945.875489653,74132.485960324,186.22300247699604,10000,2500
699,73945.875589653,74132.898640958,186.61038298999483,10000,2500
700,73945.87568965301,74133.170044078,187.0229686949897,10000,2500
701,73945.875789653,74133.392115857,187.29426803300157,10000,2500
702,73945.875889653,74133.613436519,187.51623224299692,10000,2500
703,73945.87598965301,74133.909074286,187.73745252599474,10000,2500
704,73945.876089653,74134.153310596,188.03299054899253,10000,2500
705,73945.876189653,74134.360183098,188.27712729400082,10000,2500
706,73945.87628965301,74134.724029197,188.48389952498837,10000,2500
707,73945.876389653,74134.951659368,188.8476454479969,10000,2500
708,73945.876489653,74135.209988725,189.07517598698905,10000,2500
709,73945.87658965301,74135.416182986,189.33340508399124,10000,2500
710,73945.876689653,74135.627627476,189.53950309399806,10000,2500
711,73945.876789653,74135.883972438,189.7508442979888,10000,2500
712,73945.87688965301,74136.094458524,190.00708853598917,10000,2500
713,73945.876989653,74136.319654207,190.21747547699488,10000,2500
714,73945.877089653,74136.608202028,190.44257425999967,10000,2500
715,73945.87718965301,74136.864918506,190.731018261984,10000,2500
716,73945.877289653,74137.175384992,190.98764543900324,10000,2500
717,73945.877389653,74137.414308235,191.2980088399927,10000,2500
718,73945.87748965301,74137.669083946,191.53682436699455,10000,2500
719,73945.877589653,74137.886813267,191.79150015900086,10000,2500
720,73945.877689653,74138.164738938,192.00913658599893,10000,2500
721,73945.87778965301,74138.40841192,192.28695536698797,10000,2500
722,73945.877889653,74138.622485117,192.53052867400402,10000,2500
723,73945.877989653,74138.841747503,192.74451429198962,10000,2500
724,73945.87808965301,74139.064912618,192.96366376699007,10000,2500
725,73945.878189653,74139.314371772,193.186738910008,10000,2500
726,73945.878289653,74139.541882108,193.4360877260042,10000,2500
727,73945.87838965301,74139.747962404,193.66349794299458,10000,2500
728,73945.878489653,74140.001055736,193.8694873820059,10000,2500
729,73945.878589653,74140.212917793,194.12247148700408,10000,2500
730,73945.87868965301,74140.421368876,194.33423508598935,10000,2500
731,73945.878789653,74140.648893882,194.5425916880049,10000,2500
732,73945.878889653,74140.871632042,194.77000969699293,10000,2500
733,73945.878989653,74141.105742597,194.9926482719893,10000,2500
734,73945.879089653,74141.341812309,195.22666181900422,10000,2500
735,73945.879189653,74141.625596428,195.46262857499823,10000,2500
736,73945.879289653,74141.882542497,195.74631877698994,10000,2500
737,73945.879389653,74142.130158601,196.00317312100378,10000,2500
738,73945.879489653,74142.353607077,196.25067469199712,10000,2500
739,73945.879589653,74142.607919363,196.47403255799145,10000,2500
740,73945.879689653,74142.841424375,196.72823717800202,10000,2500
741,73945.879789653,74143.070648047,196.96165114099858,10000,2500
742,73945.879889653,74143.277981139,197.1907763529889,10000,2500
743,73945.879989653,74143.505229909,197.39799751401006,10000,2500
744,73945.880089653,74143.735822558,197.62514607599587,10000,2500
745,73945.880189653,74143.967442503,197.8556428719894,10000,2500
746,73945.88028965301,74144.192733041,198.08717094699387,10000,2500
747,73945.880389653,74144.434712685,198.3123503740062,10000,2500
748,73945.880489653,74144.694592641,198.55423943098867,10000,2500
749,73945.88058965301,74145.102634904,198.81400880598812,10000,2500
750,73945.880689653,74145.394678174,199.22195108199958,10000,2500
751,73945.880789653,74145.618231793,199.51390168999205,10000,2500
752,73945.88088965301,74145.82315551,199.73734852198686,10000,2500
753,73945.880989653,74146.125616087,199.94217146499432,10000,2500
754,73945.881089653,74146.402286078,200.24453200299467,10000,2500
755,73945.88118965301,74146.690906544,200.52111125498777,10000,2500
756,73945.881289653,74146.954069568,200.80962258299405,10000,2500
757,73945.881389653,74147.161188509,201.0726858929993,10000,2500
758,73945.88148965301,74147.420291844,201.27970458898926,10000,2500
759,73945.881589653,74147.75683598,201.53870792899397,10000,2500
760,73945.881689653,74147.967298792,201.87515226200048,10000,2500
761,73945.88178965301,74148.191362641,202.08552165099536,10000,2500
762,73945.881889653,74148.410756727,202.30947928900423,10000,2500
763,73945.881989653,74148.786061134,202.52877314299985,10000,2500
764,73945.88208965301,74149.002574846,202.9039771589887,10000,2500
765,73945.882189653,74149.293070189,203.12039162300061,10000,2500
766,73945.882289653,74149.514723471,203.4107867089915,10000,2500
767,73945.88238965301,74149.785008048,203.6323395359941,10000,2500
768,73945.882489653,74150.001486926,203.90252427700034,10000,2500
769,73945.882589653,74150.258745708,204.11891040099727,10000,2500
770,73945.88268965301,74150.507530269,204.3760620289977,10000,2500
771,73945.882789653,74150.944797118,204.62474665600166,10000,2500
772,73945.882889653,74151.170797259,205.06191338899953,10000,2500
773,73945.88298965301,74151.394605482,205.2878226939938,10000,2500
774,73945.883089653,74151.625365583,205.51152269200247,10000,2500
775,73945.883189653,74151.842126408,205.74218166399805,10000,2500
776,73945.88328965301,74152.105330794,205.9588512229966,10000,2500
777,73945.883389653,74152.341835106,206.221954446999,10000,2500
778,73945.883489653,74152.716734418,206.4583510049997,10000,2500
779,73945.883589653,74152.98663868,206.83315035198757,10000,2500
780,73945.883689653,74153.286213999,207.1029616779997,10000,2500
781,73945.883789653,74153.504863088,207.40243011100392,10000,2500
782,73945.883889653,74153.755045271,207.62098684599914,10000,2500
783,73945.883989653,74153.981003694,207.87106158200186,10000,2500
784,73945.884089653,74154.24078237,208.09692860899668,10000,2500
785,73945.884189653,74154.512901949,208.3565984339948,10000,2500
786,73945.884289653,74154.740732425,208.62862666400906,10000,2500
787,73945.884389653,74154.956238913,208.85635611800535,10000,2500
788,73945.884489653,74155.255007199,209.0717548679968,10000,2500
789,73945.884589653,74155.500020615,209.37042323600326,10000,2500
790,73945.884689653,74155.757938825,209.61533684599272,10000,2500
791,73945.884789653,74155.996079686,209.8731549679942,10000,2500
792,73945.884889653,74156.20151721,210.11120208700595,10000,2500
793,73945.884989653,74156.574036513,210.31653371200082,10000,2500
794,73945.885089653,74156.796871962,210.688959866995,10000,2500
795,73945.88518965301,74157.049753868,210.91168798199215,10000,2500
796,73945.885289653,74157.280630697,211.16446988799726,10000,2500
797,73945.885389653,74157.506583962,211.39525489098742,10000,2500
798,73945.88548965301,74157.724750288,211.62109978799708,10000,2500
799,73945.885589653,74157.931331998,211.83916729700286,10000,2500
800,73945.885689653,74158.144042055,212.04567756499455,10000,2500
801,73945.88578965301,74158.412244553,212.25825817398436,10000,2500
802,73945.885889653,74158.715511586,212.52636079999502,10000,2500
803,73945.885989653,74158.931440829,212.82953818399983,10000,2500
804,73945.88608965301,74159.16652859,213.0453567589866,10000,2500
805,73945.886189653,74159.386100128,213.28035149999778,10000,2500
806,73945.886289653,74159.6144407,213.49982584899408,10000,2500
807,73945.88638965301,74159.888967589,213.72805709199747,10000,2500
808,73945.886489653,74160.144623636,214.0024834520009,10000,2500
809,73945.886589653,74160.546684291,214.25804088999575,10000,2500
810,73945.88668965301,74160.946992802,214.66000138499658,10000,2500
811,73945.886789653,74161.17054163,215.0602096119983,10000,2500
812,73945.886889653,74161.435904131,215.28365874699375,10000,2500
813,73945.88698965301,74161.640620053,215.54892049598857,10000,2500
814,73945.887089653,74161.977082898,215.75353640200046,10000,2500
815,73945.887189653,74162.20415448,216.08990607700252,10000,2500
816,73945.88728965301,74162.455272624,216.31687827699352,10000,2500
817,73945.887389653,74162.659926867,216.56789723900147,10000,2500
818,73945.887489653,74162.891649908,216.772447026,10000,2500
819,73945.88758965301,74163.137950754,217.00406639599532,10000,2500
820,73945.887689653,74163.403185294,217.2502671490074,10000,2500
821,73945.887789653,74163.641865453,217.51540873700287,10000,2500
822,73945.88788965301,74163.845997951,217.75398170099652,10000,2500
823,73945.887989653,74164.219258114,217.95801642999868,10000,2500
824,73945.888089653,74164.500113284,218.3311747120024,10000,2500
825,73945.88818965301,74164.840061903,218.6119295759854,10000,2500
826,73945.888289653,74165.050604428,218.95177919999696,10000,2500
827,73945.888389653,74165.301720608,219.16222036399995,10000,2500
828,73945.888489653,74165.535252874,219.41323695299798,10000,2500
829,73945.888589653,74165.749591858,219.64666898400174,10000,2500
830,73945.888689653,74166.237680114,219.86090811800386,10000,2500
831,73945.888789653,74166.558260446,220.34890254199854,10000,2500
832,73945.888889653,74166.78615466,220.66937718600093,10000,2500
833,73945.888989653,74167.060772968,220.89717250100512,10000,2500
834,73945.889089653,74167.27428834,221.17168904599384,10000,2500
835,73945.889189653,74167.568300886,221.38510434199998,10000,2500
836,73945.889289653,74167.911862488,221.6790173699992,10000,2500
837,73945.889389653,74168.157101303,222.02247837100003,10000,2500
838,73945.889489653,74168.370493163,222.26761733200692,10000,2500
839,73945.889589653,74168.649139328,222.48091659799684,10000,2500
840,73945.889689653,74168.898155427,222.75946234598814,10000,2500
841,73945.889789653,74169.172767122,223.008378826009,10000,2500
842,73945.889889653,74169.411041128,223.28288295300445,10000,2500
843,73945.889989653,74169.661664327,223.52105760999257,10000,2500
844,73945.89008965301,74169.884529586,223.77158060998772,10000,2500
845,73945.890189653,74170.248586153,223.99434587400174,10000,2500
846,73945.890289653,74170.590335212,224.3583092560002,10000,2500
847,73945.89038965301,74170.797120031,224.69995144299173,10000,2500
848,73945.890489653,74171.008279872,224.90664425000432,10000,2500
849,73945.890589653,74171.251547559,225.11770558200078,10000,2500
850,73945.89068965301,74171.528518158,225.3608648669906,10000,2500
851,73945.890789653,74171.805728481,225.63774291900336,10000,2500
852,73945.890889653,74172.043201353,225.91485227100202,10000,2500
853,73945.89098965301,74172.273688883,226.1522176409926,10000,2500
854,73945.891089653,74172.525601077,226.3826054329984,10000,2500
855,73945.891189653,74172.83648739,226.6344237930025,10000,2500
856,73945.89128965301,74173.054317201,226.9452043279889,10000,2500
857,73945.891389653,74173.313343635,227.16293334499642,10000,2500
858,73945.891489653,74173.708740789,227.42185978199996,10000,2500
859,73945.89158965301,74173.912897461,227.81716399999277,10000,2500
860,73945.891689653,74174.118137382,228.02121320700098,10000,2500
861,73945.891789653,74174.341074192,228.22636047299602,10000,2500
862,73945.89188965301,74174.588260965,228.44919017098437,10000,2500
863,73945.891989653,74174.805298175,228.6962770819955,10000,2500
864,73945.892089653,74175.033984484,228.91322431099252,10000,2500
865,73945.89218965301,74175.246409894,229.1418015659874,10000,2500
866,73945.892289653,74175.477542626,229.35412637599802,10000,2500
867,73945.892389653,74175.700636738,229.58515855799487,10000,2500
868,73945.89248965301,74176.005363851,229.80816056698677,10000,2500
869,73945.892589653,74176.249846978,230.11278031399706,10000,2500
870,73945.892689653,74176.605402478,230.3571633620013,10000,2500
871,73945.89278965301,74176.881726373,230.71261861499806,10000,2500
872,73945.892889653,74177.106741229,230.98884950199863,10000,2500
873,73945.892989653,74177.389800303,231.21375722199446,10000,2500
874,73945.89308965301,74177.629711299,231.4967234079959,10000,2500
875,73945.893189653,74178.010052994,231.7365272360039,10000,2500
876,73945.893289653,74178.225983079,232.1167690029979,10000,2500
877,73945.893389653,74178.454448837,232.33259888799512,10000,2500
878,73945.893489653,74178.692037158,232.560965192999,10000,2500
879,73945.893589653,74179.036485265,232.798457330995,10000,2500
880,73945.893689653,74179.2610578,233.1428064369975,10000,2500
881,73945.893789653,74179.602696331,233.36727356399933,10000,2500
882,73945.893889653,74179.886429111,233.70881249499507,10000,2500
883,73945.893989653,74180.174266471,233.99244536498736,10000,2500
884,73945.894089653,74180.392253485,234.28018294301,10000,2500
885,73945.894189653,74180.617108989,234.49806951600476,10000,2500
886,73945.894289653,74180.905179407,234.72282550299133,10000,2500
887,73945.894389653,74181.421407374,235.0107953830011,10000,2500
888,73945.894489653,74181.689304499,235.52693657399504,10000,2500
889,73945.894589653,74181.907651199,235.79472083799192,10000,2500
890,73945.89468965301,74182.183442782,236.01296721899416,10000,2500
891,73945.894789653,74182.440705193,236.28866561899486,10000,2500
892,73945.894889653,74182.676449443,236.54582142399158,10000,2500
893,73945.89498965301,74182.936956727,236.7814652009838,10000,2500
894,73945.895089653,74183.250610678,237.04187314299634,10000,2500
895,73945.895189653,74183.493782003,237.35542667499976,10000,2500
896,73945.89528965301,74183.808768077,237.59850477898726,10000,2500
897,73945.895389653,74184.081535778,237.91338421100227,10000,2500
898,73945.895489653,74184.34484213,238.18605181999737,10000,2500
899,73945.89558965301,74184.570358042,238.44925831498404,10000,2500
900,73945.895689653,74184.890210721,238.67468473600456,10000,2500
901,73945.895789653,74185.104539485,238.99443405699276,10000,2500
902,73945.89588965301,74185.459006977,239.2086629929836,10000,2500
903,73945.895989653,74185.716561548,239.5630252310075,10000,2500
904,73945.896089653,74185.92966251,239.82048463298997,10000,2500
905,73945.89618965301,74186.131265504,240.03347889998986,10000,2500
906,73945.896289653,74186.404195741,240.23499129099946,10000,2500
907,73945.896389653,74186.718973383,240.5078119069949,10000,2500
908,73945.89648965301,74186.949316932,240.82249726899317,10000,2500
909,73945.896589653,74187.159867229,241.0527409320057,10000,2500
910,73945.896689653,74187.428143947,241.2631901959976,10000,2500
911,73945.89678965301,74187.660998198,241.53136547199392,10000,2500
912,73945.896889653,74187.922103913,241.76411827199627,10000,2500
913,73945.896989653,74188.181648023,242.02512070999364,10000,2500
914,73945.89708965301,74188.386790012,242.284570548989,10000,2500
915,73945.897189653,74188.672226767,242.48960580100538,10000,2500
916,73945.897289653,74188.889867128,242.77494278400263,10000,2500
917,73945.89738965301,74189.182454365,242.99249151798722,10000,2500
918,73945.897489653,74189.532427329,243.28497852300643,10000,2500
919,73945.897589653,74189.80699592,243.63485271300306,10000,2500
920,73945.89768965301,74190.162131928,243.9093148799875,10000,2500
921,73945.897789653,74190.388872132,244.26434928699746,10000,2500
922,73945.897889653,74190.634838171,244.49098829900322,10000,2500
923,73945.897989653,74190.867222784,244.73685465999006,10000,2500
924,73945.898089653,74191.30860831,244.96914027900493,10000,2500
925,73945.898189653,74191.518021571,245.41042418999132,10000,2500
926,73945.898289653,74191.72990209,245.61973871898954,10000,2500
927,73945.898389653,74191.958133763,245.83152604300994,10000,2500
928,73945.898489653,74192.161262847,246.05965617300535,10000,2500
929,73945.898589653,74192.464073917,246.26268655499734,10000,2500
930,73945.898689653,74192.744276973,246.56539018300828,10000,2500
931,73945.898789653,74192.977894965,246.84549377299845,10000,2500
932,73945.898889653,74193.239885301,247.07901772498735,10000,2500
933,73945.898989653,74193.461932475,247.34090793899668,10000,2500
934,73945.899089653,74193.804196494,247.56285684999602,10000,2500
935,73945.899189653,74194.030071008,247.9050127669907,10000,2500
936,73945.899289653,74194.262088976,248.13079402600124,10000,2500
937,73945.899389653,74194.470512815,248.36271179899632,10000,2500
938,73945.899489653,74194.717554739,248.57102932299313,10000,2500
939,73945.89958965301,74195.067822007,248.81797153998923,10000,2500
940,73945.899689653,74195.355440004,249.16814594599418,10000,2500
941,73945.899789653,74195.637742693,249.45565730999806,10000,2500
942,73945.89988965301,74195.842565721,249.73785882898665,10000,2500
943,73945.899989653,74196.145874566,249.9425815680006,10000,2500
944,73945.900089653,74196.358531561,250.24579679299495,10000,2500
945,73945.90018965301,74196.679849181,250.45834754398675,10000,2500
946,73945.900289653,74196.921775955,250.7795654109941,10000,2500
947,73945.900389653,74197.225263853,251.02139242399426,10000,2500
948,73945.90048965301,74197.436450317,251.32478739398357,10000,2500
949,73945.900589653,74197.7530837,251.53586611000355,10000,2500
950,73945.900689653,74197.967527429,251.852408191,10000,2500
951,73945.90078965301,74198.183058963,252.0667497809918,10000,2500
952,73945.900889653,74198.46111474,252.28218261200527,10000,2500
953,73945.900989653,74198.715221554,252.5601368249918,10000,2500
954,73945.90108965301,74199.032504407,252.81414439399668,10000,2500
955,73945.901189653,74199.304206837,253.1313205799961,10000,2500
956,73945.901289653,74199.546002332,253.4029302859999,10000,2500
957,73945.90138965301,74199.782453956,253.64461839299474,10000,2500
958,73945.901489653,74199.99580381,253.8809784210025,10000,2500
959,73945.901589653,74200.28116973,254.09421975899022,10000,2500
960,73945.90168965301,74200.605684391,254.37948617499205,10000,2500
961,73945.901789653,74200.883090527,254.70390045299428,10000,2500
962,73945.901889653,74201.155415008,254.9812066329905,10000,2500
963,73945.90198965301,74201.409978399,255.25343806999444,10000,2500
964,73945.902089653,74201.637836959,255.50789542400162,10000,2500
965,73945.902189653,74202.016108915,255.73566087899962,10000,2500
966,73945.90228965301,74202.253035845,256.11382569499256,10000,2500
967,73945.902389653,74202.470608136,256.3506517200003,10000,2500
968,73945.902489653,74202.728116478,256.568124256999,10000,2500
969,73945.90258965301,74202.99120649,256.8255406929966,10000,2500
970,73945.902689653,74203.336137048,257.0885225570091,10000,2500
971,73945.902789653,74203.556584968,257.43335313799616,10000,2500
972,73945.902889653,74203.883481154,257.6537013199995,10000,2500
973,73945.902989653,74204.122535732,257.98050836000766,10000,2500
974,73945.903089653,74204.334548668,258.21946048199607,10000,2500
975,73945.903189653,74204.543361,258.4313647139934,10000,2500
976,73945.903289653,74204.762323048,258.6400847640034,10000,2500
977,73945.903389653,74205.020342255,258.8589390069974,10000,2500
978,73945.903489653,74205.244210799,259.1168652889901,10000,2500
979,73945.903589653,74205.53122696,259.34062713899766,10000,2500
980,73945.903689653,74205.743016249,259.62755173500045,10000,2500
981,73945.903789653,74205.963676232,259.839239997993,10000,2500
982,73945.903889653,74206.213476403,260.0597986509965,10000,2500
983,73945.903989653,74206.456645383,260.30949224600045,10000,2500
984,73945.904089653,74206.691614688,260.5525622989953,10000,2500
985,73945.904189653,74207.005141996,260.78743775399926,10000,2500
986,73945.904289653,74207.212925939,261.10085868400347,10000,2500
987,73945.904389653,74207.439191379,261.3085535269929,10000,2500
988,73945.90448965301,74207.827103566,261.5347117679921,10000,2500
989,73945.904589653,74208.295682224,261.92252020600426,10000,2500
990,73945.904689653,74208.515831853,262.39099883000017,10000,2500
991,73945.90478965301,74208.752266153,262.6110544929834,10000,2500
992,73945.904889653,74208.970598327,262.84739027000614,10000,2500
993,73945.904989653,74209.219814156,263.0656148699927,10000,2500
994,73945.90508965301,74209.464988358,263.3147352489905,10000,2500
995,73945.905189653,74209.691988341,263.5598064829974,10000,2500
996,73945.905289653,74210.24191084,263.7867047530017,10000,2500
997,73945.90538965301,74210.494047405,264.33653421398776,10000,2500
998,73945.905489653,74210.777273964,264.588563532001,10000,2500
999,73945.905589653,74210.993306953,264.87169036999694,10000,2500
1000,73945.90568965301,74211.238298821,265.08763733798696,10000,2500
1001,73945.905789653,74211.460038349,265.33251537999604,10000,2500
1002,73945.905889653,74211.68284979,265.5541640149895,10000,2500
1003,73945.90598965301,74211.977587747,265.7768731149845,10000,2500
1004,73945.906089653,74212.194999076,266.07150379099767,10000,2500
1005,73945.906189653,74212.408194639,266.2888262089982,10000,2500
1006,73945.90628965301,74212.613887704,266.5019105229876,10000,2500
1007,73945.906389653,74213.170018268,266.70750363000843,10000,2500
1008,73945.906489653,74213.409948177,267.26353490300244,10000,2500
1009,73945.90658965301,74213.636055453,267.5033742789965,10000,2500
1010,73945.906689653,74213.889747467,267.7293714550033,10000,2500
1011,73945.906789653,74214.11722633,267.98296336000203,10000,2500
1012,73945.90688965301,74214.337062537,268.2103424319939,10000,2500
1013,73945.906989653,74214.565487388,268.4300785939995,10000,2500
1014,73945.907089653,74214.923813752,268.6584032940009,10000,2500
1015,73945.90718965301,74215.135152774,269.0166299679986,10000,2500
1016,73945.907289653,74215.417308678,269.2278690109961,10000,2500
1017,73945.907389653,74215.655444945,269.5099250600033,10000,2500
1018,73945.90748965301,74215.908567196,269.74796843099466,10000,2500
1019,73945.907589653,74216.256187894,270.00098330799665,10000,2500
1020,73945.907689653,74216.471794003,270.34850404100143,10000,2500
1021,73945.907789653,74216.72223285,270.5640192219871,10000,2500
1022,73945.907889653,74216.986741946,270.8143490500079,10000,2500
1023,73945.907989653,74217.215580358,271.0787662490038,10000,2500
1024,73945.908089653,74217.584912133,271.30749685099,10000,2500
1025,73945.908189653,74217.859653541,271.6767285550013,10000,2500
1026,73945.908289653,74218.086510962,271.9513695509959,10000,2500
1027,73945.908389653,74218.362304966,272.1781343539915,10000,2500
1028,73945.908489653,74218.572818228,272.4538208800077,10000,2500
1029,73945.908589653,74218.79244081,272.6642343699932,10000,2500
1030,73945.908689653,74219.035434463,272.8837650369969,10000,2500
1031,73945.908789653,74219.371970995,273.12665089000075,10000,2500
1032,73945.908889653,74219.644215376,273.463087600001,10000,2500
1033,73945.908989653,74219.959732063,273.7352321389917,10000,2500
1034,73945.90908965301,74220.307315459,274.0506483969948,10000,2500
1035,73945.909189653,74220.553946376,274.39813141699415,10000,2500
1036,73945.909289653,74220.818756038,274.64466241899936,10000,2500
1037,73945.90938965301,74221.087106931,274.9093733729969,10000,2500
1038,73945.909489653,74221.358527099,275.1776231870026,10000,2500
1039,73945.909589653,74221.592175591,275.44895003199053,10000,2500
1040,73945.90968965301,74221.860016979,275.6825004939892,10000,2500
1041,73945.909789653,74222.235405037,275.9502329139941,10000,2500
1042,73945.909889653,74222.502240895,276.325521501989,10000,2500
1043,73945.90998965301,74222.721590277,276.59225757098466,10000,2500
1044,73945.910089653,74222.967047759,276.81151323100494,10000,2500
1045,73945.910189653,74223.249625759,277.056870342989,10000,2500
1046,73945.91028965301,74223.524048438,277.3393486989953,10000,2500
1047,73945.910389653,74223.739146318,277.6136647789972,10000,2500
1048,73945.910489653,74223.986085448,277.82867041399004,10000,2500
1049,73945.91058965301,74224.207995058,278.0755084959965,10000,2500
1050,73945.910689653,74224.450970711,278.29731380500016,10000,2500
1051,73945.910789653,74224.724495995,278.540187170991,10000,2500
1052,73945.91088965301,74225.05093658,278.8136183079914,10000,2500
1053,73945.910989653,74225.362474438,279.1399529159971,10000,2500
1054,73945.911089653,74225.568375443,279.4513907389919,10000,2500
1055,73945.91118965301,74225.809049735,279.65719251798873,10000,2500
1056,73945.911289653,74226.063842807,279.8977655930066,10000,2500
1057,73945.911389653,74226.280155366,280.1524667519989,10000,2500
1058,73945.91148965301,74226.653177022,280.3686720879923,10000,2500
1059,73945.911589653,74226.872076331,280.74159350199625,10000,2500
1060,73945.911689653,74227.127300565,280.96039836099953,10000,2500
1061,73945.91178965301,74227.354050555,281.2155164799915,10000,2500
1062,73945.911889653,74227.566112966,281.4421738509991,10000,2500
1063,73945.911989653,74227.776665815,281.65413582099427,10000,2500
1064,73945.91208965301,74227.998729914,281.86459039899637,10000,2500
1065,73945.912189653,74228.221466026,282.0865464649978,10000,2500
1066,73945.912289653,74228.46533551,282.30918899399694,10000,2500
1067,73945.912389653,74228.683270844,282.55295182399277,10000,2500
1068,73945.912489653,74229.029771539,282.7707953490026,10000,2500
1069,73945.912589653,74229.447380617,283.117187677999,10000,2500
1070,73945.912689653,74229.67512644,283.5347031879937,10000,2500
1071,73945.912789653,74229.984661152,283.7623430250096,10000,2500
1072,73945.912889653,74230.355571128,284.0717827500048,10000,2500
1073,73945.912989653,74230.581298768,284.4425870399864,10000,2500
1074,73945.913089653,74230.859737492,284.66821500200604,10000,2500
1075,73945.913189653,74231.098228567,284.94655378800235,10000,2500
1076,73945.913289653,74231.316104279,285.18494997298694,10000,2500
1077,73945.913389653,74231.566730865,285.40273019300366,10000,2500
1078,73945.913489653,74231.777712047,285.65324685799715,10000,2500
1079,73945.913589653,74232.04752468,285.8641356279986,10000,2500
1080,73945.913689653,74232.394648277,286.13384063700505,10000,2500
1081,73945.913789653,74232.629906039,286.4808643409924,10000,2500
1082,73945.913889653,74232.892088585,286.716022032997,10000,2500
1083,73945.91398965301,74233.102102487,286.97810425498756,10000,2500
1084,73945.914089653,74233.318670247,287.1880264920037,10000,2500
1085,73945.914189653,74233.552872885,287.40448648898746,10000,2500
1086,73945.91428965301,74233.82727189,287.63858880299085,10000,2500
1087,73945.914389653,74234.090041045,287.91289657699235,10000,2500
1088,73945.914489653,74234.327448095,288.1755569579982,10000,2500
1089,73945.91458965301,74234.551873855,288.4128639269911,10000,2500
1090,73945.914689653,74234.770028295,288.63719641299394,10000,2500
1091,73945.914789653,74234.980156351,288.85524458199507,10000,2500
1092,73945.91488965301,74235.257368768,289.0652863259893,10000,2500
1093,73945.914989653,74235.511501414,289.3423857529997,10000,2500
1094,73945.915089653,74235.796578679,289.59641749098955,10000,2500
1095,73945.91518965301,74236.010447405,289.88139508798486,10000,2500
1096,73945.915289653,74236.236020269,290.0951638940023,10000,2500
1097,73945.915389653,74236.49172629,290.3206433640007,10000,2500
1098,73945.91548965301,74236.736179046,290.5762426529982,10000,2500
1099,73945.915589653,74236.957867301,290.8205948399991,10000,2500
1100,73945.915689653,74237.216835207,291.04221291399153,10000,2500
1101,73945.91578965301,74237.441536995,291.301051522998,10000,2500
1102,73945.915889653,74237.653134298,291.5256529650069,10000,2500
1103,73945.915989653,74237.91229953,291.7371507200005,10000,2500
1104,73945.91608965301,74238.122961961,291.9962167599879,10000,2500
1105,73945.916189653,74238.343349986,292.20677814399824,10000,2500
1106,73945.916289653,74238.617062245,292.4270670800033,10000,2500
1107,73945.91638965301,74238.955877564,292.70067858998664,10000,2500
1108,73945.916489653,74239.161387991,293.03940461200546,10000,2500
1109,73945.916589653,74239.427338893,293.24481492399354,10000,2500
1110,73945.91668965301,74239.64664787,293.51065555498644,10000,2500
1111,73945.916789653,74239.847855643,293.72987018599815,10000,2500
1112,73945.916889653,74240.169505694,293.9309729109955,10000,2500
1113,73945.91698965301,74240.394308144,294.2525216679933,10000,2500
1114,73945.917089653,74240.675754769,294.47723107700585,10000,2500
1115,73945.917189653,74240.887405899,294.75857115199324,10000,2500
1116,73945.917289653,74241.135422861,294.9701316229912,10000,2500
1117,73945.917389653,74241.42588589,295.2180387999979,10000,2500
1118,73945.917489653,74241.643013824,295.50841264899645,10000,2500
1119,73945.917589653,74241.915528097,295.72543035099807,10000,2500
1120,73945.917689653,74242.176268979,295.9978443529981,10000,2500
1121,73945.917789653,74242.398566805,296.25849442600156,10000,2500
1122,73945.917889653,74242.632168196,296.4806832809991,10000,2500
1123,73945.917989653,74242.968280348,296.71418422799616,10000,2500
1124,73945.918089653,74243.184542785,297.05019670299953,10000,2500
1125,73945.918189653,74243.40864957,297.26635917800013,10000,2500
1126,73945.918289653,74243.643298111,297.49036611600604,10000,2500
1127,73945.918389653,74243.862093965,297.72491632099263,10000,2500
1128,73945.918489653,74244.094840254,297.9436096549907,10000,2500
1129,73945.918589653,74244.404834669,298.17625692700676,10000,2500
1130,73945.918689653,74244.617917761,298.4861581639998,10000,2500
1131,73945.918789653,74244.879881089,298.6991341009998,10000,2500
1132,73945.91888965301,74245.124445137,298.9609970369929,10000,2500
1133,73945.918989653,74245.337970438,299.205475499999,10000,2500
1134,73945.919089653,74245.608560423,299.4188866249897,10000,2500
1135,73945.91918965301,74245.86569013,299.689376697992,10000,2500
1136,73945.919289653,74246.153902081,299.94640623399755,10000,2500
1137,73945.919389653,74246.389566343,300.2345185209997,10000,2500
1138,73945.91948965301,74246.689514887,300.4700822209852,10000,2500
1139,73945.919589653,74246.968016092,300.76993191700603,10000,2500
1140,73945.919689653,74247.210070199,301.04833963800047,10000,2500
1141,73945.91978965301,74247.440243712,301.29028616398864,10000,2500
1142,73945.919889653,74247.808437475,301.52035990600416,10000,2500
1143,73945.919989653,74248.036702567,301.8884535729885,10000,2500
1144,73945.92008965301,74248.275398723,302.11662608599,10000,2500
1145,73945.920189653,74248.588551103,302.3552149659954,10000,2500
1146,73945.920289653,74248.953040237,302.6682675209886,10000,2500
1147,73945.92038965301,74249.194399075,303.0326563319977,10000,2500
1148,73945.920489653,74249.444765816,303.2739152360009,10000,2500
1149,73945.920589653,74249.659342728,303.52418172299804,10000,2500
1150,73945.92068965301,74249.980556378,303.7386585889908,10000,2500
1151,73945.920789653,74250.258863193,304.05977944600454,10000,2500
1152,73945.920889653,74250.569823242,304.33798748599656,10000,2500
1153,73945.92098965301,74250.77624196,304.64883955598634,10000,2500
1154,73945.921089653,74251.000207609,304.85516594100045,10000,2500
1155,73945.921189653,74251.212592446,305.0790239049966,10000,2500
1156,73945.92128965301,74251.453476459,305.2913087129855,10000,2500
1157,73945.921389653,74251.699076973,305.5320928940055,10000,2500
1158,73945.921489653,74251.931743264,305.7775931950018,10000,2500
1159,73945.92158965301,74252.139596354,306.0101675199985,10000,2500
1160,73945.921689653,74252.367246815,306.21791270600806,10000,2500
1161,73945.921789653,74252.655520429,306.44546300699585,10000,2500
1162,73945.92188965301,74252.887881583,306.7336460559891,10000,2500
1163,73945.921989653,74253.101935947,306.9658976470091,10000,2500
1164,73945.922089653,74253.35064095,307.1798520839948,10000,2500
1165,73945.922189653,74253.619279065,307.4284568659932,10000,2500
1166,73945.922289653,74253.864529052,307.6969950269995,10000,2500
1167,73945.922389653,74254.152878122,307.9421451639937,10000,2500
1168,73945.922489653,74254.438359994,308.2303948609915,10000,2500
1169,73945.922589653,74254.716713857,308.51577573199756,10000,2500
1170,73945.922689653,74254.989776635,308.79402995899727,10000,2500
1171,73945.922789653,74255.315612961,309.06699291898985,10000,2500
1172,73945.922889653,74255.556410132,309.3927289190033,10000,2500
1173,73945.922989653,74255.770355568,309.63342616299633,10000,2500
1174,73945.923089653,74256.090222814,309.84727225599636,10000,2500
1175,73945.923189653,74256.327786881,310.16704830600065,10000,2500
1176,73945.923289653,74256.713591625,310.40450292300375,10000,2500
1177,73945.923389653,74256.927389589,310.79021557098895,10000,2500
1178,73945.92348965301,74257.219524629,311.0039059579867,10000,2500
1179,73945.923589653,74257.472005473,311.295940815995,10000,2500
1180,73945.923689653,74257.680034843,311.5483217909932,10000,2500
1181,73945.92378965301,74257.895410718,311.75625115298317,10000,2500
1182,73945.923889653,74258.104985742,311.97152696500416,10000,2500
1183,73945.923989653,74258.321467266,312.1810017969983,10000,2500
1184,73945.92408965301,74258.776060472,312.397383530988,10000,2500
1185,73945.924189653,74259.104184271,312.8518765040062,10000,2500
1186,73945.924289653,74259.343536216,313.17990126599034,10000,2500
1187,73945.92438965301,74259.584715694,313.4191525139904,10000,2500
1188,73945.924489653,74259.907699493,313.66023934799887,10000,2500
1189,73945.924589653,74260.211785692,313.98311552399537,10000,2500
1190,73945.92468965301,74260.438499302,314.28710247398703,10000,2500
1191,73945.924789653,74260.685826387,314.51371561300766,10000,2500
1192,73945.924889653,74261.046320346,314.7609424379916,10000,2500
1193,73945.92498965301,74261.348757064,315.121336303986,10000,2500
1194,73945.925089653,74261.685184628,315.42367328600085,10000,2500
1195,73945.925189653,74261.901717415,315.7600007759902,10000,2500
1196,73945.92528965301,74262.194786437,315.9764334799984,10000,2500
1197,73945.925389653,74262.421592682,316.2694092239981,10000,2500
1198,73945.925489653,74262.666592199,316.4961163859989,10000,2500
1199,73945.92558965301,74262.946889397,316.74100846199144,10000,2500
1200,73945.925689653,74263.181310524,317.0212161009986,10000,2500
1201,73945.925789653,74263.419394633,317.2555264449911,10000,2500
1202,73945.92588965301,74263.6689329,317.4935109569924,10000,2500
1203,73945.925989653,74263.880674424,317.7429586829967,10000,2500
1204,73945.926089653,74264.106272717,317.95459015599045,10000,2500
1205,73945.92618965301,74264.317209165,318.1800889039878,10000,2500
1206,73945.926289653,74264.606931179,318.39092560899735,10000,2500
1207,73945.926389653,74264.943120215,318.68054758399376,10000,2500
1208,73945.92648965301,74265.231545122,319.01663679498597,10000,2500
1209,73945.926589653,74265.484991034,319.30496104499616,10000,2500
1210,73945.926689653,74265.709193666,319.55830713199975,10000,2500
1211,73945.92678965301,74265.924731997,319.78241072299716,10000,2500
1212,73945.926889653,74266.161730846,319.9978484739986,10000,2500
1213,73945.926989653,74266.407540898,320.2347539559996,10000,2500
1214,73945.927089653,74266.624952709,320.4804658459907,10000,2500
1215,73945.927189653,74266.901314691,320.6977685410093,10000,2500
1216,73945.927289653,74267.188147907,320.97403090000444,10000,2500
1217,73945.927389653,74267.476874135,321.260763925995,10000,2500
1218,73945.927489653,74267.714549096,321.5493905070034,10000,2500
1219,73945.927589653,74267.936436499,321.786964977,10000,2500
1220,73945.927689653,74268.147128328,322.0087525919953,10000,2500
1221,73945.927789653,74268.357085007,322.2193491420039,10000,2500
1222,73945.927889653,74268.626976382,322.4292085210036,10000,2500
1223,73945.927989653,74268.862039416,322.69899272600014,10000,2500
1224,73945.928089653,74269.075041931,322.93396630400093,10000,2500
1225,73945.928189653,74269.286849212,323.1468651979958,10000,2500
1226,73945.928289653,74269.523620476,323.3585651799949,10000,2500
1227,73945.92838965301,74269.758141704,323.5952438839886,10000,2500
1228,73945.928489653,74269.989939952,323.8296580930037,10000,2500
1229,73945.928589653,74270.319886487,324.06135613999504,10000,2500
1230,73945.92868965301,74270.654858389,324.3912310299929,10000,2500
1231,73945.928789653,74270.880700278,324.72607483700267,10000,2500
1232,73945.928889653,74271.164976458,324.9518165539921,10000,2500
1233,73945.92898965301,74271.426082136,325.2359994419967,10000,2500
1234,73945.929089653,74271.721918454,325.4969984740019,10000,2500
1235,73945.929189653,74271.940229405,325.7927350109967,10000,2500
1236,73945.92928965301,74272.16194474,326.0109450299933,10000,2500
1237,73945.929389653,74272.382393501,326.23256912799843,10000,2500
1238,73945.929489653,74272.709547653,326.45290993899107,10000,2500
1239,73945.92958965301,74272.933013909,326.7799650539964,10000,2500
1240,73945.929689653,74273.150210336,327.0033299469942,10000,2500
1241,73945.929789653,74273.367976634,327.22042623099696,10000,2500
1242,73945.92988965301,74273.626553711,327.4380990239879,10000,2500
1243,73945.929989653,74273.906489998,327.6965698540007,10000,2500
1244,73945.930089653,74274.113005068,327.9764061409951,10000,2500
1245,73945.93018965301,74274.339403777,328.1828212679975,10000,2500
1246,73945.930289653,74274.697575951,328.40911988199514,10000,2500
1247,73945.930389653,74274.942484098,328.7671929289936,10000,2500
1248,73945.93048965301,74275.210313456,329.0120015799912,10000,2500
1249,73945.930589653,74275.440934813,329.27972935000435,10000,2500
1250,73945.930689653,74275.679332913,329.51026027799526,10000,2500
1251,73945.93078965301,74275.914975082,329.74854976599454,10000,2500
1252,73945.930889653,74276.12499176,329.9841038489976,10000,2500
1253,73945.930989653,74276.37529891,330.19400763900194,10000,2500
1254,73945.93108965301,74276.586784207,330.4442150179966,10000,2500
1255,73945.931189653,74276.818315952,330.65560834200005,10000,2500
1256,73945.931289653,74277.138098216,330.88703900600376,10000,2500
1257,73945.93138965301,74277.603994673,331.20671465799387,10000,2500
1258,73945.931489653,74277.871466944,331.6725147910038,10000,2500
1259,73945.931589653,74278.082317101,331.9398912110046,10000,2500
1260,73945.931689653,74278.296277152,332.1506330359989,10000,2500
1261,73945.931789653,74278.554466335,332.3645010080072,10000,2500
1262,73945.931889653,74278.805090724,332.6225830170006,10000,2500
1263,73945.931989653,74279.011035825,332.8731068699999,10000,2500
1264,73945.932089653,74279.253431632,333.07895157100575,10000,2500
1265,73945.932189653,74279.475854012,333.321248207998,10000,2500
1266,73945.932289653,74279.730953319,333.54356991399254,10000,2500
1267,73945.932389653,74279.961508627,333.79856925499917,10000,2500
1268,73945.932489653,74280.200275971,334.0290321920038,10000,2500
1269,73945.932589653,74280.416576545,334.26769205898745,10000,2500
1270,73945.932689653,74280.71367921,334.48389252400375,10000,2500
1271,73945.932789653,74280.938007526,334.78089543100214,10000,2500
1272,73945.932889653,74281.167999586,335.005123815994,10000,2500
1273,73945.932989653,74281.410083605,335.23502757200913,10000,2500
1274,73945.933089653,74281.651070998,335.4770005820028,10000,2500
1275,73945.933189653,74281.888785585,335.7178872929944,10000,2500
1276,73945.93328965301,74282.098247378,335.9555017179955,10000,2500
1277,73945.933389653,74282.350771259,336.16486460699525,10000,2500
1278,73945.933489653,74282.558454102,336.417287616001,10000,2500
1279,73945.93358965301,74282.778801632,336.6248726579943,10000,2500
1280,73945.933689653,74283.009358828,336.8451466510014,10000,2500
1281,73945.933789653,74283.238443689,337.0755823429936,10000,2500
1282,73945.93388965301,74283.444887918,337.30455975499353,10000,2500
1283,73945.933989653,74283.691983211,337.51090464400477,10000,2500
1284,73945.934089653,74284.178278846,337.7578995759977,10000,2500
1285,73945.93418965301,74284.444269683,338.24410165299196,10000,2500
1286,73945.934289653,74284.702610559,338.5099859290058,10000,2500
1287,73945.934389653,74284.924607195,338.768235341995,10000,2500
1288,73945.93448965301,74285.369810699,338.99013807598385,10000,2500
1289,73945.934589653,74285.616287107,339.4352353120048,10000,2500
1290,73945.934689653,74285.834474761,339.6816087769985,10000,2500
1291,73945.93478965301,74286.051677689,339.89969094499247,10000,2500
1292,73945.934889653,74286.262813406,340.11680096499913,10000,2500
1293,73945.934989653,74286.488308416,340.32782950899855,10000,2500
1294,73945.93508965301,74286.754069482,340.55322487899684,10000,2500
1295,73945.935189653,74287.243635566,340.8188925989962,10000,2500
1296,73945.935289653,74287.520320199,341.3083516579936,10000,2500
1297,73945.93538965301,74287.776732915,341.5849368299969,10000,2500
1298,73945.935489653,74287.990825736,341.8412556359981,10000,2500
1299,73945.935589653,74288.201488647,342.05524156198953,10000,2500
1300,73945.93568965301,74288.43851057,342.26583816499624,10000,2500
1301,73945.935789653,74288.666748996,342.5027269520069,10000,2500
1302,73945.935889653,74288.910260106,342.7308703419985,10000,2500
1303,73945.93598965301,74289.121982267,342.97428294699057,10000,2500
1304,73945.936089653,74289.401261566,343.185898376003,10000,2500
1305,73945.936189653,74289.65263094,343.46508498699404,10000,2500
1306,73945.93628965301,74290.185601346,343.7163550579862,10000,2500
1307,73945.936389653,74290.430746533,344.24922694900306,10000,2500
1308,73945.936489653,74290.648470131,344.4942673960031,10000,2500
1309,73945.936589653,74291.031099163,344.7118940329965,10000,2500
1310,73945.936689653,74291.248804704,345.0944153849996,10000,2500
1311,73945.936789653,74291.537069699,345.31202055299946,10000,2500
1312,73945.936889653,74291.821590752,345.60018558599404,10000,2500
1313,73945.936989653,74292.057824232,345.8846071940061,10000,2500
1314,73945.937089653,74292.288769316,346.1207401540014,10000,2500
1315,73945.937189653,74292.554465127,346.3515852349956,10000,2500
1316,73945.937289653,74292.921872685,346.6171889840043,10000,2500
1317,73945.937389653,74293.146651997,346.98448844699305,10000,2500
1318,73945.937489653,74293.359544943,347.2091683479957,10000,2500
1319,73945.937589653,74293.679802075,347.4219677910005,10000,2500
1320,73945.937689653,74293.933394273,347.7421188599983,10000,2500
1321,73945.937789653,74294.179414738,347.9956104390003,10000,2500
1322,73945.937889653,74294.393020169,348.24153214400576,10000,2500
1323,73945.937989653,74294.638630381,348.4550361580041,10000,2500
1324,73945.938089653,74294.997646985,348.70054664398776,10000,2500
1325,73945.93818965301,74295.23066204,349.0594634589943,10000,2500
1326,73945.938289653,74295.645787399,349.29237945200293,10000,2500
1327,73945.938389653,74295.860382738,349.7074123899947,10000,2500
1328,73945.93848965301,74296.153007014,349.92189923998376,10000,2500
1329,73945.938589653,74296.363719674,350.2144306459959,10000,2500
1330,73945.938689653,74296.578274372,350.42503655099426,10000,2500
1331,73945.93878965301,74296.790278063,350.63949838899134,10000,2500
1332,73945.938889653,74297.010235053,350.85140163300093,10000,2500
1333,73945.938989653,74297.223672353,351.07125184999313,10000,2500
1334,73945.93908965301,74297.454179453,351.2845965579909,10000,2500
1335,73945.939189653,74297.751369169,351.515000444997,10000,2500
1336,73945.939289653,74298.035168171,351.81208507699193,10000,2500
1337,73945.93938965301,74298.305311375,352.0957844059885,10000,2500
1338,73945.939489653,74298.515524113,352.36583560099825,10000,2500
1339,73945.939589653,74298.791868982,352.5759402879921,10000,2500
1340,73945.93968965301,74299.033753213,352.85219486098504,10000,2500
1341,73945.939789653,74299.330274554,353.09396921300504,10000,2500
1342,73945.939889653,74299.554292616,353.3903906179912,10000,2500
1343,73945.93998965301,74299.818216603,353.6143090049882,10000,2500
1344,73945.940089653,74300.08706498,353.87813254199864,10000,2500
1345,73945.940189653,74300.300526123,354.1468878349988,10000,2500
1346,73945.94028965301,74300.546762052,354.36024246999295,10000,2500
1347,73945.940389653,74300.777672114,354.60637815600785,10000,2500
1348,73945.940489653,74301.175230013,354.8371886389941,10000,2500
1349,73945.94058965301,74301.388210663,355.23465210899303,10000,2500
1350,73945.940689653,74301.673098749,355.44753439500346,10000,2500
1351,73945.940789653,74301.923462304,355.7323254829971,10000,2500
1352,73945.94088965301,74302.15119328,355.9825782689877,10000,2500
1353,73945.940989653,74302.423921137,356.21020987900556,10000,2500
1354,73945.941089653,74302.731704722,356.4828373240016,10000,2500
1355,73945.94118965301,74303.03808097,356.79052814999886,10000,2500
1356,73945.941289653,74303.287095511,357.0968051870004,10000,2500
1357,73945.941389653,74303.584574946,357.34571141599736,10000,2500
1358,73945.941489653,74303.813757498,357.64309073799814,10000,2500
1359,73945.941589653,74304.057410333,357.8721735739964,10000,2500
1360,73945.941689653,74304.319520261,358.11572740199335,10000,2500
1361,73945.941789653,74304.583234975,358.37773629798903,10000,2500
1362,73945.941889653,74304.88820004,358.64135717900353,10000,2500
1363,73945.941989653,74305.143560078,358.94621642799757,10000,2500
1364,73945.942089653,74305.377576939,359.2014764429914,10000,2500
1365,73945.942189653,74305.597555697,359.435392778003,10000,2500
1366,73945.942289653,74305.803404397,359.65527186199324,10000,2500
1367,73945.942389653,74306.016684844,359.86102051098715,10000,2500
1368,73945.942489653,74306.236614124,360.0742019150057,10000,2500
1369,73945.942589653,74306.592936335,360.29403802800516,10000,2500
1370,73945.942689653,74306.828900993,360.6502615849895,10000,2500
1371,73945.94278965301,74307.043698906,360.8861175419879,10000,2500
1372,73945.942889653,74307.42990504,361.10081520100357,10000,2500
1373,73945.942989653,74307.889470903,361.48692150900024,10000,2500
1374,73945.94308965301,74308.163747795,361.94638747499266,10000,2500
1375,73945.943189653,74308.404071911,362.2205732739967,10000,2500
1376,73945.943289653,74308.677627651,362.4607953609957,10000,2500
1377,73945.94338965301,74308.944718699,362.73424384498503,10000,2500
1378,73945.943489653,74309.359061701,363.00124278099975,10000,2500
1379,73945.943589653,74309.567473795,363.4154884239979,10000,2500
1380,73945.94368965301,74309.9248364,363.62378987799457,10000,2500
1381,73945.943789653,74310.135256502,363.9810663990065,10000,2500
1382,73945.943889653,74310.356104459,364.1913824559888,10000,2500
1383,73945.94398965301,74310.592040783,364.4121311309864,10000,2500
1384,73945.944089653,74310.849621467,364.64796763600316,10000,2500
1385,73945.944189653,74311.056094658,364.90543759899447,10000,2500
1386,73945.94428965301,74311.270371162,365.11181129199394,10000,2500
1387,73945.944389653,74311.674394536,365.3259963120072,10000,2500
1388,73945.944489653,74311.944082651,365.7299109519954,10000,2500
1389,73945.94458965301,74312.154319021,365.99950119899586,10000,2500
1390,73945.944689653,74312.359619055,366.2096419580048,10000,2500
1391,73945.944789653,74312.619638629,366.4148421189893,10000,2500
1392,73945.94488965301,74312.844008179,366.6747576249909,10000,2500
1393,73945.944989653,74313.076180228,366.8990310990048,10000,2500
1394,73945.945089653,74313.303401939,367.1311010799982,10000,2500
1395,73945.94518965301,74313.789748691,367.3582248039893,10000,2500
1396,73945.945289653,74314.089088454,367.84446477200254,10000,2500
1397,73945.945389653,74314.302863991,368.1437046200008,10000,2500
1398,73945.94548965301,74314.545067212,368.3573800069862,10000,2500
1399,73945.945589653,74314.76583506,368.5994834090088,10000,2500
1400,73945.945689653,74315.107321574,368.82018791500013,10000,2500
1401,73945.94578965301,74315.504337261,369.161545800991,10000,2500
1402,73945.945889653,74315.718071359,369.55845357199723,10000,2500
1403,73945.945989653,74315.930195443,369.7720880519919,10000,2500
1404,73945.946089653,74316.159569566,369.9841119539924,10000,2500
1405,73945.946189653,74316.371628941,370.2133876650041,10000,2500
1406,73945.946289653,74316.597411689,370.4253449050011,10000,2500
1407,73945.946389653,74316.86332353,370.651027726999,10000,2500
1408,73945.946489653,74317.301530745,370.9168397470057,10000,2500
1409,73945.946589653,74317.750070949,371.354946758991,10000,2500
1410,73945.946689653,74318.025350031,371.8033868979983,10000,2500
1411,73945.946789653,74318.246310441,372.07856642499974,10000,2500
1412,73945.946889653,74318.633599341,372.2994340650039,10000,2500
1413,73945.946989653,74318.864593449,372.6866155319876,10000,2500
1414,73945.947089653,74319.074270551,372.9175166400091,10000,2500
1415,73945.947189653,74319.297934689,373.1270865169936,10000,2500
1416,73945.947289653,74319.550809948,373.3506570019963,10000,2500
1417,73945.947389653,74319.786667802,373.6034260669985,10000,2500
1418,73945.947489653,74320.116528396,373.8391840639961,10000,2500
1419,73945.947589653,74320.322381156,374.16894453798886,10000,2500
1420,73945.94768965301,74320.554993377,374.37469699498615,10000,2500
1421,73945.947789653,74320.775577195,374.60720929899253,10000,2500
1422,73945.947889653,74321.094765118,374.8276952849992,10000,2500
1423,73945.94798965301,74321.341108609,375.1467811749899,10000,2500
1424,73945.948089653,74321.767053064,375.393035407993,10000,2500
1425,73945.948189653,74321.975992639,375.8188692249969,10000,2500
1426,73945.94828965301,74322.216498405,376.0277280339942,10000,2500
1427,73945.948389653,74322.465721655,376.2681147590047,10000,2500
1428,73945.948489653,74322.676447386,376.51723841599596,10000,2500
1429,73945.94858965301,74323.0085915,376.72786951699527,10000,2500
1430,73945.948689653,74323.346569773,377.0599077009974,10000,2500
1431,73945.948789653,74323.564639452,377.39778699899034,10000,2500
1432,73945.94888965301,74323.821801308,377.6157555109967,10000,2500
1433,73945.948989653,74324.068660255,377.8728242920042,10000,2500
1434,73945.949089653,74324.379837814,378.11958400000003,10000,2500
1435,73945.94918965301,74324.626319899,378.43066169999656,10000,2500
1436,73945.949289653,74324.868887317,378.6770362810057,10000,2500
1437,73945.949389653,74325.077988782,378.9195107819978,10000,2500
1438,73945.94948965301,74325.323056524,379.1285048899881,10000,2500
1439,73945.949589653,74325.694539913,379.37347335800587,10000,2500
1440,73945.949689653,74325.966530663,379.74485615199956,10000,2500
1441,73945.94978965301,74326.187699052,380.0167495099886,10000,2500
1442,73945.949889653,74326.442573078,380.2378151949961,10000,2500
1443,73945.949989653,74326.809233006,380.4925900819944,10000,2500
1444,73945.95008965301,74327.033320177,380.8591563079972,10000,2500
1445,73945.950189653,74327.24340288,381.08313672100485,10000,2500
1446,73945.950289653,74327.456993766,381.2931190189993,10000,2500
1447,73945.95038965301,74327.672311676,381.50662430998636,10000,2500
1448,73945.950489653,74328.101024594,381.7218278020009,10000,2500
1449,73945.950589653,74328.308503864,382.15044097899226,10000,2500
1450,73945.95068965301,74328.543873641,382.3578199649928,10000,2500
1451,73945.950789653,74328.784025512,382.5930959630059,10000,2500
1452,73945.950889653,74329.008174258,382.83314858000085,10000,2500
1453,73945.950989653,74329.327525868,383.0571906319965,10000,2500
1454,73945.951089653,74329.537560406,383.37644924700726,10000,2500
1455,73945.951189653,74329.828080904,383.5863848089939,10000,2500
1456,73945.951289653,74330.039671267,383.87680441299744,10000,2500
1457,73945.951389653,74330.266629766,384.0882945339981,10000,2500
1458,73945.951489653,74330.483334952,384.31514600299124,10000,2500
1459,73945.951589653,74330.720567716,384.5317521399993,10000,2500
1460,73945.951689653,74331.197113796,384.76888385400525,10000,2500
1461,73945.951789653,74331.588443019,385.24532985199767,10000,2500
1462,73945.951889653,74331.812030321,385.63656664999144,10000,2500
1463,73945.951989653,74332.041758783,385.86004642699845,10000,2500
1464,73945.952089653,74332.307109032,386.0896751330001,10000,2500
1465,73945.952189653,74332.536774543,386.3549255669932,10000,2500
1466,73945.952289653,74332.933943158,386.5844974520005,10000,2500
1467,73945.952389653,74333.144343533,386.98156606599514,10000,2500
1468,73945.952489653,74333.360716734,387.19185982899216,10000,2500
1469,73945.95258965301,74333.597621129,387.40814124199096,10000,2500
1470,73945.952689653,74334.000551876,387.64493752099224,10000,2500
1471,73945.952789653,74334.22448527,388.0477745709941,10000,2500
1472,73945.95288965301,74334.46921535,388.2716012819874,10000,2500
1473,73945.952989653,74334.715894383,388.51624247900327,10000,2500
1474,73945.953089653,74334.929634491,388.76281945599476,10000,2500
1475,73945.95318965301,74335.149089501,388.9764508239896,10000,2500
1476,73945.953289653,74335.39373779,389.19580570299877,10000,2500
1477,73945.953389653,74335.803525049,389.44036276898987,10000,2500
1478,73945.95348965301,74336.069109697,389.8500490049919,10000,2500
1479,73945.953589653,74336.28301974,390.115533728007,10000,2500
1480,73945.953689653,74336.514802018,390.32933547499124,10000,2500
1481,73945.95378965301,74336.828023299,390.56101883598603,10000,2500
1482,73945.953889653,74337.072416142,390.87413943800493,10000,2500
1483,73945.953989653,74337.449716286,391.118432156989,10000,2500
1484,73945.95408965301,74337.707184763,391.4956322309881,10000,2500
1485,73945.954189653,74338.093482904,391.7530008510075,10000,2500
1486,73945.954289653,74338.364676646,392.13919907298987,10000,2500
1487,73945.95438965301,74338.647424543,392.41029288599384,10000,2500
1488,73945.954489653,74338.872119775,392.69294051600446,10000,2500
1489,73945.954589653,74339.161430798,392.9175381499954,10000,2500
1490,73945.95468965301,74339.489993699,393.2067468599853,10000,2500
1491,73945.954789653,74339.697219435,393.53522022999823,10000,2500
1492,73945.954889653,74339.932855653,393.742335723,10000,2500
1493,73945.95498965301,74340.215851779,393.97788240699447,10000,2500
1494,73945.955089653,74340.464921298,394.2607754500059,10000,2500
1495,73945.955189653,74340.673903929,394.50973982099094,10000,2500
1496,73945.95528965301,74340.982083073,394.7186200619908,10000,2500
1497,73945.955389653,74341.267361166,395.02669899500324,10000,2500
1498,73945.955489653,74341.488742675,395.31187746999785,10000,2500
1499,73945.95558965301,74341.723188632,395.5331662539975,10000,2500
1500,73945.955689653,74341.947605883,395.7675169430004,10000,2500
1501,73945.955789653,74342.22110316,395.99182192300214,10000,2500
1502,73945.955889653,74342.442258129,396.26522711399593,10000,2500
1503,73945.955989653,74342.662659181,396.48627430300985,10000,2500
1504,73945.956089653,74342.910770118,396.7065751570044,10000,2500
1505,73945.956189653,74343.16805034,396.9545931709872,10000,2500
1506,73945.956289653,74343.393075227,397.2117671510059,10000,2500
1507,73945.956389653,74343.603459088,397.4366914860002,10000,2500
1508,73945.956489653,74343.844034941,397.6469759899919,10000,2500
1509,73945.956589653,74344.068171889,397.88745095000195,10000,2500
1510,73945.956689653,74344.281671474,398.11148851999315,10000,2500
1511,73945.956789653,74344.640252292,398.3248949379922,10000,2500
1512,73945.956889653,74344.860881679,398.683368359998,10000,2500
1513,73945.956989653,74345.077663841,398.90389755800425,10000,2500
1514,73945.957089653,74345.354791461,399.1205802829936,10000,2500
1515,73945.95718965301,74345.603470856,399.39760759999626,10000,2500
1516,73945.957289653,74345.850032498,399.6461923280003,10000,2500
1517,73945.957389653,74346.19423826,399.8926485999982,10000,2500
1518,73945.95748965301,74346.422370562,400.23675437798374,10000,2500
1519,73945.957589653,74346.665761671,400.46478663499875,10000,2500
1520,73945.957689653,74346.973883041,400.7080778620002,10000,2500
1521,73945.95778965301,74347.190938065,401.0161112679925,10000,2500
1522,73945.957889653,74347.419281314,401.2330546989979,10000,2500
1523,73945.957989653,74347.623534462,401.4612975839991,10000,2500
1524,73945.95808965301,74347.892627895,401.665451776993,10000,2500
1525,73945.958189653,74348.150084226,401.9344499449944,10000,2500
1526,73945.958289653,74348.441817214,402.1918006630003,10000,2500
1527,73945.95838965301,74348.670801963,402.4834409009927,10000,2500
1528,73945.958489653,74348.906202644,402.71231797800283,10000,2500
1529,73945.958589653,74349.167943778,402.94761907799693,10000,2500
1530,73945.95868965301,74349.429295376,403.2092601389886,10000,2500
1531,73945.958789653,74349.696596259,403.4705199510063,10000,2500
1532,73945.958889653,74349.946084806,403.73771966199274,10000,2500
1533,73945.95898965301,74350.18482957,403.987108959991,10000,2500
1534,73945.959089653,74350.480098206,404.225754811996,10000,2500
1535,73945.959189653,74350.698448237,404.5209144209948,10000,2500
1536,73945.95928965301,74350.973875414,404.73916463699425,10000,2500
1537,73945.959389653,74351.389807681,405.0144972459966,10000,2500
1538,73945.959489653,74351.658280633,405.4303267689975,10000,2500
1539,73945.95958965301,74351.904876912,405.6987025839917,10000,2500
1540,73945.959689653,74352.119818255,405.9451930040086,10000,2500
1541,73945.959789653,74352.401239639,406.1600346109917,10000,2500
1542,73945.95988965301,74352.699104463,406.44135602598544,10000,2500
1543,73945.959989653,74352.91653406,406.7391281960008,10000,2500
1544,73945.960089653,74353.13111521,406.9564500819979,10000,2500
1545,73945.96018965301,74353.388527782,407.1709310719889,10000,2500
1546,73945.960289653,74353.597843601,407.42825008199725,10000,2500
1547,73945.960389653,74353.837285142,407.63745955099876,10000,2500
1548,73945.960489653,74354.34621799,407.8768082769966,10000,2500
1549,73945.960589653,74354.58720265,408.38563427900954,10000,2500
1550,73945.960689653,74354.850114052,408.626519893005,10000,2500
1551,73945.960789653,74355.099598597,408.8893303909863,10000,2500
1552,73945.960889653,74355.384342954,409.1387144760083,10000,2500
1553,73945.960989653,74355.616356438,409.4233591939992,10000,2500
1554,73945.961089653,74355.823127277,409.65527227599523,10000,2500
1555,73945.961189653,74356.05871923,409.86195265100105,10000,2500
1556,73945.961289653,74356.308637049,410.09744332599803,10000,2500
1557,73945.961389653,74356.528561131,410.3472535089968,10000,2500
1558,73945.961489653,74356.827152891,410.567084454,10000,2500
1559,73945.961589653,74357.080838996,410.865589508001,10000,2500
1560,73945.961689653,74357.320923839,411.11915756099916,10000,2500
1561,73945.961789653,74357.680689197,411.35914287000196,10000,2500
1562,73945.961889653,74357.906821545,411.7188087079994,10000,2500
1563,73945.961989653,74358.177727256,411.94484030798776,10000,2500
1564,73945.96208965301,74358.516464452,412.2156458939862,10000,2500
1565,73945.962189653,74358.809466713,412.55428285099333,10000,2500
1566,73945.962289653,74359.074164461,412.84718543499184,10000,2500
1567,73945.96238965301,74359.339905804,413.11178351899434,10000,2500
1568,73945.962489653,74359.568491228,413.37742551299743,10000,2500
1569,73945.962589653,74359.810009622,413.6059108579939,10000,2500
1570,73945.96268965301,74360.077436476,413.84733288298594,10000,2500
1571,73945.962789653,74360.321476922,414.11465835699346,10000,2500
1572,73945.962889653,74360.576098292,414.3585933930008,10000,2500
1573,73945.96298965301,74360.789931051,414.61311604199,10000,2500
1574,73945.963089653,74361.098568131,414.82684709399473,10000,2500
1575,73945.963189653,74361.380651211,415.1353911519982,10000,2500
1576,73945.96328965301,74361.602643566,415.4173678229854,10000,2500
1577,73945.963389653,74361.858800591,415.6392595250072,10000,2500
1578,73945.963489653,74362.081791826,415.89532392899855,10000,2500
1579,73945.96358965301,74362.303652867,416.1182139549928,10000,2500
1580,73945.963689653,74362.584565228,416.3399741280009,10000,2500
1581,73945.963789653,74362.792966917,416.62078138499055,10000,2500
1582,73945.96388965301,74363.005046058,416.8290828629979,10000,2500
1583,73945.963989653,74363.213515618,417.04106363600295,10000,2500
1584,73945.964089653,74363.436539724,417.24943251100194,10000,2500
1585,73945.96418965301,74363.66255806,417.4723623399914,10000,2500
1586,73945.964289653,74363.959392856,417.69828277999477,10000,2500
1587,73945.964389653,74364.358106167,417.9950194330013,10000,2500
1588,73945.96448965301,74364.720676281,418.3936311909929,10000,2500
1589,73945.964589653,74365.040880116,418.75609239999903,10000,2500
1590,73945.964689653,74365.273062702,419.0761992869957,10000,2500
1591,73945.96478965301,74365.503043643,419.3082786879968,10000,2500
1592,73945.964889653,74365.854447586,419.5381599399989,10000,2500
1593,73945.964989653,74366.14797557,419.88946372800274,10000,2500
1594,73945.96508965301,74366.385173324,420.182903228997,10000,2500
1595,73945.965189653,74366.768465409,420.42000006500166,10000,2500
1596,73945.965289653,74367.006217628,420.8031815400027,10000,2500
1597,73945.965389653,74367.259712508,421.0408342409937,10000,2500
1598,73945.965489653,74367.476345881,421.2942362169997,10000,2500
1599,73945.965589653,74367.692979187,421.51076172699686,10000,2500
1600,73945.965689653,74367.905908991,421.7273071699892,10000,2500
1601,73945.965789653,74368.201129737,421.9401252200041,10000,2500
1602,73945.965889653,74368.493302922,422.2352457550005,10000,2500
1603,73945.965989653,74368.855645714,422.52732583199395,10000,2500
1604,73945.966089653,74369.12220077,422.8895656050008,10000,2500
1605,73945.966189653,74369.335162868,423.15601668599993,10000,2500
1606,73945.966289653,74369.628925063,423.36887905899493,10000,2500
1607,73945.966389653,74369.93055862,423.6625486980047,10000,2500
1608,73945.966489653,74370.184771804,423.9640748880047,10000,2500
1609,73945.966589653,74370.393219787,424.2181876449904,10000,2500
1610,73945.966689653,74370.702414981,424.4265372540103,10000,2500
1611,73945.966789653,74370.969788667,424.7356315149955,10000,2500
1612,73945.966889653,74371.186858278,425.00291420999565,10000,2500
1613,73945.96698965301,74371.394869253,425.2198741629836,10000,2500
1614,73945.967089653,74371.619819645,425.42778575200646,10000,2500
1615,73945.967189653,74371.947240149,425.6526363019948,10000,2500
1616,73945.96728965301,74372.181486311,425.9799561659893,10000,2500
1617,73945.967389653,74372.404498555,426.2141023909935,10000,2500
1618,73945.967489653,74372.831554288,426.43701482399774,10000,2500
1619,73945.96758965301,74373.315006421,426.86397082298936,10000,2500
1620,73945.967689653,74373.539307324,427.34732317199814,10000,2500
1621,73945.967789653,74373.921923467,427.57153085900063,10000,2500
1622,73945.96788965301,74374.164906015,427.9540394679934,10000,2500
1623,73945.967989653,74374.424891397,428.19693135899433,10000,2500
1624,73945.968089653,74374.711104842,428.45680776800145,10000,2500
1625,73945.96818965301,74374.969726674,428.7429210489936,10000,2500
1626,73945.968289653,74375.255394532,429.0014430159936,10000,2500
1627,73945.968389653,74375.463463752,429.2870184509957,10000,2500
1628,73945.96848965301,74375.755684436,429.49498004799534,10000,2500
1629,73945.968589653,74376.038305294,429.78710083100304,10000,2500
1630,73945.968689653,74376.272461682,430.06962867599213,10000,2500
1631,73945.96878965301,74376.611029535,430.30368477899174,10000,2500
1632,73945.968889653,74376.844171006,430.6421456740063,10000,2500
1633,73945.968989653,74377.143768448,430.8751953309984,10000,2500
1634,73945.96908965301,74377.375220592,431.1746924369945,10000,2500
1635,73945.969189653,74377.725420301,431.4060446520016,10000,2500
1636,73945.969289653,74378.198550367,431.7561370869953,10000,2500
1637,73945.96938965301,74378.509871219,432.22917087198584,10000,2500
1638,73945.969489653,74378.750636827,432.5403979200055,10000,2500
1639,73945.969589653,74378.979788972,432.78105284099,10000,2500
1640,73945.96968965301,74379.284205506,433.01011201299843,10000,2500
1641,73945.969789653,74379.510673591,433.3144218380039,10000,2500
1642,73945.969889653,74379.789822845,433.5407898580015,10000,2500
1643,73945.96998965301,74380.057030891,433.8198389249883,10000,2500
1644,73945.970089653,74380.36720207,434.08694694400765,10000,2500
1645,73945.970189653,74380.592243273,434.3970181890036,10000,2500
1646,73945.970289653,74380.900145506,434.6219600439945,10000,2500
1647,73945.970389653,74381.129370161,434.9297689859959,10000,2500
1648,73945.970489653,74381.348287468,435.1588960819936,10000,2500
1649,73945.970589653,74381.599513586,435.3777035739913,10000,2500
1650,73945.970689653,74381.818982296,435.6288299910084,10000,2500
1651,73945.970789653,74382.12830278,435.8481989050051,10000,2500
1652,73945.970889653,74382.362995158,436.15741909798817,10000,2500
1653,73945.970989653,74382.695326093,436.3920137810055,10000,2500
1654,73945.971089653,74382.913653628,436.7242420429975,10000,2500
1655,73945.971189653,74383.306710162,436.94246970899985,10000,2500
1656,73945.971289653,74383.518293419,437.3354348349967,10000,2500
1657,73945.971389653,74383.803838308,437.5469096759916,10000,2500
1658,73945.971489653,74384.038256749,437.8323548490007,10000,2500
1659,73945.97158965301,74384.262683586,438.0666811749834,10000,2500
1660,73945.971689653,74384.571046301,438.2910068019992,10000,2500
1661,73945.971789653,74384.775421294,438.5992624729988,10000,2500
1662,73945.97188965301,74385.242929192,438.80353715099045,10000,2500
1663,73945.971989653,74385.539284827,439.27095307499985,10000,2500
1664,73945.972089653,74385.876418613,439.56720113399206,10000,2500
1665,73945.97218965301,74386.09345151,439.9042347809882,10000,2500
1666,73945.972289653,74386.368358359,440.12116768000124,10000,2500
1667,73945.972389653,74386.597585268,440.3959816659917,10000,2500
1668,73945.97248965301,74386.95261279,440.62510925698734,10000,2500
1669,73945.972589653,74387.183328538,440.9800291809952,10000,2500
1670,73945.972689653,74387.435050178,441.21065201998863,10000,2500
1671,73945.97278965301,74387.67704023,441.46227417499176,10000,2500
1672,73945.972889653,74387.891533732,441.70415685400076,10000,2500
1673,73945.972989653,74388.153034773,441.91855690399825,10000,2500
1674,73945.97308965301,74388.364463094,442.1799514739978,10000,2500
1675,73945.973189653,74388.604921471,442.3912795409997,10000,2500
1676,73945.973289653,74388.8641366,442.63164831099857,10000,2500
1677,73945.97338965301,74389.080274601,442.89075264499115,10000,2500
1678,73945.973489653,74389.311595691,443.1067908240075,10000,2500
1679,73945.973589653,74389.518916182,443.33801844700065,10000,2500
1680,73945.97368965301,74389.773420957,443.5452394249878,10000,2500
1681,73945.973789653,74390.071919598,443.7996437730035,10000,2500
1682,73945.973889653,74390.291378129,444.0980470319919,10000,2500
1683,73945.97398965301,74390.542981795,444.3173949219927,10000,2500
1684,73945.974089653,74390.861233327,444.56889839800715,10000,2500
1685,73945.974189653,74391.200754605,444.88704944700294,10000,2500
1686,73945.97428965301,74391.480170681,445.22647082099866,10000,2500
1687,73945.974389653,74391.701717047,445.50578684899665,10000,2500
1688,73945.974489653,74391.921201331,445.72723395499634,10000,2500
1689,73945.97458965301,74392.156969893,445.94662534499366,10000,2500
1690,73945.974689653,74392.518406265,446.1822948409972,10000,2500
1691,73945.974789653,74392.80573016,446.54363043099875,10000,2500
1692,73945.974889653,74393.058190099,446.8308467709867,10000,2500
1693,73945.974989653,74393.342473895,447.08321283900295,10000,2500
1694,73945.975089653,74393.551707654,447.36739003700495,10000,2500
1695,73945.975189653,74393.769403683,447.5765241229965,10000,2500
1696,73945.975289653,74394.08266602,447.7941199850029,10000,2500
1697,73945.975389653,74394.331366895,448.10728799599747,10000,2500
1698,73945.975489653,74394.536231281,448.355889886996,10000,2500
1699,73945.975589653,74394.773094076,448.5606473430089,10000,2500
1700,73945.975689653,74395.006530091,448.79743664299895,10000,2500
1701,73945.975789653,74395.286478491,449.030746163,10000,2500
1702,73945.975889653,74395.607802428,449.31059433899645,10000,2500
1703,73945.975989653,74395.906447397,449.6318186389981,10000,2500
1704,73945.976089653,74396.155203382,449.9303635489923,10000,2500
1705,73945.976189653,74396.40658661,450.1790195360081,10000,2500
1706,73945.976289653,74396.666918806,450.43030483399343,10000,2500
1707,73945.976389653,74397.028319327,450.690535154994,10000,2500
1708,73945.97648965301,74397.242375791,451.05183579599543,10000,2500
1709,73945.976589653,74397.476055649,451.2657916970056,10000,2500
1710,73945.976689653,74397.831296405,451.49937161999696,10000,2500
1711,73945.97678965301,74398.059681124,451.8545124119846,10000,2500
1712,73945.976889653,74398.352989471,452.08279789700464,10000,2500
1713,73945.976989653,74398.700424365,452.376016588998,10000,2500
1714,73945.97708965301,74399.020203232,452.7233406329906,10000,2500
1715,73945.977189653,74399.314321901,453.043026415995,10000,2500
1716,73945.977289653,74399.598633232,453.3370377079991,10000,2500
1717,73945.97738965301,74399.812312568,453.6212610789953,10000,2500
1718,73945.977489653,74400.040969966,453.8348287109984,10000,2500
1719,73945.977589653,74400.262874162,454.0633867029974,10000,2500
1720,73945.97768965301,74400.521965437,454.28520036699774,10000,2500
1721,73945.977789653,74400.759134719,454.5441837420076,10000,2500
1722,73945.977889653,74400.979357879,454.78125265699055,10000,2500
1723,73945.97798965301,74401.240562992,455.001374554995,10000,2500
1724,73945.978089653,74401.448515747,455.262479669007,10000,2500
1725,73945.978189653,74401.769319911,455.47033156799444,10000,2500
1726,73945.97828965301,74402.005536049,455.7910435979866,10000,2500
1727,73945.978389653,74402.220862394,456.0271529599995,10000,2500
1728,73945.978489653,74402.477844515,456.2423784040002,10000,2500
1729,73945.97858965301,74402.687076449,456.49926083598984,10000,2500
1730,73945.978689653,74402.925815403,456.70839284300746,10000,2500
1731,73945.978789653,74403.166459155,456.9470315419894,10000,2500
1732,73945.97888965301,74403.398215218,457.18757514999015,10000,2500
1733,73945.978989653,74403.64273287,457.41923106600007,10000,2500
1734,73945.979089653,74403.882822336,457.6636490739911,10000,2500
1735,73945.97918965301,74404.197797283,457.9036384409992,10000,2500
1736,73945.979289653,74404.483058914,458.21851331100333,10000,2500
1737,73945.979389653,74404.802674971,458.50367519700376,10000,2500
1738,73945.97948965301,74405.029525808,458.8231914959906,10000,2500
1739,73945.979589653,74405.379199683,459.0499491439987,10000,2500
1740,73945.979689653,74405.604451164,459.3995158189937,10000,2500
1741,73945.979789653,74405.866925843,459.6246671969857,10000,2500
1742,73945.979889653,74406.103528976,459.8870423030021,10000,2500
1743,73945.979989653,74406.314692042,460.1235450919921,10000,2500
1744,73945.980089653,74406.538938792,460.3346147699922,10000,2500
1745,73945.980189653,74406.94680985,460.55876255199837,10000,2500
1746,73945.980289653,74407.169488465,460.9665259089961,10000,2500
1747,73945.980389653,74407.37797218,461.18910442899505,10000,2500
1748,73945.980489653,74407.636467221,461.39748817301006,10000,2500
1749,73945.980589653,74407.917043723,461.6558897969953,10000,2500
1750,73945.980689653,74408.121175869,461.93635997398815,10000,2500
1751,73945.980789653,74408.348030829,462.14039195299847,10000,2500
1752,73945.980889653,74408.559106001,462.3671471540001,10000,2500
1753,73945.980989653,74409.081354654,462.5781222299993,10000,2500
1754,73945.981089653,74409.304862737,463.10027777199866,10000,2500
1755,73945.981189653,74409.560543868,463.3236791189993,10000,2500
1756,73945.981289653,74409.797398963,463.57926022898755,10000,2500
1757,73945.98138965301,74410.067241115,463.81602956098504,10000,2500
1758,73945.981489653,74410.32126123,464.0857701229979,10000,2500
1759,73945.981589653,74410.540593584,464.3396891149896,10000,2500
1760,73945.98168965301,74410.913516836,464.5589199329843,10000,2500
1761,73945.981789653,74411.152757422,464.93173303600634,10000,2500
1762,73945.981889653,74411.445339522,465.1708738409943,10000,2500
1763,73945.98198965301,74411.67548379,465.46336403899477,10000,2500
1764,73945.982089653,74412.078757141,465.6934076710022,10000,2500
1765,73945.982189653,74412.299036218,466.09657554399746,10000,2500
1766,73945.98228965301,74412.509177195,466.31675997898856,10000,2500
1767,73945.982389653,74412.784958606,466.5267931629933,10000,2500
1768,73945.982489653,74413.163893257,466.80248179099,10000,2500
1769,73945.98258965301,74413.522176642,467.18132303298626,10000,2500
1770,73945.982689653,74413.778032821,467.5394931250048,10000,2500
1771,73945.982789653,74414.181099319,467.7952577370015,10000,2500
1772,73945.98288965301,74414.504928838,468.1982160459884,10000,2500
1773,73945.982989653,74414.711745085,468.52194543699443,10000,2500
1774,73945.983089653,74414.969435462,468.7286719249969,10000,2500
1775,73945.98318965301,74415.188021307,468.9862602889916,10000,2500
1776,73945.983289653,74415.423348684,469.2047375090042,10000,2500
1777,73945.983389653,74415.667665666,469.43997241099714,10000,2500
1778,73945.98348965301,74415.890452922,469.6841820989939,10000,2500
1779,73945.983589653,74416.188140018,469.9068757430068,10000,2500
1780,73945.983689653,74416.462985683,470.20446555200033,10000,2500
1781,73945.98378965301,74416.753676936,470.4792050019896,10000,2500
1782,73945.983889653,74417.022833391,470.76980135199847,10000,2500
1783,73945.983989653,74417.387796713,471.03884942999866,10000,2500
1784,73945.98408965301,74417.668346238,471.4037202349864,10000,2500
1785,73945.984189653,74417.968088399,471.68417107699497,10000,2500
1786,73945.984289653,74418.206084609,471.98381782999786,10000,2500
1787,73945.98438965301,74418.417797729,472.22170719299174,10000,2500
1788,73945.984489653,74418.684535592,472.4333136060013,10000,2500
1789,73945.984589653,74418.914232178,472.69995235199167,10000,2500
1790,73945.984689653,74419.140063494,472.92954895299044,10000,2500
1791,73945.984789653,74419.403078215,473.1552795530006,10000,2500
1792,73945.984889653,74419.611377492,473.4182021269953,10000,2500
1793,73945.984989653,74419.829824848,473.62639353099803,10000,2500
1794,73945.985089653,74420.151153963,473.8447414760012,10000,2500
1795,73945.985189653,74420.461613479,474.1659796729946,10000,2500
1796,73945.985289653,74420.753993566,474.47632956499,10000,2500
1797,73945.985389653,74421.202207667,474.76860958700127,10000,2500
1798,73945.985489653,74421.43257805,475.2167293560051,10000,2500
1799,73945.985589653,74421.749778165,475.4470016539999,10000,2500
1800,73945.985689653,74421.970351695,475.7641051350074,10000,2500
1801,73945.985789653,74422.208267732,475.9845753080008,10000,2500
1802,73945.985889653,74422.44113735,476.22238422799273,10000,2500
1803,73945.98598965301,74422.731224207,476.4551532579935,10000,2500
1804,73945.986089653,74422.9976593,476.7451401809958,10000,2500
1805,73945.986189653,74423.24537864,477.01148249900143,10000,2500
1806,73945.98628965301,74423.529777493,477.25909517098626,10000,2500
1807,73945.986389653,74423.895690007,477.543394635999,10000,2500
1808,73945.986489653,74424.110889933,477.9092062349955,10000,2500
1809,73945.98658965301,74424.35327273,478.1243060009874,10000,2500
1810,73945.986689653,74424.782987754,478.3665895419981,10000,2500
1811,73945.986789653,74425.032439029,478.79620408199844,10000,2500
1812,73945.98688965301,74425.272052355,479.04555562998576,10000,2500
1813,73945.986989653,74425.520218775,479.2850683860015,10000,2500
1814,73945.987089653,74425.844370555,479.5331360650016,10000,2500
1815,73945.98718965301,74426.087228677,479.85718677598925,10000,2500
1816,73945.987289653,74426.402429241,480.09994500500034,10000,2500
1817,73945.987389653,74426.681163526,480.41504558498855,10000,2500
1818,73945.98748965301,74427.131416254,480.69368078699335,10000,2500
1819,73945.987589653,74427.536335731,481.14383243600605,10000,2500
1820,73945.987689653,74427.757684313,481.548651760997,10000,2500
1821,73945.98778965301,74427.974515152,481.769900491985,10000,2500
1822,73945.987889653,74428.186354296,481.98663118599507,10000,2500
1823,73945.987989653,74428.543017871,482.1983780860028,10000,2500
1824,73945.98808965301,74428.780558547,482.55493453599047,10000,2500
1825,73945.988189653,74429.107949834,482.7923748930043,10000,2500
1826,73945.988289653,74429.345985192,483.1196661330032,10000,2500
1827,73945.98838965301,74429.587559391,483.3576010619872,10000,2500
1828,73945.988489653,74429.813341904,483.599083314999,10000,2500
1829,73945.988589653,74430.081698536,483.8247579079907,10000,2500
1830,73945.98868965301,74430.295193889,484.0930144879967,10000,2500
1831,73945.988789653,74430.54532066,484.3064099320036,10000,2500
1832,73945.988889653,74430.968923973,484.55644426199433,10000,2500
1833,73945.98898965301,74431.276571221,484.979948134991,10000,2500
1834,73945.989089653,74431.535384202,485.2874871189997,10000,2500
1835,73945.989189653,74431.798037228,485.54619995100074,10000,2500
1836,73945.98928965301,74432.003553704,485.8087605169858,10000,2500
1837,73945.989389653,74432.25161904,486.0141708910087,10000,2500
1838,73945.989489653,74432.506697918,486.2621499550005,10000,2500
1839,73945.989589653,74432.746043792,486.5171140359889,10000,2500
1840,73945.989689653,74432.995086737,486.75636039700476,10000,2500
1841,73945.989789653,74433.270666177,487.00530968299427,10000,2500
1842,73945.989889653,74433.519617892,487.28078214099514,10000,2500
1843,73945.989989653,74433.785464845,487.5296339409979,10000,2500
1844,73945.990089653,74434.131184677,487.79538059499464,10000,2500
1845,73945.990189653,74434.566392675,488.14100058599433,10000,2500
1846,73945.990289653,74434.831580604,488.5761092419998,10000,2500
1847,73945.990389653,74435.382442079,488.8411974640039,10000,2500
1848,73945.990489653,74435.631017374,489.3919584289979,10000,2500
1849,73945.990589653,74435.89784555,489.64043318900804,10000,2500
1850,73945.990689653,74436.121797952,489.90716182399774,10000,2500
1851,73945.990789653,74436.333091448,490.13101421299507,10000,2500
1852,73945.99088965301,74436.562891224,490.34221695199085,10000,2500
1853,73945.990989653,74436.85598699,490.5719074840017,10000,2500
1854,73945.991089653,74437.17618578,490.86491806799313,10000,2500
1855,73945.99118965301,74437.496837644,491.1850031139911,10000,2500
1856,73945.991289653,74437.715297764,491.505563276005,10000,2500
1857,73945.991389653,74437.993012709,491.7239136029966,10000,2500
1858,73945.99148965301,74438.221043768,492.0015364809951,10000,2500
1859,73945.991589653,74438.563504133,492.2294675830053,10000,2500
1860,73945.991689653,74438.846294999,492.57181978000153,10000,2500
1861,73945.99178965301,74439.058243028,492.85451129998546,10000,2500
1862,73945.991889653,74439.279731214,493.06636669300497,10000,2500
1863,73945.991989653,74439.536398607,493.2877566389943,10000,2500
1864,73945.99208965301,74439.757473003,493.544314475992,10000,2500
1865,73945.992189653,74439.963234873,493.76528889600013,10000,2500
1866,73945.992289653,74440.239345038,493.97095109800284,10000,2500
1867,73945.99238965301,74440.448869535,494.246970726992,10000,2500
1868,73945.992489653,74440.683230794,494.4563860430062,10000,2500
1869,73945.992589653,74440.990079028,494.6906468859961,10000,2500
1870,73945.99268965301,74441.259708978,494.99740498799656,10000,2500
1871,73945.992789653,74441.524764531,495.2669253310014,10000,2500
1872,73945.992889653,74441.765393793,495.53188056100043,10000,2500
1873,73945.99298965301,74442.052419027,495.7724098519975,10000,2500
1874,73945.993089653,74442.31521882,496.05934214699664,10000,2500
1875,73945.993189653,74442.564791906,496.3220416080003,10000,2500
1876,73945.99328965301,74443.067655058,496.5715154199861,10000,2500
1877,73945.993389653,74443.34580041,497.07427118999476,10000,2500
1878,73945.993489653,74443.601068706,497.35231639500125,10000,2500
1879,73945.99358965301,74443.890070129,497.607485126995,10000,2500
1880,73945.993689653,74444.152187936,497.8963861850061,10000,2500
1881,73945.993789653,74444.378439549,498.1584039989975,10000,2500
1882,73945.99388965301,74444.640020143,498.38455586899363,10000,2500
1883,73945.993989653,74444.891477219,498.6460364240047,10000,2500
1884,73945.994089653,74445.112998237,498.89739314100007,10000,2500
1885,73945.994189653,74445.429457134,499.11881859799905,10000,2500
1886,73945.994289653,74445.649084352,499.43517374699877,10000,2500
1887,73945.994389653,74445.856719488,499.6547074580012,10000,2500
1888,73945.994489653,74446.173843424,499.8622424329951,10000,2500
1889,73945.994589653,74446.440133719,500.17926575899764,10000,2500
1890,73945.994689653,74446.781801425,500.4454504979949,10000,2500
1891,73945.994789653,74447.101217454,500.78701758399257,10000,2500
1892,73945.994889653,74447.305508771,501.1063333760103,10000,2500
1893,73945.994989653,74447.51221648,501.3105322140036,10000,2500
1894,73945.995089653,74447.726318888,501.51713287699386,10000,2500
1895,73945.995189653,74447.997809489,501.7311350740056,10000,2500
1896,73945.995289653,74448.275117294,502.0025310179917,10000,2500
1897,73945.995389653,74448.553802259,502.2797412919899,10000,2500
1898,73945.995489653,74448.770656424,502.558318536001,10000,2500
1899,73945.995589653,74449.056263579,502.775072421995,10000,2500
1900,73945.995689653,74449.431792045,503.0606050249917,10000,2500
1901,73945.99578965301,74449.682118256,503.4360150209832,10000,2500
1902,73945.995889653,74449.907057803,503.6862342469976,10000,2500
1903,73945.995989653,74450.111077424,503.91107374399144,10000,2500
1904,73945.99608965301,74450.426983231,504.11499719099083,10000,2500
1905,73945.996189653,74450.638004207,504.4307999309967,10000,2500
1906,73945.996289653,74450.843915062,504.64172033499926,10000,2500
1907,73945.99638965301,74451.063906969,504.8475311559887,10000,2500
1908,73945.996489653,74451.349194671,505.06742340899655,10000,2500
1909,73945.996589653,74451.57721335,505.35261113398883,10000,2500
1910,73945.99668965301,74452.031102652,505.5805298699852,10000,2500
1911,73945.996789653,74452.233067102,506.0343268190045,10000,2500
1912,73945.996889653,74452.493211609,506.2361839639925,10000,2500
1913,73945.99698965301,74452.748758742,506.4962274469872,10000,2500
1914,73945.997089653,74453.003560562,506.75167476100614,10000,2500
1915,73945.997189653,74453.210346143,507.0063874019979,10000,2500
1916,73945.99728965301,74453.417067272,507.2130623229896,10000,2500
1917,73945.997389653,74453.665519739,507.4196837149939,10000,2500
1918,73945.997489653,74453.925592719,507.6680361769977,10000,2500
1919,73945.99758965301,74454.204573959,507.92800904899195,10000,2500
1920,73945.997689653,74454.434504081,508.2068971700064,10000,2500
1921,73945.997789653,74454.648337309,508.43672019398946,10000,2500
1922,73945.99788965301,74454.999862741,508.65045328298584,10000,2500
1923,73945.997989653,74455.231635799,509.00187881299644,10000,2500
1924,73945.998089653,74455.449844269,509.23355909499514,10000,2500
1925,73945.99818965301,74455.655804963,509.45166511199204,10000,2500
1926,73945.998289653,74455.879360242,509.65752349399554,10000,2500
1927,73945.998389653,74456.08957628,509.8809761549928,10000,2500
1928,73945.99848965301,74456.337379606,510.0910986129893,10000,2500
1929,73945.998589653,74456.684214761,510.33880737700383,10000,2500
1930,73945.998689653,74456.959415465,510.6855311609979,10000,2500
1931,73945.99878965301,74457.171338193,510.96063182699436,10000,2500
1932,73945.998889653,74457.424401579,511.17245404100686,10000,2500
1933,73945.998989653,74457.667999841,511.4254177840048,10000,2500
1934,73945.999089653,74457.895398037,511.6689186569856,10000,2500
1935,73945.999189653,74458.255828245,511.89621401600016,10000,2500
1936,73945.999289653,74458.49351745,512.2565443420026,10000,2500
1937,73945.999389653,74458.711922663,512.4941333189927,10000,2500
1938,73945.999489653,74459.180988666,512.7124392179976,10000,2500
1939,73945.999589653,74459.4236481,513.1814043149934,10000,2500
1940,73945.999689653,74459.683885363,513.4239710269903,10000,2500
1941,73945.999789653,74459.984745995,513.6841012590012,10000,2500
1942,73945.999889653,74460.199610996,513.9848671780055,10000,2500
1943,73945.999989653,74460.466528824,514.1996270489908,10000,2500
1944,73946.000089653,74460.72949124,514.466447756,10000,2500
1945,73946.000189653,74461.034817551,514.7293073259934,10000,2500
1946,73946.000289653,74461.247782929,515.0345346319955,10000,2500
1947,73946.000389653,74461.482991943,515.2473988520069,10000,2500
1948,73946.000489653,74461.757591757,515.4825215710007,10000,2500
1949,73946.000589653,74461.976165543,515.7570077019918,10000,2500
1950,73946.00068965301,74462.201022742,515.9754883529968,10000,2500
1951,73946.000789653,74462.41972487,516.2002390840062,10000,2500
1952,73946.000889653,74462.685016949,516.4188437419944,10000,2500
1953,73946.00098965301,74462.896845793,516.6840329769911,10000,2500
1954,73946.001089653,74463.120420174,516.8957625269977,10000,2500
1955,73946.001189653,74463.553994562,517.1192432839889,10000,2500
1956,73946.00128965301,74463.853216744,517.5527260029921,10000,2500
1957,73946.001389653,74464.142097573,517.8518421769986,10000,2500
1958,73946.001489653,74464.392653484,518.1406136519945,10000,2500
1959,73946.00158965301,74464.625658357,518.3910694729857,10000,2500
1960,73946.001689653,74464.859515019,518.6240139400034,10000,2500
1961,73946.001789653,74465.091493761,518.8577313559945,10000,2500
1962,73946.00188965301,74465.297051266,519.0896213619853,10000,2500
1963,73946.001989653,74465.523236616,519.2950677869958,10000,2500
1964,73946.002089653,74465.730643816,519.5211528819927,10000,2500
1965,73946.00218965301,74466.006812348,519.7284603459848,10000,2500
1966,73946.002289653,74466.299852707,520.004528392994,10000,2500
1967,73946.002389653,74466.564121832,520.2974760789948,10000,2500
1968,73946.00248965301,74466.778725443,520.561645142996,10000,2500
1969,73946.002589653,74466.993436868,520.7761419989984,10000,2500
1970,73946.002689653,74467.300744363,520.9907602379972,10000,2500
1971,73946.00278965301,74467.522032169,521.297961076998,10000,2500
1972,73946.002889653,74468.021759744,521.519157422008,10000,2500
1973,73946.002989653,74468.271600804,522.0187833609962,10000,2500
1974,73946.00308965301,74468.678891144,522.2685225199966,10000,2500
1975,73946.003189653,74469.045333534,522.6757150820049,10000,2500
1976,73946.003289653,74469.272692074,523.0420627319982,10000,2500
1977,73946.00338965301,74469.488170286,523.2693082739861,10000,2500
1978,73946.003489653,74469.787455556,523.4846861340047,10000,2500
1979,73946.003589653,74469.999193313,523.7838716499973,10000,2500
1980,73946.00368965301,74470.357310552,523.995516392999,10000,2500
1981,73946.003789653,74470.587956709,524.3535347130091,10000,2500
1982,73946.003889653,74470.857847066,524.5840883579949,10000,2500
1983,73946.003989653,74471.159595387,524.8538634389988,10000,2500
1984,73946.004089653,74471.418244023,525.155511703997,10000,2500
1985,73946.004189653,74471.649313994,525.414060117997,10000,2500
1986,73946.004289653,74471.91586126,525.645029886,10000,2500
1987,73946.004389653,74472.125169675,525.9114770940068,10000,2500
1988,73946.004489653,74472.393567244,526.1206858469959,10000,2500
1989,73946.004589653,74472.621968143,526.3889835559967,10000,2500
1990,73946.004689653,74472.889994156,526.6172906740103,10000,2500
1991,73946.004789653,74473.17101641,526.8852099009964,10000,2500
1992,73946.004889653,74473.477549408,527.166132554994,10000,2500
1993,73946.004989653,74473.696474047,527.4725653560017,10000,2500
1994,73946.005089653,74474.165753543,527.6913903399982,10000,2500
1995,73946.005189653,74474.372787718,528.16056948599,10000,2500
1996,73946.00528965301,74474.61878098,528.3675136699894,10000,2500
1997,73946.005389653,74475.056777034,528.6133969259972,10000,2500
1998,73946.005489653,74475.279353775,529.0513001689978,10000,2500
1999,73946.00558965301,74475.488295801,529.2737696949916,10000,2500
2000,73946.005689653,74475.773535518,529.4826233780041,10000,2500
2001,73946.005789653,74476.059748484,529.7677611399995,10000,2500
2002,73946.00588965301,74476.310725418,530.0538717879972,10000,2500
2003,73946.005989653,74476.527854364,530.3047416860063,10000,2500
2004,73946.006089653,74476.734305083,530.5217725279945,10000,2500
2005,73946.00618965301,74476.946507142,530.7281241979945,10000,2500
2006,73946.006289653,74477.172994564,530.9402395409998,10000,2500
2007,73946.006389653,74477.584871308,531.1666141659953,10000,2500
2008,73946.00648965301,74477.811328229,531.5783979519911,10000,2500
2009,73946.006589653,74478.19925336,531.8047447910067,10000,2500
2010,73946.006689653,74478.429680247,532.1925694730016,10000,2500
2011,73946.00678965301,74478.67571429,532.4228964989888,10000,2500
2012,73946.006889653,74479.032683222,532.6688303599949,10000,2500
2013,73946.006989653,74479.359979004,533.0257068630017,10000,2500
2014,73946.00708965301,74479.850403751,533.3528950089967,10000,2500
2015,73946.007189653,74480.103566619,533.8432201670075,10000,2500
2016,73946.007289653,74480.429560426,534.0962828909978,10000,2500
2017,73946.00738965301,74480.668888469,534.4221763699898,10000,2500
2018,73946.007489653,74480.892483859,534.6614046350005,10000,2500
2019,73946.007589653,74481.213503045,534.8848998989997,10000,2500
2020,73946.00768965301,74481.467314159,535.2058290379937,10000,2500
2021,73946.007789653,74481.683223016,535.4595300670044,10000,2500
2022,73946.007889653,74481.947117496,535.675340212998,10000,2500
2023,73946.00798965301,74482.186404118,535.9391337459965,10000,2500
2024,73946.008089653,74482.425849118,536.1783201729995,10000,2500
2025,73946.008189653,74482.641805538,536.4176652769966,10000,2500
2026,73946.00828965301,74482.945225497,536.6335276399914,10000,2500
2027,73946.008389653,74483.154728854,536.9368414860073,10000,2500
2028,73946.008489653,74483.396186492,537.1462447060039,10000,2500
2029,73946.008589653,74483.640350165,537.3876031099935,10000,2500
2030,73946.008689653,74483.870268576,537.6316738489986,10000,2500
2031,73946.008789653,74484.231820607,537.8614933799981,10000,2500
2032,73946.008889653,74484.480162216,538.222936569,10000,2500
2033,73946.008989653,74484.736765599,538.4711780689977,10000,2500
2034,73946.009089653,74484.994942734,538.7276819050021,10000,2500
2035,73946.009189653,74485.236191072,538.98576648999,10000,2500
2036,73946.009289653,74485.461327192,539.2269070659968,10000,2500
2037,73946.009389653,74485.739963369,539.4519437080016,10000,2500
2038,73946.009489653,74485.988623614,539.7304893479886,10000,2500
2039,73946.009589653,74486.263988827,539.9790396000026,10000,2500
2040,73946.009689653,74486.516424734,540.2543192000012,10000,2500
2041,73946.009789653,74486.72489504,540.5066472759936,10000,2500
2042,73946.009889653,74486.961333615,540.7150111230003,10000,2500
2043,73946.009989653,74487.219046545,540.9513553010038,10000,2500
2044,73946.010089653,74487.42887148,541.2089713659952,10000,2500
2045,73946.01018965301,74487.694067731,541.418687885991,10000,2500
2046,73946.010289653,74487.910176482,541.6837842980021,10000,2500
2047,73946.010389653,74488.187006368,541.8997926979937,10000,2500
2048,73946.01048965301,74488.443903808,542.176522410984,10000,2500
2049,73946.010589653,74488.656994604,542.4333292670053,10000,2500
2050,73946.010689653,74489.011273569,542.6463129069889,10000,2500
2051,73946.01078965301,74489.222836733,543.0004896639875,10000,2500
2052,73946.010889653,74489.430085861,543.2119529560005,10000,2500
2053,73946.010989653,74489.640375911,543.4191016069963,10000,2500
2054,73946.01108965301,74489.870199337,543.6292914609949,10000,2500
2055,73946.011189653,74490.179309805,543.8590234449948,10000,2500
2056,73946.011289653,74490.466901674,544.1680261709989,10000,2500
2057,73946.01138965301,74490.695271451,544.4555181169853,10000,2500
2058,73946.011489653,74490.969081905,544.6837879369996,10000,2500
2059,73946.011589653,74491.179185914,544.9575053709996,10000,2500
2060,73946.01168965301,74491.396148733,545.1675014359935,10000,2500
2061,73946.011789653,74491.635956572,545.3843871779973,10000,2500
2062,73946.011889653,74491.90622402,545.6240767330019,10000,2500
2063,73946.01198965301,74492.12849534,545.8942470829934,10000,2500
2064,73946.012089653,74492.331981802,546.1164114770072,10000,2500
2065,73946.012189653,74492.575016294,546.3197981319972,10000,2500
2066,73946.01228965301,74492.792113719,546.5627337229962,10000,2500
2067,73946.012389653,74493.037739046,546.7797298850055,10000,2500
2068,73946.012489653,74493.31460612,547.0252551360027,10000,2500
2069,73946.01258965301,74493.542025312,547.3020383289986,10000,2500
2070,73946.012689653,74493.756706989,547.5293412500032,10000,2500
2071,73946.012789653,74493.979565094,547.7439231349999,10000,2500
2072,73946.01288965301,74494.246779257,547.9666836749966,10000,2500
2073,73946.012989653,74494.552450167,548.2337957639975,10000,2500
2074,73946.013089653,74494.792996019,548.5393662089919,10000,2500
2075,73946.01318965301,74495.016549554,548.7798263259901,10000,2500
2076,73946.013289653,74495.249712813,549.0032654440001,10000,2500
2077,73946.013389653,74495.543497568,549.236335441994,10000,2500
2078,73946.013489653,74495.759716202,549.5300134469871,10000,2500
2079,73946.013589653,74496.052917953,549.7461388630036,10000,2500
2080,73946.013689653,74496.291694865,550.0392353019997,10000,2500
2081,73946.013789653,74496.562886243,550.2779110529955,10000,2500
2082,73946.013889653,74496.768569512,550.549039806996,10000,2500
2083,73946.013989653,74497.033027595,550.7545855589997,10000,2500
2084,73946.014089653,74497.390634262,551.0189442569972,10000,2500
2085,73946.014189653,74497.760273633,551.3764506110019,10000,2500
2086,73946.014289653,74497.983757023,551.7459969109914,10000,2500
2087,73946.014389653,74498.237664959,551.9693759269867,10000,2500
2088,73946.014489653,74498.456502755,552.2231956790056,10000,2500
2089,73946.014589653,74498.665478154,552.4419253889937,10000,2500
2090,73946.014689653,74498.888512027,552.6507947479986,10000,2500
2091,73946.014789653,74499.145314674,552.8737280350033,10000,2500
2092,73946.014889653,74499.415717572,553.130431106998,10000,2500
2093,73946.014989653,74499.64697229,553.400740305995,10000,2500
2094,73946.01508965301,74499.910749323,553.6318885909859,10000,2500
2095,73946.015189653,74500.184650319,553.8955656239996,10000,2500
2096,73946.015289653,74500.406752314,554.1693664919876,10000,2500
2097,73946.01538965301,74500.625109305,554.3913684059953,10000,2500
2098,73946.015489653,74500.833793347,554.6096254919976,10000,2500
2099,73946.015589653,74501.130704908,554.8182094799995,10000,2500
2100,73946.01568965301,74501.429397899,555.1150519239891,10000,2500
2101,73946.015789653,74501.95205316,555.4136218609929,10000,2500
2102,73946.015889653,74502.255220304,555.9361768059898,10000,2500
2103,73946.01598965301,74502.562458026,556.239243471995,10000,2500
2104,73946.016089653,74502.772146323,556.546381638007,10000,2500
2105,73946.016189653,74503.011585741,556.7559695419914,10000,2500
2106,73946.01628965301,74503.238565093,556.9953022809932,10000,2500
2107,73946.016389653,74503.451196103,557.2221816310048,10000,2500
2108,73946.016489653,74503.700486919,557.4347119909944,10000,2500
2109,73946.01658965301,74503.936506332,557.6839028879913,10000,2500
2110,73946.016689653,74504.2286828,557.9198294880043,10000,2500
2111,73946.016789653,74504.762319669,558.2119065649895,10000,2500
2112,73946.01688965301,74505.028467239,558.7454446159973,10000,2500
2113,73946.016989653,74505.359982463,559.011483188995,10000,2500
2114,73946.017089653,74505.57555266,559.3428982189944,10000,2500
2115,73946.01718965301,74505.821777423,559.5583756269916,10000,2500
2116,73946.017289653,74506.03468597,559.8044938189996,10000,2500
2117,73946.017389653,74506.328443022,560.0173019389913,10000,2500
2118,73946.01748965301,74506.574327395,560.3109591279936,10000,2500
2119,73946.017589653,74506.780972982,560.5567437309946,10000,2500
2120,73946.017689653,74507.017690122,560.7632890520035,10000,2500
2121,73946.01778965301,74507.305718741,560.9999061319977,10000,2500
2122,73946.017889653,74507.556279318,561.2878351420077,10000,2500
2123,73946.017989653,74507.79242993,561.5383029099903,10000,2500
2124,73946.01808965301,74508.025562255,561.7743458189943,10000,2500
2125,73946.018189653,74508.250784824,562.0073972090031,10000,2500
2126,73946.018289653,74508.528608968,562.232508496003,10000,2500
2127,73946.018389653,74508.740755714,562.5102249459887,10000,2500
2128,73946.018489653,74509.069825532,562.7222782099998,10000,2500
2129,73946.018589653,74509.279061921,563.051241713998,10000,2500
2130,73946.018689653,74509.5012198,563.2603854349873,10000,2500
2131,73946.018789653,74509.719378687,563.4824361470091,10000,2500
2132,73946.018889653,74509.996693959,563.7005026260013,10000,2500
2133,73946.018989653,74510.412054926,563.9777165129926,10000,2500
2134,73946.019089653,74510.64156907,564.392977370997,10000,2500
2135,73946.019189653,74510.986609656,564.6223850969982,10000,2500
2136,73946.019289653,74511.300436233,564.9673327369965,10000,2500
2137,73946.019389653,74511.58515183,565.2810523410008,10000,2500
2138,73946.019489653,74511.816292902,565.5656745099986,10000,2500
2139,73946.019589653,74512.078599266,565.7967090409948,10000,2500
2140,73946.01968965301,74512.288173671,566.0589155369962,10000,2500
2141,73946.019789653,74512.513901728,566.2683962430019,10000,2500
2142,73946.019889653,74512.749781336,566.4940252300003,10000,2500
2143,73946.01998965301,74512.976489775,566.7297973139939,10000,2500
2144,73946.020089653,74513.182952551,566.9564119730057,10000,2500
2145,73946.020189653,74513.387280107,567.1627683489933,10000,2500
2146,73946.02028965301,74513.646016766,567.3669965249865,10000,2500
2147,73946.020389653,74513.944812243,567.6256339990068,10000,2500
2148,73946.020489653,74514.149565523,567.9243357819942,10000,2500
2149,73946.02058965301,74514.355812146,568.1289914959925,10000,2500
2150,73946.020689653,74514.561795495,568.335135279005,10000,2500
2151,73946.020789653,74514.794732173,568.5410187999951,10000,2500
2152,73946.02088965301,74515.05473298,568.7738557329867,10000,2500
2153,73946.020989653,74515.262479793,569.0337494309933,10000,2500
2154,73946.021089653,74515.834451996,569.2413960089907,10000,2500
2155,73946.02118965301,74516.074899709,569.8132679269911,10000,2500
2156,73946.021289653,74516.284756404,570.0536159780022,10000,2500
2157,73946.021389653,74516.51742722,570.2633729629888,10000,2500
2158,73946.02148965301,74516.770630265,570.4959431379975,10000,2500
2159,73946.021589653,74517.02393304,570.7490473039943,10000,2500
2160,73946.021689653,74517.241408315,571.002267058997,10000,2500
2161,73946.02178965301,74517.50472619,571.2196243369981,10000,2500
2162,73946.021889653,74517.790849462,571.4828423669969,10000,2500
2163,73946.021989653,74518.091600453,571.7688758369914,10000,2500
2164,73946.02208965301,74518.301730056,572.0695169239916,10000,2500
2165,73946.022189653,74518.529325608,572.2795532230084,10000,2500
2166,73946.022289653,74518.809175109,572.5070416819945,10000,2500
2167,73946.02238965301,74519.035123972,572.7867914859962,10000,2500
2168,73946.022489653,74519.248560948,573.0126554540038,10000,2500
2169,73946.022589653,74519.461929939,573.225984285993,10000,2500
2170,73946.02268965301,74519.665986381,573.4392533039936,10000,2500
2171,73946.022789653,74519.88443644,573.643202952997,10000,2500
2172,73946.022889653,74520.156631077,573.8615521419997,10000,2500
2173,73946.022989653,74520.454863347,574.1336498849996,10000,2500
2174,73946.023089653,74520.719642353,574.431782412008,10000,2500
2175,73946.023189653,74520.990673202,574.6964615079924,10000,2500
2176,73946.023289653,74521.210959778,574.9673900689959,10000,2500
2177,73946.023389653,74521.434602773,575.187581753009,10000,2500
2178,73946.023489653,74521.703495472,575.411118738004,10000,2500
2179,73946.023589653,74521.952484782,575.6799116459879,10000,2500
2180,73946.023689653,74522.164007102,575.9288035060017,10000,2500
2181,73946.023789653,74522.389705435,576.1402392790042,10000,2500
2182,73946.023889653,74522.625978453,576.3658222639933,10000,2500
2183,73946.023989653,74522.918063245,576.6019972320064,10000,2500
2184,73946.024089653,74523.142945753,576.8939796509949,10000,2500
2185,73946.024189653,74523.437648083,577.1187650739885,10000,2500
2186,73946.024289653,74523.644202531,577.413370979004,10000,2500
2187,73946.024389653,74523.943607857,577.6198201829975,10000,2500
2188,73946.024489653,74524.159838785,577.9191315589997,10000,2500
2189,73946.02458965301,74524.504506077,578.1352552599856,10000,2500
2190,73946.024689653,74524.714355356,578.4798233809997,10000,2500
2191,73946.024789653,74525.024059812,578.689579657992,10000,2500
2192,73946.02488965301,74525.244826761,578.9991825719917,10000,2500
2193,73946.024989653,74525.477940137,579.2198533680057,10000,2500
2194,73946.025089653,74525.71460382,579.4528567719972,10000,2500
2195,73946.02518965301,74525.916651044,579.6894275379891,10000,2500
2196,73946.025289653,74526.178636887,579.8913682260027,10000,2500
2197,73946.025389653,74526.5373137,580.1532542019995,10000,2500
2198,73946.02548965301,74526.794906341,580.5118432349846,10000,2500
2199,73946.025589653,74527.043405425,580.7693224889954,10000,2500
2200,73946.025689653,74527.37229707,581.0177321329975,10000,2500
2201,73946.02578965301,74527.6096653,581.346519047991,10000,2500
2202,73946.025889653,74527.815507191,581.583781245994,10000,2500
2203,73946.025989653,74528.070350428,581.7895319929958,10000,2500
2204,73946.02608965301,74528.439375006,582.0442734009848,10000,2500
2205,73946.026189653,74528.899346714,582.4132410790044,10000,2500
2206,73946.026289653,74529.104394023,582.8730629799975,10000,2500
2207,73946.02638965301,74529.339315535,583.0780258329905,10000,2500
2208,73946.026489653,74529.554741568,583.3128430990037,10000,2500
2209,73946.026589653,74529.955213335,583.5281686489907,10000,2500
2210,73946.02668965301,74530.167991095,583.9285387449927,10000,2500
2211,73946.026789653,74530.415843341,584.1412074160035,10000,2500
2212,73946.026889653,74530.662806249,584.3889608399913,10000,2500
2213,73946.02698965301,74530.957333332,584.6358295419923,10000,2500
2214,73946.027089653,74531.292989979,584.9302498350007,10000,2500
2215,73946.027189653,74531.505082955,585.2658089100005,10000,2500
2216,73946.02728965301,74531.854602039,585.4778000979859,10000,2500
2217,73946.027389653,74532.095295005,585.8272204350069,10000,2500
2218,73946.027489653,74532.35967878,586.0678133079928,10000,2500
2219,73946.02758965301,74532.594890156,586.3321011179942,10000,2500
2220,73946.027689653,74532.826689619,586.5672064789978,10000,2500
2221,73946.027789653,74533.036245869,586.7989088719914,10000,2500
2222,73946.027889653,74533.260167274,587.0083632639871,10000,2500
2223,73946.027989653,74533.58892703,587.2321834839968,10000,2500
2224,73946.028089653,74533.820078697,587.5608472149906,10000,2500
2225,73946.028189653,74534.082967134,587.7918996109947,10000,2500
2226,73946.028289653,74534.372509132,588.0546895239968,10000,2500
2227,73946.028389653,74534.653863761,588.3441257090017,10000,2500
2228,73946.028489653,74534.878395028,588.625382785991,10000,2500
2229,73946.028589653,74535.19105753,588.8498122279998,10000,2500
2230,73946.028689653,74535.459131789,589.1623812040052,10000,2500
2231,73946.028789653,74535.671701139,589.4303544369905,10000,2500
2232,73946.028889653,74535.907933871,589.6428235560015,10000,2500
2233,73946.028989653,74536.175740207,589.878950001992,10000,2500
2234,73946.029089653,74536.394108646,590.1466624969908,10000,2500
2235,73946.029189653,74536.682119798,590.3649323230056,10000,2500
2236,73946.029289653,74536.95061446,590.6528360340017,10000,2500
2237,73946.029389653,74537.257664915,590.9212336089986,10000,2500
2238,73946.02948965301,74537.519971178,591.2281878849899,10000,2500
2239,73946.029589653,74537.838412955,591.4903880759957,10000,2500
2240,73946.029689653,74538.125826658,591.8087295279984,10000,2500
2241,73946.02978965301,74538.396717128,592.0960491729929,10000,2500
2242,73946.029889653,74538.625925379,592.3676507920027,10000,2500
2243,73946.029989653,74538.856512744,592.5959442789899,10000,2500
2244,73946.03008965301,74539.162872005,592.8264352349943,10000,2500
2245,73946.030189653,74539.396772541,593.1326942799933,10000,2500
2246,73946.030289653,74539.68452354,593.3664887789928,10000,2500
2247,73946.03038965301,74539.934417007,593.6541396809916,10000,2500
2248,73946.030489653,74540.199965518,593.903943066005,10000,2500
2249,73946.030589653,74540.488582777,594.1693898800004,10000,2500
2250,73946.03068965301,74540.722519886,594.4579044429847,10000,2500
2251,73946.030789653,74540.949450001,594.691736230001,10000,2500
2252,73946.030889653,74541.168748675,594.9185827559995,10000,2500
2253,73946.03098965301,74541.412405807,595.1377669639915,10000,2500
2254,73946.031089653,74541.624233865,595.3813221479941,10000,2500
2255,73946.031189653,74541.924622755,595.5930498590023,10000,2500
2256,73946.03128965301,74542.149798934,595.8933387309953,10000,2500
2257,73946.031389653,74542.367670172,596.1184243019961,10000,2500
2258,73946.031489653,74542.598085923,596.3361865990009,10000,2500
2259,73946.03158965301,74542.882262285,596.5665022439935,10000,2500
2260,73946.031689653,74543.155113941,596.8505788420007,10000,2500
2261,73946.031789653,74543.623753385,597.12333016099,10000,2500
2262,73946.03188965301,74543.835289936,597.5918759689957,10000,2500
2263,73946.031989653,74544.110062512,597.8033095800056,10000,2500
2264,73946.032089653,74544.378934453,598.077978574991,10000,2500
2265,73946.03218965301,74544.604183086,598.3467509359907,10000,2500
2266,73946.032289653,74544.812782124,598.5718992470065,10000,2500
2267,73946.032389653,74545.022019895,598.7803992769914,10000,2500
2268,73946.03248965301,74545.23624255,598.9895448499883,10000,2500
2269,73946.032589653,74545.530373822,599.2036591200012,10000,2500
2270,73946.032689653,74545.748290727,599.4976974640012,10000,2500
2271,73946.032789653,74546.015981417,599.7155141259864,10000,2500
2272,73946.032889653,74546.262545702,599.9831169560057,10000,2500
2273,73946.032989653,74546.534530298,600.2295687419974,10000,2500
2274,73946.033089653,74546.756048936,600.5014530849876,10000,2500
2275,73946.033189653,74546.977239456,600.7228726260073,10000,2500
2276,73946.033289653,74547.210747127,600.9439562149928,10000,2500
2277,73946.033389653,74547.447991945,601.1773631529941,10000,2500
2278,73946.033489653,74547.751028348,601.4145207569964,10000,2500
2279,73946.033589653,74547.958033207,601.7174458170048,10000,2500
2280,73946.033689653,74548.290183729,601.9243508069922,10000,2500
2281,73946.033789653,74548.492898055,602.2563998170081,10000,2500
2282,73946.033889653,74548.820413831,602.4590170830052,10000,2500
2283,73946.033989653,74549.023086037,602.7864299059875,10000,2500
2284,73946.03408965301,74549.249422085,602.9890039129823,10000,2500
2285,73946.034189653,74549.482891353,603.215238513003,10000,2500
2286,73946.034289653,74549.704808784,603.4486106650002,10000,2500
2287,73946.03438965301,74549.933504998,603.6704291049828,10000,2500
2288,73946.034489653,74550.165219732,603.899028423999,10000,2500
2289,73946.034589653,74550.378239588,604.1306368149963,10000,2500
2290,73946.03468965301,74550.595117502,604.3435604509868,10000,2500
2291,73946.034789653,74550.806343667,604.5603391899931,10000,2500
2292,73946.034889653,74551.076847597,604.7714617469901,10000,2500
2293,73946.03498965301,74551.333054199,605.0418688079953,10000,2500
2294,73946.035089653,74551.568733868,605.2979745909979,10000,2500
2295,73946.035189653,74551.770967952,605.5335500999936,10000,2500
2296,73946.03528965301,74552.065342623,605.7356856789847,10000,2500
2297,73946.035389653,74552.281461533,606.0299587329937,10000,2500
2298,73946.035489653,74552.502615646,606.2459841279924,10000,2500
2299,73946.03558965301,74552.744848464,606.4670406519872,10000,2500
2300,73946.035689653,74552.94950293,606.7091783159995,10000,2500
2301,73946.035789653,74553.184965419,606.9137201889971,10000,2500
2302,73946.03588965301,74553.430468697,607.1490831869887,10000,2500
2303,73946.035989653,74553.733581169,607.3944916070031,10000,2500
2304,73946.036089653,74553.943609289,607.6974994249904,10000,2500
2305,73946.03618965301,74554.232041791,607.9074249949917,10000,2500
2306,73946.036289653,74554.576711036,608.195758353002,10000,2500
2307,73946.036389653,74554.789774394,608.5403274799901,10000,2500
2308,73946.03648965301,74555.078998643,608.7532906729903,10000,2500
2309,73946.036589653,74555.305155788,609.0424175990047,10000,2500
2310,73946.036689653,74555.535434524,609.26847984099,10000,2500
2311,73946.03678965301,74555.796436078,609.498650937996,10000,2500
2312,73946.036889653,74556.057190067,609.7595522820047,10000,2500
2313,73946.036989653,74556.294912199,610.0202112830011,10000,2500
2314,73946.03708965301,74556.567320814,610.257828198999,10000,2500
2315,73946.037189653,74556.783023242,610.530145495999,10000,2500
2316,73946.037289653,74557.040348638,610.7457391909993,10000,2500
2317,73946.037389653,74557.276572955,611.0029727849906,10000,2500
2318,73946.037489653,74557.506672963,611.2390963500075,10000,2500
2319,73946.037589653,74557.778821142,611.4690972999961,10000,2500
2320,73946.037689653,74558.011152881,611.7411445279868,10000,2500
2321,73946.037789653,74558.219842666,611.9733821700065,10000,2500
2322,73946.037889653,74558.466224422,612.1819588859944,10000,2500
2323,73946.037989653,74558.682335989,612.4282455129869,10000,2500
2324,73946.038089653,74558.948046602,612.6442524629965,10000,2500
2325,73946.038189653,74559.241840772,612.9098715339933,10000,2500
2326,73946.038289653,74559.491341463,613.2035569209984,10000,2500
2327,73946.038389653,74559.735681668,613.4529681779968,10000,2500
2328,73946.038489653,74559.987299326,613.697198009002,10000,2500
2329,73946.038589653,74560.267531845,613.9487240879971,10000,2500
2330,73946.038689653,74560.68137975,614.2288478840055,10000,2500
2331,73946.038789653,74560.883472463,614.6425961039931,10000,2500
2332,73946.038889653,74561.104074617,614.8445969519962,10000,2500
2333,73946.03898965301,74561.318190239,615.0650911139965,10000,2500
2334,73946.039089653,74561.528393129,615.2791067229991,10000,2500
2335,73946.039189653,74561.770071137,615.4892093969975,10000,2500
2336,73946.03928965301,74562.016626409,615.7307949379901,10000,2500
2337,73946.039389653,74562.379510668,615.9772523209976,10000,2500
2338,73946.039489653,74562.614636133,616.3400268489931,10000,2500
2339,73946.03958965301,74562.869773937,616.5750517699926,10000,2500
2340,73946.039689653,74563.086178203,616.8300900629984,10000,2500
2341,73946.039789653,74563.446072101,617.0463948760007,10000,2500
2342,73946.03988965301,74563.693576463,617.4061884129915,10000,2500
2343,73946.039989653,74563.921491352,617.6536003289948,10000,2500
2344,73946.040089653,74564.164733721,617.8814074389957,10000,2500
2345,73946.04018965301,74564.371085137,618.1245607289893,10000,2500
2346,73946.040289653,74564.823499978,618.3308077999973,10000,2500
2347,73946.040389653,74565.044887266,618.7831168169942,10000,2500
2348,73946.04048965301,74565.392891924,619.0044036999898,10000,2500
2349,73946.040589653,74565.650011669,619.3523161610065,10000,2500
2350,73946.040689653,74565.929502776,619.6093277969921,10000,2500
2351,73946.04078965301,74566.168374868,619.8887187719956,10000,2500
2352,73946.040889653,74566.469417358,620.1274987619981,10000,2500
2353,73946.040989653,74566.700705084,620.4284336199926,10000,2500
2354,73946.04108965301,74566.930954602,620.6596299139928,10000,2500
2355,73946.041189653,74567.256041155,620.8897704990086,10000,2500
2356,73946.041289653,74567.478328553,621.2147665899975,10000,2500
2357,73946.04138965301,74567.743796307,621.4369444709882,10000,2500
2358,73946.041489653,74567.954137858,621.7023124200059,10000,2500
2359,73946.041589653,74568.178428634,621.9125610920019,10000,2500
2360,73946.04168965301,74568.408426537,622.1367450609978,10000,2500
2361,73946.041789653,74568.703342518,622.3666427319986,10000,2500
2362,73946.041889653,74568.939433093,622.6614666899986,10000,2500
2363,73946.04198965301,74569.188660875,622.8974498829921,10000,2500
2364,73946.042089653,74569.447065193,623.146582565998,10000,2500
2365,73946.042189653,74569.675196422,623.4048896919994,10000,2500
2366,73946.042289653,74569.886246897,623.6329126129858,10000,2500
2367,73946.042389653,74570.159129522,623.8438630400051,10000,2500
2368,73946.042489653,74570.372411229,624.1166457289946,10000,2500
2369,73946.042589653,74570.667705804,624.3298271940002,10000,2500
2370,73946.042689653,74570.88157212,624.6250220060028,10000,2500
2371,73946.042789653,74571.103535204,624.8387936380022,10000,2500
2372,73946.042889653,74571.330991565,625.0606609409879,10000,2500
2373,73946.042989653,74571.66290668,625.2880200950021,10000,2500
2374,73946.043089653,74571.878345717,625.6198226919951,10000,2500
2375,73946.043189653,74572.091559162,625.8351727259869,10000,2500
2376,73946.043289653,74572.483272605,626.0482754520053,10000,2500
2377,73946.043389653,74572.746956066,626.4398955939978,10000,2500
2378,73946.043489653,74572.96623533,626.7034723029938,10000,2500
2379,73946.043589653,74573.187082463,626.9226569059974,10000,2500
2380,73946.043689653,74573.39821271,627.1434081860061,10000,2500
2381,73946.043789653,74573.670953798,627.3544364539994,10000,2500
2382,73946.04388965301,74573.896763569,627.627070010989,10000,2500
2383,73946.043989653,74574.122811463,627.8527877119923,10000,2500
2384,73946.044089653,74574.343478268,628.0787277130003,10000,2500
2385,73946.04418965301,74574.691821393,628.2992942289857,10000,2500
2386,73946.044289653,74574.935064331,628.6475374930014,10000,2500
2387,73946.044389653,74575.171755239,628.890687408988,10000,2500
2388,73946.04448965301,74575.389123272,629.127278008993,10000,2500
2389,73946.044589653,74575.619448264,629.3445516109932,10000,2500
2390,73946.044689653,74575.829054117,629.5747648489923,10000,2500
2391,73946.04478965301,74576.066909941,629.7842781079962,10000,2500
2392,73946.044889653,74576.390502164,630.0220325120026,10000,2500
2393,73946.044989653,74576.688567957,630.3455259439943,10000,2500
2394,73946.04508965301,74576.912639391,630.6434839759895,10000,2500
2395,73946.045189653,74577.135216166,630.8674556379992,10000,2500
2396,73946.045289653,74577.360098257,631.0899325200007,10000,2500
2397,73946.04538965301,74577.63901288,631.3147232989868,10000,2500
2398,73946.045489653,74577.866726988,631.5935286610038,10000,2500
2399,73946.045589653,74578.099347279,631.821143180001,10000,2500
2400,73946.04568965301,74578.374514421,632.0536981309851,10000,2500
2401,73946.045789653,74578.651474575,632.3287310620071,10000,2500
2402,73946.045889653,74578.922314502,632.6055981499958,10000,2500
2403,73946.04598965301,74579.137923857,632.8763309349888,10000,2500
2404,73946.046089653,74579.382221029,633.0918441139947,10000,2500
2405,73946.046189653,74579.599383347,633.3360454689973,10000,2500
2406,73946.04628965301,74579.82164437,633.5531030569982,10000,2500
2407,73946.046389653,74580.053346324,633.7752609080053,10000,2500
2408,73946.046489653,74580.276960037,634.0068632649927,10000,2500
2409,73946.04658965301,74580.874851353,634.230387751988,10000,2500
2410,73946.046689653,74581.132267426,634.8281673640013,10000,2500
2411,73946.046789653,74581.380904591,635.0854833689955,10000,2500
2412,73946.04688965301,74581.609305316,635.3340211449977,10000,2500
2413,73946.046989653,74581.835594064,635.5623211040074,10000,2500
2414,73946.047089653,74582.086079809,635.7885102010041,10000,2500
2415,73946.047189653,74582.299928108,636.0389008019993,10000,2500
2416,73946.047289653,74582.536531625,636.2526453830069,10000,2500
2417,73946.047389653,74582.822910326,636.4891479259968,10000,2500
2418,73946.047489653,74583.151506972,636.7754362389969,10000,2500
2419,73946.047589653,74583.399331322,637.1039240590035,10000,2500
2420,73946.047689653,74583.600103888,637.3516477230005,10000,2500
2421,73946.047789653,74583.814904952,637.5523200359894,10000,2500
2422,73946.047889653,74584.022112598,637.7670208540076,10000,2500
2423,73946.047989653,74584.233931822,637.974134418997,10000,2500
2424,73946.048089653,74584.468746612,638.185847596993,10000,2500
2425,73946.048189653,74584.67949324,638.4205622650043,10000,2500
2426,73946.048289653,74585.009588702,638.6312115299952,10000,2500
2427,73946.048389653,74585.233612272,638.9612126509892,10000,2500
2428,73946.04848965301,74585.510852778,639.1851285189914,10000,2500
2429,73946.048589653,74585.751094615,639.462276271006,10000,2500
2430,73946.048689653,74586.163813868,639.7024109499907,10000,2500
2431,73946.04878965301,74586.51129572,640.1150299689907,10000,2500
2432,73946.048889653,74586.750690809,640.4624205559958,10000,2500
2433,73946.048989653,74586.972315979,640.7017070009897,10000,2500
2434,73946.04908965301,74587.194360568,640.923231963985,10000,2500
2435,73946.049189653,74587.430061176,641.1451831820013,10000,2500
2436,73946.049289653,74587.700757821,641.3807778310002,10000,2500
2437,73946.04938965301,74587.908261857,641.6513739589864,10000,2500
2438,73946.049489653,74588.14024371,641.8587783190014,10000,2500
2439,73946.049589653,74588.3546626,642.0906596849964,10000,2500
2440,73946.04968965301,74588.585747985,642.3049790299847,10000,2500
2441,73946.049789653,74588.808779279,642.5359643700067,10000,2500
2442,73946.049889653,74589.023518815,642.7588954309904,10000,2500
2443,73946.04998965301,74589.276484549,642.9735353779979,10000,2500
2444,73946.050089653,74589.504210391,643.2264003589953,10000,2500
2445,73946.050189653,74589.859530021,643.4540267989942,10000,2500
2446,73946.05028965301,74590.079965823,643.809245855984,10000,2500
2447,73946.050389653,74590.454852305,644.0295827490045,10000,2500
2448,73946.050489653,74590.667569421,644.4043683859927,10000,2500
2449,73946.05058965301,74590.873874362,644.6169974479853,10000,2500
2450,73946.050689653,74591.135312188,644.8231903060077,10000,2500
2451,73946.050789653,74591.388123644,645.084528759995,10000,2500
2452,73946.05088965301,74591.648518679,645.3372399729851,10000,2500
2453,73946.050989653,74592.177704358,645.5975350259978,10000,2500
2454,73946.051089653,74592.403089269,646.1266274090012,10000,2500
2455,73946.05118965301,74592.723828576,646.3519147789921,10000,2500
2456,73946.051289653,74592.974721196,646.6725445010088,10000,2500
2457,73946.051389653,74593.191310146,646.9233376679913,10000,2500
2458,73946.05148965301,74593.402225722,647.139826625993,10000,2500
2459,73946.051589653,74593.665783703,647.3506416279997,10000,2500
2460,73946.051689653,74593.876436099,647.6140996479953,10000,2500
2461,73946.05178965301,74594.113353715,647.8246523609996,10000,2500
2462,73946.051889653,74594.369744485,648.0614697970013,10000,2500
2463,73946.051989653,74594.614296364,648.3177605550009,10000,2500
2464,73946.052089653,74594.823573593,648.5622126099915,10000,2500
2465,73946.052189653,74595.120608837,648.771389896996,10000,2500
2466,73946.052289653,74595.357351381,649.0683249180001,10000,2500
2467,73946.052389653,74595.617449893,649.3049676129885,10000,2500
2468,73946.052489653,74595.824139406,649.5649662610085,10000,2500
2469,73946.052589653,74596.063070231,649.7715557079937,10000,2500
2470,73946.052689653,74596.272731599,650.0103966319875,10000,2500
2471,73946.052789653,74596.525335924,650.2199478890107,10000,2500
2472,73946.052889653,74596.792229462,650.4724520449963,10000,2500
2473,73946.052989653,74597.018231425,650.7392455429945,10000,2500
2474,73946.053089653,74597.424542767,650.9651562479994,10000,2500
2475,73946.053189653,74597.637747405,651.3713678740023,10000,2500
2476,73946.053289653,74597.85742582,651.5844653329987,10000,2500
2477,73946.05338965301,74598.104406166,651.8040419609897,10000,2500
2478,73946.053489653,74598.328864368,652.0509288449975,10000,2500
2479,73946.053589653,74598.622797048,652.2752873299905,10000,2500
2480,73946.05368965301,74598.84545493,652.5691131049825,10000,2500
2481,73946.053789653,74599.21957773,652.7916749599972,10000,2500
2482,73946.053889653,74599.472313982,653.1656942879927,10000,2500
2483,73946.05398965301,74599.695576705,653.4183299589931,10000,2500
2484,73946.054089653,74599.989416634,653.6415005650051,10000,2500
2485,73946.054189653,74600.254496378,653.9352400529897,10000,2500
2486,73946.05428965301,74600.540535366,654.2002123729908,10000,2500
2487,73946.054389653,74600.76902231,654.4861583750026,10000,2500
2488,73946.054489653,74601.03540303,654.7145383839961,10000,2500
2489,73946.05458965301,74601.255785452,654.9808192899945,10000,2500
2490,73946.054689653,74601.550085362,655.201109970003,10000,2500
2491,73946.054789653,74601.836457273,655.4953021239926,10000,2500
2492,73946.05488965301,74602.100365303,655.7815731209848,10000,2500
2493,73946.054989653,74602.338298053,656.0453811729967,10000,2500
2494,73946.055089653,74602.636916622,656.2832208749896,10000,2500
2495,73946.05518965301,74602.855353088,656.5817326069955,10000,2500
2496,73946.055289653,74603.188141613,656.8000697160023,10000,2500
2497,73946.055389653,74603.44339284,657.132757978994,10000,2500
2498,73946.05548965301,74603.678683077,657.3879089289985,10000,2500
2499,73946.055589653,74603.917899248,657.623106494997,10000,2500
2500,73946.055689653,74604.296398452,657.8622455150035,10000,2500
2501,73946.05578965301,74604.601113558,658.240614697992,10000,2500
2502,73946.055889653,74604.823021038,658.5452299970057,10000,2500
2503,73946.055989653,74605.130402331,658.7670370529959,10000,2500
2504,73946.05608965301,74605.374707724,659.0743262859905,10000,2500
2505,73946.056189653,74605.61829016,659.3185241350002,10000,2500
2506,73946.056289653,74605.878545637,659.5620084789989,10000,2500
2507,73946.05638965301,74606.203573705,659.8221616539959,10000,2500
2508,73946.056489653,74606.429137353,660.1470899709966,10000,2500
2509,73946.056589653,74606.75933688,660.3725533569959,10000,2500
2510,73946.056689653,74606.979141074,660.7026529169962,10000,2500
2511,73946.056789653,74607.239015687,660.9223640880082,10000,2500
2512,73946.056889653,74607.486008268,661.1821323350014,10000,2500
2513,73946.056989653,74607.703828747,661.4290243109863,10000,2500
2514,73946.057089653,74607.936417944,661.6467521770101,10000,2500
2515,73946.057189653,74608.142159757,661.8792344450048,10000,2500
2516,73946.057289653,74608.350242972,662.0848846019944,10000,2500
2517,73946.057389653,74608.716484288,662.2928592219978,10000,2500
2518,73946.057489653,74608.955043581,662.6590005920007,10000,2500
2519,73946.057589653,74609.404205129,662.8974596199987,10000,2500
2520,73946.057689653,74609.62001204,663.346521473999,10000,2500
2521,73946.057789653,74609.85672763,663.5622284209967,10000,2500
2522,73946.057889653,74610.064157382,663.7988515899924,10000,2500
2523,73946.057989653,74610.341490572,664.0061746220017,10000,2500
2524,73946.058089653,74610.581339749,664.2834067299991,10000,2500
2525,73946.058189653,74610.814897758,664.5231616419915,10000,2500
2526,73946.05828965301,74611.086162246,664.7566288059897,10000,2500
2527,73946.058389653,74611.323714838,665.0277784420032,10000,2500
2528,73946.058489653,74611.556314699,665.2652315869927,10000,2500
2529,73946.05858965301,74611.999128139,665.4977308449888,10000,2500
2530,73946.058689653,74612.213426911,665.940444317006,10000,2500
2531,73946.058789653,74612.461446754,666.1546433990006,10000,2500
2532,73946.05888965301,74612.722156591,666.4025626599905,10000,2500
2533,73946.058989653,74613.057704666,666.6631821439951,10000,2500
2534,73946.059089653,74613.272940749,666.9986209089984,10000,2500
2535,73946.05918965301,74613.506158226,667.2137570279883,10000,2500
2536,73946.059289653,74613.726461341,667.4468744990008,10000,2500
2537,73946.059389653,74613.934503685,667.6670777089894,10000,2500
2538,73946.05948965301,74614.149642957,667.8750204009848,10000,2500
2539,73946.059589653,74614.357281227,668.0900590340025,10000,2500
2540,73946.059689653,74614.630654985,668.2975972799904,10000,2500
2541,73946.05978965301,74614.890739129,668.5708777529944,10000,2500
2542,73946.059889653,74615.215152192,668.8308554660034,10000,2500
2543,73946.059989653,74615.42839652,669.1551683819998,10000,2500
2544,73946.06008965301,74615.780254691,669.3683124179952,10000,2500
2545,73946.060189653,74616.004587171,669.720078422004,10000,2500
2546,73946.060289653,74616.28646216,669.9443103779922,10000,2500
2547,73946.06038965301,74616.511244205,670.2260784989921,10000,2500
2548,73946.060489653,74616.770974652,670.4507680280076,10000,2500
2549,73946.060589653,74617.013280269,670.710390726992,10000,2500
2550,73946.06068965301,74617.315302956,670.9525965219946,10000,2500
2551,73946.060789653,74617.606136502,671.2545192329999,10000,2500
2552,73946.060889653,74617.836486512,671.5452525019937,10000,2500
2553,73946.06098965301,74618.114187587,671.775511490996,10000,2500
2554,73946.061089653,74618.355205766,672.0531034519954,10000,2500
2555,73946.061189653,74618.582203813,672.2940220360033,10000,2500
2556,73946.06128965301,74618.791337316,672.5209196499927,10000,2500
2557,73946.061389653,74619.030387661,672.7299545499991,10000,2500
2558,73946.061489653,74619.386910163,672.9689038389915,10000,2500
2559,73946.061589653,74619.639150898,673.3253341679956,10000,2500
2560,73946.061689653,74619.85463132,673.5774670399987,10000,2500
2561,73946.061789653,74620.064450368,673.7928553669917,10000,2500
2562,73946.061889653,74620.312548314,674.002573862992,10000,2500
2563,73946.061989653,74620.53466951,674.2505644369958,10000,2500
2564,73946.062089653,74620.750895705,674.4725859739992,10000,2500
2565,73946.062189653,74620.998465313,674.6887178079924,10000,2500
2566,73946.062289653,74621.355907887,674.9361810010014,10000,2500
2567,73946.062389653,74621.641346894,675.2935241550003,10000,2500
2568,73946.062489653,74621.879406104,675.5788628779992,10000,2500
2569,73946.062589653,74622.111284427,675.8168222800014,10000,2500
2570,73946.062689653,74622.39751632,676.0486001370009,10000,2500
2571,73946.062789653,74622.633751084,676.3347618749976,10000,2500
2572,73946.062889653,74622.936273421,676.5708738829999,10000,2500
2573,73946.062989653,74623.155091752,676.8732892020053,10000,2500
2574,73946.063089653,74623.480189087,677.092015643997,10000,2500
2575,73946.06318965301,74623.687703197,677.4170052539848,10000,2500
2576,73946.063289653,74624.04280322,677.6244280669926,10000,2500
2577,73946.063389653,74624.431829034,677.9794270379934,10000,2500
2578,73946.06348965301,74624.655288297,678.3683454649872,10000,2500
2579,73946.063589653,74624.885053579,678.5917046620016,10000,2500
2580,73946.063689653,74625.095444664,678.8213700119959,10000,2500
2581,73946.06378965301,74625.328357141,679.0316607029963,10000,2500
2582,73946.063889653,74625.539343093,679.264480961996,10000,2500
2583,73946.063989653,74625.785282468,679.475359819,10000,2500
2584,73946.06408965301,74626.207366289,679.7212056069839,10000,2500
2585,73946.064189653,74626.419856266,680.1431892669934,10000,2500
2586,73946.064289653,74626.640218461,680.3555725490005,10000,2500
2587,73946.06438965301,74626.888011257,680.5758350329852,10000,2500
2588,73946.064489653,74627.195443297,680.8235442120058,10000,2500
2589,73946.064589653,74627.443244451,681.1308599339973,10000,2500
2590,73946.06468965301,74627.651257028,681.3785605719895,10000,2500
2591,73946.064789653,74627.923880796,681.586480345999,10000,2500
2592,73946.064889653,74628.157298459,681.8589965529973,10000,2500
2593,73946.06498965301,74628.454182332,682.0923229909968,10000,2500
2594,73946.065089653,74628.722649478,682.3890981650038,10000,2500
2595,73946.065189653,74628.938195169,682.6574722739897,10000,2500
2596,73946.06528965301,74629.165481583,682.8729111529974,10000,2500
2597,73946.065389653,74629.384212421,683.1001050140039,10000,2500
2598,73946.065489653,74629.679826811,683.31873163399,10000,2500
2599,73946.06558965301,74629.93838461,683.614245284989,10000,2500
2600,73946.065689653,74630.199533939,683.8727121800039,10000,2500
2601,73946.065789653,74630.425614826,684.1337572269986,10000,2500
2602,73946.06588965301,74630.63646793,684.3597313429927,10000,2500
2603,73946.065989653,74630.891528967,684.5704910310014,10000,2500
2604,73946.066089653,74631.098392968,684.8254451309913,10000,2500
2605,73946.06618965301,74631.299110041,685.0322090419941,10000,2500
2606,73946.066289653,74631.692316254,685.2328289880097,10000,2500
2607,73946.066389653,74631.919249505,685.6259424680029,10000,2500
2608,73946.066489653,74632.129911116,685.852765847987,10000,2500
2609,73946.066589653,74632.367670904,686.0633271490078,10000,2500
2610,73946.066689653,74632.585320183,686.3009867929941,10000,2500
2611,73946.066789653,74632.834921902,686.5185367599915,10000,2500
2612,73946.066889653,74633.057249036,686.7680384679988,10000,2500
2613,73946.066989653,74633.28519869,686.9902653780009,10000,2500
2614,73946.067089653,74633.516408,687.218120829988,10000,2500
2615,73946.067189653,74633.725588942,687.4492240440013,10000,2500
2616,73946.067289653,74633.997059666,687.6583049079927,10000,2500
2617,73946.067389653,74634.319858317,687.9296837169968,10000,2500
2618,73946.067489653,74634.690144794,688.2523745040089,10000,2500
2619,73946.067589653,74634.968034045,688.6225691069994,10000,2500
2620,73946.067689653,74635.216755793,688.9003502119886,10000,2500
2621,73946.06778965301,74635.551351995,689.1489791639906,10000,2500
2622,73946.067889653,74635.835396933,689.4834683679946,10000,2500
2623,73946.067989653,74636.149377421,689.7674129099905,10000,2500
2624,73946.06808965301,74636.424350712,690.0813016589964,10000,2500
2625,73946.068189653,74636.671543552,690.3561743890023,10000,2500
2626,73946.068289653,74637.061344444,690.603266391001,10000,2500
2627,73946.06838965301,74637.31204019,690.9929610839899,10000,2500
2628,73946.068489653,74637.536747693,691.2435569569934,10000,2500
2629,73946.068589653,74637.819226435,691.4681638569891,10000,2500
2630,73946.06868965301,74638.034580826,691.7505510539922,10000,2500
2631,73946.068789653,74638.271594132,691.965797013996,10000,2500
2632,73946.068889653,74638.63106626,692.2027125159948,10000,2500
2633,73946.06898965301,74638.848464525,692.5620897299959,10000,2500
2634,73946.069089653,74639.075015272,692.7793805539986,10000,2500
2635,73946.069189653,74639.281721045,693.0058322419936,10000,2500
2636,73946.06928965301,74639.515505499,693.2124379049928,10000,2500
2637,73946.069389653,74639.725528988,693.446121615998,10000,2500
2638,73946.069489653,74640.015606219,693.6560535390017,10000,2500
2639,73946.06958965301,74640.341583036,693.9460314629978,10000,2500
2640,73946.069689653,74640.597800702,694.2719042170065,10000,2500
2641,73946.069789653,74640.840257911,694.5280169759935,10000,2500
2642,73946.06988965301,74641.143265154,694.7703805769852,10000,2500
2643,73946.069989653,74641.393456,695.0732811860071,10000,2500
2644,73946.070089653,74641.607890404,695.3233720080025,10000,2500
2645,73946.07018965301,74641.833675042,695.537706181989,10000,2500
2646,73946.070289653,74642.073991174,695.7634020569967,10000,2500
2647,73946.070389653,74642.313884813,696.0036075709941,10000,2500
2648,73946.07048965301,74642.524454819,696.2434020589862,10000,2500
2649,73946.070589653,74642.797732023,696.4538712070062,10000,2500
2650,73946.070689653,74643.009848127,696.7270483579923,10000,2500
2651,73946.07078965301,74643.219199168,696.9390715519985,10000,2500
2652,73946.070889653,74643.473561917,697.1483155659953,10000,2500
2653,73946.070989653,74643.7142248,697.4025782800018,10000,2500
2654,73946.071089653,74643.930952164,697.643141070992,10000,2500
2655,73946.071189653,74644.158982958,697.8597761870042,10000,2500
2656,73946.071289653,74644.371204077,698.0876992239937,10000,2500
2657,73946.071389653,74644.622670194,698.2998270319949,10000,2500
2658,73946.071489653,74645.051610054,698.5511928199994,10000,2500
2659,73946.071589653,74645.269370185,698.9800333269959,10000,2500
2660,73946.071689653,74645.486387249,699.1976947029907,10000,2500
2661,73946.071789653,74645.735358649,699.4146035140002,10000,2500
2662,73946.071889653,74645.938398444,699.6634752009995,10000,2500
2663,73946.071989653,74646.153745778,699.8664160849876,10000,2500
2664,73946.072089653,74646.513746124,700.0816619039979,10000,2500
2665,73946.072189653,74646.856231822,700.4415626809932,10000,2500
2666,73946.072289653,74647.094447852,700.7839479529939,10000,2500
2667,73946.072389653,74647.435570499,701.0220639780018,10000,2500
2668,73946.072489653,74647.661909834,701.3630863019935,10000,2500
2669,73946.072589653,74648.048063416,701.5893267109932,10000,2500
2670,73946.07268965301,74648.257378234,701.9753794709832,10000,2500
2671,73946.072789653,74648.528574852,702.1845943869994,10000,2500
2672,73946.072889653,74648.77714427,702.4556973659928,10000,2500
2673,73946.07298965301,74649.006131063,702.7041605179838,10000,2500
2674,73946.073089653,74649.224146238,702.9330484209931,10000,2500
2675,73946.073189653,74649.499847043,703.1509622229933,10000,2500
2676,73946.07328965301,74649.726394643,703.4265711129847,10000,2500
2677,73946.073389653,74650.012728926,703.653011079994,10000,2500
2678,73946.073489653,74650.240783046,703.9392527269956,10000,2500
2679,73946.07358965301,74650.609257166,704.1671996899968,10000,2500
2680,73946.073689653,74650.869277047,704.5355737119971,10000,2500
2681,73946.073789653,74651.117059724,704.7954930519918,10000,2500
2682,73946.07388965301,74651.378612804,705.0431758279883,10000,2500
2683,73946.073989653,74651.633708583,705.3046292280051,10000,2500
2684,73946.074089653,74651.924657215,705.5596249590017,10000,2500
2685,73946.07418965301,74652.135449293,705.8504808049911,10000,2500
2686,73946.074289653,74652.488159645,706.0611655310058,10000,2500
2687,73946.074389653,74652.696738099,706.4137814449932,10000,2500
2688,73946.07448965301,74652.938496658,706.622254514994,10000,2500
2689,73946.074589653,74653.16170708,706.8639132149983,10000,2500
2690,73946.074689653,74653.382194921,707.0870310949977,10000,2500
2691,73946.07478965301,74653.631881495,707.307411124988,10000,2500
2692,73946.074889653,74653.849014378,707.5570053990086,10000,2500
2693,73946.074989653,74654.096801642,707.7740641319979,10000,2500
2694,73946.07508965301,74654.450752317,708.0217243779916,10000,2500
2695,73946.075189653,74654.795213137,708.3755777699989,10000,2500
2696,73946.075289653,74655.001931804,708.7199295049941,10000,2500
2697,73946.07538965301,74655.294063796,708.926555064987,10000,2500
2698,73946.075489653,74655.519903326,709.2185800900043,10000,2500
2699,73946.075589653,74655.772150959,709.4443194039923,10000,2500
2700,73946.07568965301,74656.078190033,709.6964801779977,10000,2500
2701,73946.075789653,74656.290162951,710.0024064530007,10000,2500
2702,73946.075889653,74656.578538414,710.2142798999994,10000,2500
2703,73946.075989653,74656.803923435,710.5025624399859,10000,2500
2704,73946.076089653,74657.059191781,710.727846378999,10000,2500
2705,73946.076189653,74657.322418549,710.983008145995,10000,2500
2706,73946.076289653,74657.580114361,711.2461347889912,10000,2500
2707,73946.076389653,74657.796627325,711.5037422650057,10000,2500
2708,73946.076489653,74657.998667506,711.7201435129973,10000,2500
2709,73946.076589653,74658.221065794,711.922094552996,10000,2500
2710,73946.076689653,74658.479450771,712.1443817609979,10000,2500
2711,73946.076789653,74658.813621511,712.4026745970041,10000,2500
2712,73946.076889653,74659.056533451,712.7367439039954,10000,2500
2713,73946.076989653,74659.279066125,712.9795492520061,10000,2500
2714,73946.077089653,74659.537547893,713.2019820309943,10000,2500
2715,73946.077189653,74659.883171706,713.4603636479878,10000,2500
2716,73946.077289653,74660.188698236,713.8058881790057,10000,2500
2717,73946.077389653,74660.487835911,714.1113146230055,10000,2500
2718,73946.077489653,74660.748132476,714.4103552809975,10000,2500
2719,73946.07758965301,74660.958925019,714.6705486029969,10000,2500
2720,73946.077689653,74661.217848346,714.8812537670019,10000,2500
2721,73946.077789653,74661.518144559,715.140064651001,10000,2500
2722,73946.07788965301,74661.739179205,715.4402609579847,10000,2500
2723,73946.077989653,74661.994560174,715.6611951240047,10000,2500
2724,73946.078089653,74662.261011048,715.9164834619878,10000,2500
2725,73946.07818965301,74662.505343822,716.1828379949875,10000,2500
2726,73946.078289653,74662.793089015,716.4270600390009,10000,2500
2727,73946.078389653,74663.030881531,716.7147048719926,10000,2500
2728,73946.07848965301,74663.370769445,716.9523972369934,10000,2500
2729,73946.078589653,74663.57989958,717.2921857170004,10000,2500
2730,73946.078689653,74663.792145837,717.5012225620012,10000,2500
2731,73946.07878965301,74664.216381385,717.7133617769869,10000,2500
2732,73946.078889653,74664.642022967,718.1375044540036,10000,2500
2733,73946.078989653,74664.925502998,718.5630455380015,10000,2500
2734,73946.07908965301,74665.138414605,718.8464273429854,10000,2500
2735,73946.079189653,74665.426380347,719.0592309579952,10000,2500
2736,73946.079289653,74665.779758868,719.3470967259927,10000,2500
2737,73946.07938965301,74666.027873235,719.7003750119911,10000,2500
2738,73946.079489653,74666.286550187,719.9483964859974,10000,2500
2739,73946.079589653,74666.573469846,720.2069736139965,10000,2500
2740,73946.07968965301,74666.805263471,720.4937859299971,10000,2500
2741,73946.079789653,74667.053826021,720.7254810430022,10000,2500
2742,73946.079889653,74667.263003463,720.9739420730039,10000,2500
2743,73946.07998965301,74667.542677133,721.1830198349926,10000,2500
2744,73946.080089653,74667.749421614,721.4625930990005,10000,2500
2745,73946.080189653,74667.955440028,721.669237679991,10000,2500
2746,73946.08028965301,74668.172379697,721.8751622179989,10000,2500
2747,73946.080389653,74668.416674853,722.0919957160077,10000,2500
2748,73946.080489653,74668.746872834,722.3361912239925,10000,2500
2749,73946.08058965301,74668.977044395,722.666293243994,10000,2500
2750,73946.080689653,74669.183504595,722.8963607379992,10000,2500
2751,73946.080789653,74669.415503627,723.1027209299937,10000,2500
2752,73946.080889653,74669.685702681,723.3346215469937,10000,2500
2753,73946.080989653,74669.902172962,723.6047186869982,10000,2500
2754,73946.081089653,74670.176413279,723.8210891640047,10000,2500
2755,73946.081189653,74670.392923901,724.0952383679978,10000,2500
2756,73946.081289653,74670.614103648,724.3116470789973,10000,2500
2757,73946.081389653,74670.82231187,724.5327263630024,10000,2500
2758,73946.081489653,74671.057495078,724.7408369839977,10000,2500
2759,73946.081589653,74671.309713305,724.9759109070001,10000,2500
2760,73946.081689653,74671.529838085,725.2280364500039,10000,2500
2761,73946.081789653,74671.979479754,725.4480607219884,10000,2500
2762,73946.081889653,74672.310875877,725.8976035079977,10000,2500
2763,73946.081989653,74672.616443413,726.2289002969919,10000,2500
2764,73946.082089653,74672.849362044,726.5343597539904,10000,2500
2765,73946.08218965301,74673.081770328,726.7671795179922,10000,2500
2766,73946.082289653,74673.298348505,726.9994877849967,10000,2500
2767,73946.082389653,74673.607791355,727.2159644049971,10000,2500
2768,73946.08248965301,74673.8656128,727.5253073119966,10000,2500
2769,73946.082589653,74674.216752883,727.7830290919956,10000,2500
2770,73946.082689653,74674.443994325,728.1340699110006,10000,2500
2771,73946.08278965301,74674.68213235,728.3612101549952,10000,2500
2772,73946.082889653,74674.903018552,728.5992486769974,10000,2500
2773,73946.082989653,74675.318396309,728.8200399199995,10000,2500
2774,73946.08308965301,74675.599173494,729.2353123389912,10000,2500
2775,73946.083189653,74675.972600636,729.5159894420067,10000,2500
2776,73946.083289653,74676.254741649,729.8893241179903,10000,2500
2777,73946.08338965301,74676.507512439,730.171358460997,10000,2500
2778,73946.083489653,74676.717215388,730.4240287360008,10000,2500
2779,73946.083589653,74676.940669535,730.6336316230008,10000,2500
2780,73946.08368965301,74677.210199892,730.8569869409839,10000,2500
2781,73946.083789653,74677.646178834,731.1264159690036,10000,2500
2782,73946.083889653,74678.080129628,731.5622956259904,10000,2500
2783,73946.08398965301,74678.300975613,731.9961457589961,10000,2500
2784,73946.084089653,74678.652375532,732.2169023239985,10000,2500
2785,73946.084189653,74678.873602797,732.5681917939946,10000,2500
2786,73946.08428965301,74679.273364704,732.7893189439928,10000,2500
2787,73946.084389653,74679.500360044,733.1889807719999,10000,2500
2788,73946.084489653,74679.717376932,733.4158759239945,10000,2500
2789,73946.08458965301,74679.981355579,733.632792725999,10000,2500
2790,73946.084689653,74680.257937858,733.8966780330084,10000,2500
2791,73946.084789653,74680.500430173,734.1731617350015,10000,2500
2792,73946.08488965301,74680.752415399,734.4155461779883,10000,2500
2793,73946.084989653,74680.967582017,734.6674314770062,10000,2500
2794,73946.085089653,74681.201126201,734.8825069759914,10000,2500
2795,73946.08518965301,74681.433795507,735.1159493549931,10000,2500
2796,73946.085289653,74681.65749044,735.3485114470095,10000,2500
2797,73946.085389653,74681.949613945,735.5721117249923,10000,2500
2798,73946.085489653,74682.313735117,735.8641299969895,10000,2500
2799,73946.085589653,74682.519789529,736.228151193005,10000,2500
2800,73946.085689653,74682.828532236,736.4341319550003,10000,2500
2801,73946.085789653,74683.043190135,736.7427481909981,10000,2500
2802,73946.085889653,74683.25890411,736.9573145760078,10000,2500
2803,73946.085989653,74683.472267466,737.1729201330018,10000,2500
2804,73946.086089653,74683.694712327,737.3861912119901,10000,2500
2805,73946.086189653,74683.90897678,737.6085281420092,10000,2500
2806,73946.086289653,74684.165730701,737.8226928850054,10000,2500
2807,73946.086389653,74684.374289642,738.0793561929895,10000,2500
2808,73946.086489653,74684.597177988,738.2878120680107,10000,2500
2809,73946.086589653,74684.938555397,738.5106020859967,10000,2500
2810,73946.086689653,74685.200952139,738.8518835469877,10000,2500
2811,73946.086789653,74685.456615194,739.1141683710011,10000,2500
2812,73946.086889653,74685.704814503,739.3697389720037,10000,2500
2813,73946.086989653,74685.930129026,739.6178305099893,10000,2500
2814,73946.08708965301,74686.212234991,739.8430452709872,10000,2500
2815,73946.087189653,74686.463925939,740.1250920169987,10000,2500
2816,73946.087289653,74686.697202006,740.3766461099876,10000,2500
2817,73946.08738965301,74687.009562084,740.6098196489911,10000,2500
2818,73946.087489653,74687.247227718,740.9220782259945,10000,2500
2819,73946.087589653,74687.500624491,741.1596449229983,10000,2500
2820,73946.08768965301,74687.793468791,741.4129403559928,10000,2500
2821,73946.087789653,74688.037213782,741.705689000999,10000,2500
2822,73946.087889653,74688.346636016,741.9493294829881,10000,2500
2823,73946.08798965301,74688.604340372,742.2586524409853,10000,2500
2824,73946.088089653,74688.827635809,742.516257640993,10000,2500
2825,73946.088189653,74689.186194849,742.739451713991,10000,2500
2826,73946.08828965301,74689.409387112,743.0979110839835,10000,2500
2827,73946.088389653,74689.795298198,743.3210030860064,10000,2500
2828,73946.088489653,74690.00894495,743.7068144299992,10000,2500
2829,73946.08858965301,74690.32057041,743.9203612979909,10000,2500
2830,73946.088689653,74690.642744284,744.2318866470014,10000,2500
2831,73946.088789653,74690.896259152,744.5539605599915,10000,2500
2832,73946.08888965301,74691.163582368,744.8073753519857,10000,2500
2833,73946.088989653,74691.383461562,745.0746063950064,10000,2500
2834,73946.089089653,74691.624326956,745.2943778719928,10000,2500
2835,73946.08918965301,74691.838826378,745.535143162997,10000,2500
2836,73946.089289653,74692.116843461,745.7495424530061,10000,2500
2837,73946.089389653,74692.367134343,746.0274595480005,10000,2500
2838,73946.08948965301,74692.59761136,746.2776561269857,10000,2500
2839,73946.089589653,74692.836919779,746.5080275229993,10000,2500
2840,73946.089689653,74693.117284645,746.7472360160027,10000,2500
2841,73946.08978965301,74693.333245064,747.0275106749905,10000,2500
2842,73946.089889653,74693.542020852,747.2433613309986,10000,2500
2843,73946.089989653,74693.832198135,747.4520369469974,10000,2500
2844,73946.09008965301,74694.245277634,747.7421222549892,10000,2500
2845,73946.090189653,74694.468903437,748.1550939680019,10000,2500
2846,73946.090289653,74694.692033868,748.3786203939962,10000,2500
2847,73946.090389653,74695.024745207,748.601649876,10000,2500
2848,73946.090489653,74695.261334242,748.9342677539971,10000,2500
2849,73946.090589653,74695.50538182,749.1707566929981,10000,2500
2850,73946.090689653,74695.716838253,749.4146977369965,10000,2500
2851,73946.090789653,74695.935198505,749.6260609320016,10000,2500
2852,73946.090889653,74696.177528103,749.8443145299971,10000,2500
2853,73946.090989653,74696.386375913,750.0865522609965,10000,2500
2854,73946.091089653,74696.61211305,750.2952930699976,10000,2500
2855,73946.091189653,74696.861484986,750.5209289299964,10000,2500
2856,73946.091289653,74697.14735584,750.7702014489914,10000,2500
2857,73946.091389653,74697.369836226,751.0559725799976,10000,2500
2858,73946.091489653,74697.635162364,751.2783526410058,10000,2500
2859,73946.091589653,74697.895176062,751.5435786939925,10000,2500
2860,73946.091689653,74698.179113172,751.8035000719974,10000,2500
2861,73946.091789653,74698.413755254,752.087329558999,10000,2500
2862,73946.091889653,74698.667469286,752.3218718719872,10000,2500
2863,73946.09198965301,74698.872663109,752.5754854059924,10000,2500
2864,73946.092089653,74699.124698377,752.7805795239983,10000,2500
2865,73946.092189653,74699.372500035,753.0325188379938,10000,2500
2866,73946.09228965301,74699.591808056,753.2802161159925,10000,2500
2867,73946.092389653,74699.852568269,753.4994246709975,10000,2500
2868,73946.092489653,74700.128676575,753.7600849890005,10000,2500
2869,73946.09258965301,74700.336158814,754.0360926679859,10000,2500
2870,73946.092689653,74700.54984798,754.2434749660024,10000,2500
2871,73946.092789653,74700.758969353,754.4570733299915,10000,2500
2872,73946.09288965301,74700.986051673,754.6660852009954,10000,2500
2873,73946.092989653,74701.235658028,754.8930676510063,10000,2500
2874,73946.093089653,74701.476578463,755.1425846779894,10000,2500
2875,73946.09318965301,74701.798426469,755.3833963089855,10000,2500
2876,73946.093289653,74702.015823243,755.705149165995,10000,2500
2877,73946.093389653,74702.225165164,755.9224463229912,10000,2500
2878,73946.09348965301,74702.433592857,756.1316894679912,10000,2500
2879,73946.093589653,74702.704109815,756.3400090000068,10000,2500
2880,73946.093689653,74702.984885946,756.6104261739965,10000,2500
2881,73946.09378965301,74703.248193551,756.8911022969842,10000,2500
2882,73946.093889653,74703.544306537,757.1543101870047,10000,2500
2883,73946.093989653,74703.760074836,757.4503230269911,10000,2500
2884,73946.09408965301,74704.003430951,757.6659914829943,10000,2500
2885,73946.094189653,74704.258773403,757.9092548710032,10000,2500
2886,73946.094289653,74704.492031508,758.1644968609908,10000,2500
2887,73946.09438965301,74704.715344886,758.3976556499983,10000,2500
2888,73946.094489653,74704.941164941,758.6208618179953,10000,2500
2889,73946.094589653,74705.282058644,758.846588430999,10000,2500
2890,73946.09468965301,74705.528275224,759.1873817579908,10000,2500
2891,73946.094789653,74705.846935189,759.4334981209977,10000,2500
2892,73946.094889653,74706.069702522,759.7520517959929,10000,2500
2893,73946.09498965301,74706.315725891,759.9747187029861,10000,2500
2894,73946.095089653,74706.543865914,760.2206485729985,10000,2500
2895,73946.095189653,74706.797731734,760.4486824929918,10000,2500
2896,73946.095289653,74707.026780177,760.7024542959989,10000,2500
2897,73946.095389653,74707.273912485,760.931404397008,10000,2500
2898,73946.095489653,74707.659346844,761.1784290880023,10000,2500
2899,73946.095589653,74707.86918576,761.5637629959965,10000,2500
2900,73946.095689653,74708.074817956,761.7735138490098,10000,2500
2901,73946.095789653,74708.279058542,761.9790403529914,10000,2500
2902,73946.095889653,74708.580043734,762.1831745559903,10000,2500
2903,73946.095989653,74708.786971206,762.484067819998,10000,2500
2904,73946.096089653,74709.003133182,762.6908873219945,10000,2500
2905,73946.096189653,74709.218305083,762.9069488129899,10000,2500
2906,73946.096289653,74709.458516682,763.1220211920008,10000,2500
2907,73946.096389653,74709.880627398,763.3621404339938,10000,2500
2908,73946.096489653,74710.182216612,763.7841435890005,10000,2500
2909,73946.09658965301,74710.464096953,764.0856416899915,10000,2500
2910,73946.096689653,74710.723637146,764.3674135699985,10000,2500
2911,73946.096789653,74710.992798869,764.6268534809933,10000,2500
2912,73946.09688965301,74711.273207223,764.895922021984,10000,2500
2913,73946.096989653,74711.514640841,765.1762321249989,10000,2500
2914,73946.097089653,74711.763033225,765.4175638820016,10000,2500
2915,73946.09718965301,74711.996168475,765.6658493859868,10000,2500
2916,73946.097289653,74712.293070783,765.8988913950016,10000,2500
2917,73946.097389653,74712.535513915,766.1956867489935,10000,2500
2918,73946.09748965301,74712.749426606,766.4380295929877,10000,2500
2919,73946.097589653,74713.051655526,766.6518527470034,10000,2500
2920,73946.097689653,74713.274369404,766.9539716559957,10000,2500
2921,73946.09778965301,74713.515866084,767.17658587599,10000,2500
2922,73946.097889653,74713.79087358,767.417982140003,10000,2500
2923,73946.097989653,74714.10913625,767.6928924359963,10000,2500
2924,73946.09808965301,74714.388216123,768.0110524489864,10000,2500
2925,73946.098189653,74714.684203462,768.2900320570043,10000,2500
2926,73946.098289653,74714.984419635,768.585919420002,10000,2500
2927,73946.09838965301,74715.287471087,768.8860363099957,10000,2500
2928,73946.098489653,74715.495062031,769.1889870239975,10000,2500
2929,73946.098589653,74715.765229166,769.3964857999963,10000,2500
2930,73946.09868965301,74716.086044187,769.6665450679866,10000,2500
2931,73946.098789653,74716.354994633,769.9872689759941,10000,2500
2932,73946.098889653,74716.561621095,770.2561150029942,10000,2500
2933,73946.09898965301,74716.814007002,770.4626385459851,10000,2500
2934,73946.099089653,74717.291310117,770.7149248869973,10000,2500
2935,73946.099189653,74717.52595632,771.192126533002,10000,2500
2936,73946.09928965301,74717.73576375,771.426681648998,10000,2500
2937,73946.099389653,74717.984516157,771.6363897590054,10000,2500
2938,73946.099489653,74718.317898686,771.8850390320003,10000,2500
2939,73946.09958965301,74718.545074923,772.2183229799994,10000,2500
2940,73946.099689653,74718.779267422,772.4453910440061,10000,2500
2941,73946.099789653,74719.143714614,772.6794834979955,10000,2500
2942,73946.099889653,74719.361635522,773.043836257988,10000,2500
2943,73946.099989653,74719.60633779,773.2616517510032,10000,2500
2944,73946.100089653,74719.838370881,773.5062610640016,10000,2500
2945,73946.100189653,74720.108163233,773.7381953729928,10000,2500
2946,73946.100289653,74720.324416344,774.0078797199967,10000,2500
2947,73946.100389653,74720.811316679,774.224039875,10000,2500
2948,73946.100489653,74721.034186394,774.7108326509915,10000,2500
2949,73946.100589653,74721.277829635,774.9336027109966,10000,2500
2950,73946.100689653,74721.496907939,775.177153511002,10000,2500
2951,73946.100789653,74721.715746352,775.3961346149881,10000,2500
2952,73946.100889653,74721.959801796,775.6148626580107,10000,2500
2953,73946.100989653,74722.372973142,775.8588189139991,10000,2500
2954,73946.101089653,74722.602492776,776.2718892099947,10000,2500
2955,73946.101189653,74722.844466528,776.5013090840075,10000,2500
2956,73946.101289653,74723.052388221,776.7431832529983,10000,2500
2957,73946.101389653,74723.270325648,776.9510043329938,10000,2500
2958,73946.10148965301,74723.501693086,777.1688418459962,10000,2500
2959,73946.101589653,74723.824693144,777.4001176949969,10000,2500
2960,73946.101689653,74724.057891036,777.7230206690001,10000,2500
2961,73946.10178965301,74724.3248936,777.9561070459895,10000,2500
2962,73946.101889653,74724.603254796,778.2230099589942,10000,2500
2963,73946.101989653,74724.874448096,778.5012710989977,10000,2500
2964,73946.10208965301,74725.126224023,778.7723641719931,10000,2500
2965,73946.102189653,74725.467580647,779.0240473459999,10000,2500
2966,73946.102289653,74725.745012099,779.3653040240024,10000,2500
2967,73946.10238965301,74726.013517992,779.6426282989851,10000,2500
2968,73946.102489653,74726.217142571,779.9110347270034,10000,2500
2969,73946.102589653,74726.443469845,780.1145588729996,10000,2500
2970,73946.10268965301,74726.671628708,780.3407958719908,10000,2500
2971,73946.102789653,74726.956724944,780.5688450290036,10000,2500
2972,73946.102889653,74727.215325498,780.8538408339955,10000,2500
2973,73946.10298965301,74727.549223144,781.1123511379847,10000,2500
2974,73946.103089653,74727.781907571,781.446148226998,10000,2500
2975,73946.103189653,74728.113950184,781.6787316339905,10000,2500
2976,73946.10328965301,74728.403443316,782.010666763992,10000,2500
2977,73946.103389653,74728.623097583,782.3000669360044,10000,2500
2978,73946.103489653,74728.864692009,782.5196140909975,10000,2500
2979,73946.10358965301,74729.10377722,782.7611172009929,10000,2500
2980,73946.103689653,74729.320452424,783.0000932889961,10000,2500
2981,73946.103789653,74729.567033744,783.216668537003,10000,2500
2982,73946.10388965301,74729.77488395,783.4631502339907,10000,2500
2983,73946.103989653,74730.019573077,783.6709008180042,10000,2500
2984,73946.104089653,74730.277703615,783.9155018409947,10000,2500
2985,73946.10418965301,74730.593599434,784.1735200929979,10000,2500
2986,73946.104289653,74730.874007865,784.4893153669982,10000,2500
2987,73946.104389653,74731.109736931,784.7696240649966,10000,2500
2988,73946.10448965301,74731.400581268,785.0052529269888,10000,2500
2989,73946.104589653,74731.687252841,785.2960044750071,10000,2500
2990,73946.104689653,74731.944022113,785.5825767780043,10000,2500
2991,73946.104789653,74732.153926519,785.8392383589962,10000,2500
2992,73946.104889653,74732.442367696,786.0490432439983,10000,2500
2993,73946.104989653,74732.772940045,786.3373842239962,10000,2500
2994,73946.105089653,74733.002244103,786.6678570980002,10000,2500
2995,73946.105189653,74733.296249417,786.8970606229996,10000,2500
2996,73946.105289653,74733.532876757,787.1909660469973,10000,2500
2997,73946.105389653,74733.736387171,787.4274934679997,10000,2500
2998,73946.105489653,74733.970087829,787.6309037570027,10000,2500
2999,73946.105589653,74734.248065604,787.864504186,10000,2500
