time_s,voltage_v,raw_digitizing_level
-1.8496e-06,0.0616,77
-1.8492e-06,0.0616,77
-1.8488e-06,0.0608,76
-1.8484e-06,0.0616,77
-1.8480000000000001e-06,0.062400000000000004,78
-1.8476000000000001e-06,0.062400000000000004,78
-1.8472e-06,0.0616,77
-1.8468e-06,0.0616,77
-1.8464e-06,0.060000000000000005,75
-1.846e-06,0.062400000000000004,78
-1.8456e-06,0.0608,76
-1.8452000000000001e-06,0.0616,77
-1.8448000000000001e-06,0.0608,76
-1.8444e-06,0.0608,76
-1.844e-06,0.060000000000000005,75
-1.8436e-06,0.0616,77
-1.8432e-06,0.0608,76
-1.8428e-06,0.0616,77
-1.8424000000000001e-06,0.062400000000000004,78
-1.8420000000000001e-06,0.062400000000000004,78
-1.8416e-06,0.0616,77
-1.8412e-06,0.0616,77
-1.8408e-06,0.0616,77
-1.8404e-06,0.0608,76
-1.84e-06,0.0608,76
-1.8396000000000001e-06,0.0616,77
-1.8392000000000001e-06,0.0616,77
-1.8388e-06,0.0616,77
-1.8384e-06,0.0616,77
-1.838e-06,0.0616,77
-1.8376e-06,0.0616,77
-1.8372e-06,0.0616,77
-1.8368000000000001e-06,0.0616,77
-1.8364000000000001e-06,0.0616,77
-1.836e-06,0.0616,77
-1.8356e-06,0.0616,77
-1.8352e-06,0.062400000000000004,78
-1.8348e-06,0.0616,77
-1.8344e-06,0.0616,77
-1.8340000000000001e-06,0.0608,76
-1.8336000000000001e-06,0.0616,77
-1.8332e-06,0.0616,77
-1.8328e-06,0.0616,77
-1.8324e-06,0.062400000000000004,78
-1.832e-06,0.062400000000000004,78
-1.8316e-06,0.0616,77
-1.8312000000000001e-06,0.0616,77
-1.8308000000000001e-06,0.0616,77
-1.8304e-06,0.062400000000000004,78
-1.83e-06,0.0616,77
-1.8296e-06,0.062400000000000004,78
-1.8292e-06,0.0608,76
-1.8288e-06,0.0608,76
-1.8284000000000001e-06,0.0616,77
-1.8280000000000001e-06,0.0616,77
-1.8276e-06,0.0616,77
-1.8272e-06,0.0616,77
-1.8268e-06,0.0616,77
-1.8264e-06,0.0616,77
-1.826e-06,0.0616,77
-1.8256000000000001e-06,0.0616,77
-1.8252000000000001e-06,0.0616,77
-1.8248e-06,0.0616,77
-1.8244e-06,0.0608,76
-1.824e-06,0.0608,76
-1.8236e-06,0.0616,77
-1.8232e-06,0.0608,76
-1.8228000000000001e-06,0.0608,76
-1.8224000000000001e-06,0.0608,76
-1.822e-06,0.0608,76
-1.8216e-06,0.0616,77
-1.8212e-06,0.0616,77
-1.8208e-06,0.0616,77
-1.8204e-06,0.0616,77
-1.82e-06,0.0616,77
-1.8196000000000001e-06,0.0616,77
-1.8192e-06,0.0616,77
-1.8188e-06,0.0616,77
-1.8184e-06,0.0616,77
-1.818e-06,0.0616,77
-1.8176e-06,0.0616,77
-1.8172000000000002e-06,0.0616,77
-1.8168000000000001e-06,0.062400000000000004,78
-1.8164e-06,0.0616,77
-1.816e-06,0.0616,77
-1.8156e-06,0.0616,77
-1.8152e-06,0.0616,77
-1.8148e-06,0.0608,76
-1.8144e-06,0.0608,76
-1.8140000000000001e-06,0.0616,77
-1.8136e-06,0.0608,76
-1.8132e-06,0.0616,77
-1.8128e-06,0.0616,77
-1.8124e-06,0.0616,77
-1.812e-06,0.0616,77
-1.8116e-06,0.0616,77
-1.8112000000000001e-06,0.0616,77
-1.8108e-06,0.0616,77
-1.8104e-06,0.060000000000000005,75
-1.81e-06,0.0616,77
-1.8096e-06,0.0616,77
-1.8092e-06,0.0616,77
-1.8088e-06,0.0616,77
-1.8084000000000001e-06,0.0608,76
-1.808e-06,0.0616,77
-1.8076e-06,0.0616,77
-1.8072e-06,0.062400000000000004,78
-1.8068e-06,0.062400000000000004,78
-1.8064e-06,0.0616,77
-1.806e-06,0.0616,77
-1.8056000000000001e-06,0.0608,76
-1.8052e-06,0.0616,77
-1.8048e-06,0.0616,77
-1.8044e-06,0.0608,76
-1.804e-06,0.0616,77
-1.8036e-06,0.0616,77
-1.8032e-06,0.0616,77
-1.8028000000000001e-06,0.0616,77
-1.8024e-06,0.0616,77
-1.802e-06,0.0616,77
-1.8016e-06,0.0616,77
-1.8012e-06,0.0608,76
-1.8008e-06,0.0616,77
-1.8004e-06,0.0616,77
-1.8000000000000001e-06,0.0616,77
-1.7996e-06,0.0616,77
-1.7992e-06,0.0616,77
-1.7988e-06,0.0616,77
-1.7984e-06,0.0608,76
-1.798e-06,0.0616,77
-1.7976e-06,0.0616,77
-1.7972000000000001e-06,0.0616,77
-1.7968e-06,0.0616,77
-1.7964e-06,0.0616,77
-1.796e-06,0.0608,76
-1.7956e-06,0.0608,76
-1.7952e-06,0.0616,77
-1.7948e-06,0.0616,77
-1.7944000000000001e-06,0.0616,77
-1.794e-06,0.0608,76
-1.7936e-06,0.060000000000000005,75
-1.7932e-06,0.0616,77
-1.7928e-06,0.0616,77
-1.7924e-06,0.0616,77
-1.792e-06,0.0616,77
-1.7916000000000001e-06,0.0616,77
-1.7912e-06,0.0616,77
-1.7908e-06,0.0616,77
-1.7904e-06,0.0616,77
-1.79e-06,0.062400000000000004,78
-1.7896e-06,0.0608,76
-1.7892e-06,0.0616,77
-1.7888000000000001e-06,0.0616,77
-1.7884e-06,0.0608,76
-1.788e-06,0.0616,77
-1.7876e-06,0.0616,77
-1.7872e-06,0.0608,76
-1.7868e-06,0.0608,76
-1.7864e-06,0.0616,77
-1.7860000000000001e-06,0.0616,77
-1.7856000000000001e-06,0.0616,77
-1.7852e-06,0.062400000000000004,78
-1.7848e-06,0.0616,77
-1.7844e-06,0.0608,76
-1.784e-06,0.0616,77
-1.7836e-06,0.0616,77
-1.7832000000000001e-06,0.060000000000000005,75
-1.7828000000000001e-06,0.0616,77
-1.7824e-06,0.0632,79
-1.782e-06,0.0608,76
-1.7816e-06,0.0616,77
-1.7812e-06,0.0608,76
-1.7808e-06,0.0608,76
-1.7804000000000001e-06,0.0616,77
-1.7800000000000001e-06,0.0608,76
-1.7796e-06,0.0608,76
-1.7792e-06,0.0616,77
-1.7788e-06,0.0616,77
-1.7784e-06,0.0608,76
-1.778e-06,0.0608,76
-1.7776000000000001e-06,0.0616,77
-1.7772000000000001e-06,0.0616,77
-1.7768e-06,0.0616,77
-1.7764e-06,0.0608,76
-1.776e-06,0.0616,77
-1.7756e-06,0.0616,77
-1.7752e-06,0.060000000000000005,75
-1.7748e-06,0.0608,76
-1.7744000000000001e-06,0.0616,77
-1.774e-06,0.0616,77
-1.7736e-06,0.0616,77
-1.7732e-06,0.0616,77
-1.7728e-06,0.0616,77
-1.7724e-06,0.062400000000000004,78
-1.7720000000000001e-06,0.0616,77
-1.7716000000000001e-06,0.0616,77
-1.7712e-06,0.0616,77
-1.7708e-06,0.060000000000000005,75
-1.7704e-06,0.0616,77
-1.77e-06,0.0616,77
-1.7696e-06,0.0616,77
-1.7692e-06,0.0608,76
-1.7688000000000001e-06,0.060000000000000005,75
-1.7684e-06,0.0616,77
-1.768e-06,0.0616,77
-1.7676e-06,0.062400000000000004,78
-1.7672e-06,0.0616,77
-1.7668e-06,0.0616,77
-1.7664000000000001e-06,0.0616,77
-1.7660000000000001e-06,0.0616,77
-1.7656e-06,0.0616,77
-1.7652e-06,0.0616,77
-1.7648e-06,0.0616,77
-1.7644e-06,0.0616,77
-1.764e-06,0.0608,76
-1.7636e-06,0.0608,76
-1.7632000000000001e-06,0.0608,76
-1.7628e-06,0.0616,77
-1.7624e-06,0.0608,76
-1.762e-06,0.0608,76
-1.7616e-06,0.0616,77
-1.7612e-06,0.0616,77
-1.7608000000000001e-06,0.0616,77
-1.7604000000000001e-06,0.0608,76
-1.76e-06,0.0608,76
-1.7596e-06,0.0616,77
-1.7592e-06,0.0616,77
-1.7588e-06,0.0608,76
-1.7584e-06,0.0616,77
-1.758e-06,0.062400000000000004,78
-1.7576000000000001e-06,0.0608,76
-1.7572e-06,0.0616,77
-1.7568e-06,0.0616,77
-1.7564e-06,0.0616,77
-1.756e-06,0.0616,77
-1.7556e-06,0.0616,77
-1.7552000000000002e-06,0.0616,77
-1.7548000000000001e-06,0.0608,76
-1.7544e-06,0.0616,77
-1.754e-06,0.0616,77
-1.7536e-06,0.0616,77
-1.7532e-06,0.0616,77
-1.7528e-06,0.062400000000000004,78
-1.7524e-06,0.0616,77
-1.7520000000000001e-06,0.0616,77
-1.7516e-06,0.0608,76
-1.7512e-06,0.0616,77
-1.7508e-06,0.0616,77
-1.7504e-06,0.0616,77
-1.75e-06,0.060000000000000005,75
-1.7496e-06,0.0608,76
-1.7492000000000001e-06,0.0608,76
-1.7488e-06,0.0608,76
-1.7484e-06,0.0616,77
-1.748e-06,0.0616,77
-1.7476e-06,0.0616,77
-1.7472e-06,0.0616,77
-1.7468e-06,0.0608,76
-1.7464000000000001e-06,0.0608,76
-1.746e-06,0.0616,77
-1.7456e-06,0.0616,77
-1.7452e-06,0.0608,76
-1.7448e-06,0.0616,77
-1.7444e-06,0.0616,77
-1.744e-06,0.0608,76
-1.7436000000000001e-06,0.0616,77
-1.7432e-06,0.0616,77
-1.7428e-06,0.0616,77
-1.7424e-06,0.062400000000000004,78
-1.742e-06,0.062400000000000004,78
-1.7416e-06,0.0616,77
-1.7412e-06,0.0608,76
-1.7408000000000001e-06,0.0608,76
-1.7404e-06,0.0616,77
-1.74e-06,0.0616,77
-1.7396e-06,0.0616,77
-1.7392e-06,0.0616,77
-1.7388e-06,0.0616,77
-1.7384e-06,0.0616,77
-1.7380000000000001e-06,0.0616,77
-1.7376e-06,0.0616,77
-1.7372e-06,0.0608,76
-1.7368e-06,0.0616,77
-1.7364e-06,0.0616,77
-1.736e-06,0.0616,77
-1.7356e-06,0.0616,77
-1.7352000000000001e-06,0.0616,77
-1.7348e-06,0.0616,77
-1.7344e-06,0.0616,77
-1.734e-06,0.060000000000000005,75
-1.7336e-06,0.0616,77
-1.7332e-06,0.0616,77
-1.7328e-06,0.0616,77
-1.7324000000000001e-06,0.0616,77
-1.732e-06,0.0616,77
-1.7316e-06,0.0616,77
-1.7312e-06,0.0616,77
-1.7308e-06,0.0616,77
-1.7304e-06,0.0608,76
-1.73e-06,0.0616,77
-1.7296e-06,0.060000000000000005,75
-1.7292e-06,0.0608,76
-1.7288e-06,0.0616,77
-1.7284e-06,0.0608,76
-1.728e-06,0.0608,76
-1.7276e-06,0.0616,77
-1.7272e-06,0.0616,77
-1.7268000000000001e-06,0.0616,77
-1.7264000000000001e-06,0.0608,76
-1.726e-06,0.0616,77
-1.7256e-06,0.0608,76
-1.7252e-06,0.0608,76
-1.7248e-06,0.0616,77
-1.7244e-06,0.0616,77
-1.724e-06,0.0616,77
-1.7236000000000001e-06,0.062400000000000004,78
-1.7232e-06,0.0616,77
-1.7228e-06,0.0616,77
-1.7224e-06,0.0608,76
-1.722e-06,0.0608,76
-1.7216e-06,0.0616,77
-1.7212000000000001e-06,0.0608,76
-1.7208000000000001e-06,0.0616,77
-1.7204e-06,0.0616,77
-1.72e-06,0.0616,77
-1.7196e-06,0.0608,76
-1.7192e-06,0.0608,76
-1.7188e-06,0.062400000000000004,78
-1.7184e-06,0.062400000000000004,78
-1.7180000000000001e-06,0.0616,77
-1.7176e-06,0.0608,76
-1.7172e-06,0.0616,77
-1.7168e-06,0.0616,77
-1.7164e-06,0.0616,77
-1.716e-06,0.0616,77
-1.7156000000000001e-06,0.0616,77
-1.7152000000000001e-06,0.062400000000000004,78
-1.7148e-06,0.0616,77
-1.7144e-06,0.062400000000000004,78
-1.714e-06,0.0616,77
-1.7136e-06,0.0616,77
-1.7132e-06,0.062400000000000004,78
-1.7128e-06,0.0608,76
-1.7124000000000001e-06,0.0608,76
-1.712e-06,0.0616,77
-1.7116e-06,0.0616,77
-1.7112e-06,0.0608,76
-1.7108e-06,0.0616,77
-1.7104e-06,0.0616,77
-1.7100000000000001e-06,0.0616,77
-1.7096000000000001e-06,0.0616,77
-1.7092e-06,0.0616,77
-1.7088e-06,0.0616,77
-1.7084e-06,0.0608,76
-1.708e-06,0.0616,77
-1.7076e-06,0.0608,76
-1.7072e-06,0.0616,77
-1.7068000000000001e-06,0.0616,77
-1.7064e-06,0.0616,77
-1.706e-06,0.0616,77
-1.7056e-06,0.0616,77
-1.7052e-06,0.0616,77
-1.7048e-06,0.0616,77
-1.7044000000000001e-06,0.0608,76
-1.7040000000000001e-06,0.062400000000000004,78
-1.7036e-06,0.0616,77
-1.7032e-06,0.0616,77
-1.7028e-06,0.0616,77
-1.7024e-06,0.0608,76
-1.702e-06,0.0608,76
-1.7016e-06,0.0608,76
-1.7012000000000001e-06,0.0608,76
-1.7008e-06,0.0608,76
-1.7004e-06,0.0616,77
-1.7e-06,0.0616,77
-1.6996e-06,0.0616,77
-1.6992e-06,0.0608,76
-1.6988000000000002e-06,0.0616,77
-1.6984000000000001e-06,0.0616,77
-1.698e-06,0.0616,77
-1.6976e-06,0.0608,76
-1.6972e-06,0.0608,76
-1.6968e-06,0.0616,77
-1.6964e-06,0.0608,76
-1.696e-06,0.0616,77
-1.6956000000000001e-06,0.0608,76
-1.6952e-06,0.0608,76
-1.6948e-06,0.0616,77
-1.6944e-06,0.0616,77
-1.694e-06,0.0616,77
-1.6936e-06,0.0608,76
-1.6932000000000002e-06,0.0616,77
-1.6928000000000001e-06,0.0616,77
-1.6924e-06,0.0608,76
-1.692e-06,0.0616,77
-1.6916e-06,0.0616,77
-1.6912e-06,0.0616,77
-1.6908e-06,0.0616,77
-1.6904e-06,0.0608,76
-1.6900000000000001e-06,0.0616,77
-1.6896e-06,0.0616,77
-1.6892e-06,0.062400000000000004,78
-1.6888e-06,0.0616,77
-1.6884e-06,0.0608,76
-1.688e-06,0.0616,77
-1.6876000000000002e-06,0.0616,77
-1.6872000000000001e-06,0.0616,77
-1.6868e-06,0.0616,77
-1.6864e-06,0.0608,76
-1.686e-06,0.0616,77
-1.6856e-06,0.0616,77
-1.6852e-06,0.0616,77
-1.6848e-06,0.0616,77
-1.6844000000000001e-06,0.0616,77
-1.684e-06,0.0616,77
-1.6836e-06,0.0616,77
-1.6832e-06,0.0608,76
-1.6828e-06,0.0608,76
-1.6824e-06,0.0608,76
-1.682e-06,0.0608,76
-1.6816000000000001e-06,0.0616,77
-1.6812e-06,0.0616,77
-1.6808e-06,0.0608,76
-1.6804e-06,0.0608,76
-1.68e-06,0.0608,76
-1.6796e-06,0.0616,77
-1.6792e-06,0.0616,77
-1.6788000000000001e-06,0.0608,76
-1.6784e-06,0.0616,77
-1.678e-06,0.062400000000000004,78
-1.6776e-06,0.0616,77
-1.6772e-06,0.0608,76
-1.6768e-06,0.062400000000000004,78
-1.6764e-06,0.0616,77
-1.6760000000000001e-06,0.0616,77
-1.6756e-06,0.0608,76
-1.6752e-06,0.0616,77
-1.6748e-06,0.0616,77
-1.6744e-06,0.0616,77
-1.674e-06,0.0616,77
-1.6736e-06,0.062400000000000004,78
-1.6732e-06,0.0616,77
-1.6728e-06,0.0616,77
-1.6724e-06,0.0616,77
-1.672e-06,0.0608,76
-1.6716e-06,0.0616,77
-1.6712e-06,0.0616,77
-1.6708e-06,0.0616,77
-1.6704000000000001e-06,0.0616,77
-1.67e-06,0.0616,77
-1.6696e-06,0.062400000000000004,78
-1.6692e-06,0.0616,77
-1.6688e-06,0.0608,76
-1.6684e-06,0.0616,77
-1.668e-06,0.0616,77
-1.6676e-06,0.0616,77
-1.6672e-06,0.062400000000000004,78
-1.6668e-06,0.0616,77
-1.6664e-06,0.0616,77
-1.666e-06,0.0616,77
-1.6656e-06,0.0616,77
-1.6652e-06,0.0616,77
-1.6648000000000001e-06,0.0616,77
-1.6644000000000001e-06,0.0616,77
-1.664e-06,0.0616,77
-1.6636e-06,0.0616,77
-1.6632e-06,0.062400000000000004,78
-1.6628e-06,0.0608,76
-1.6624e-06,0.0616,77
-1.662e-06,0.0616,77
-1.6616000000000001e-06,0.0616,77
-1.6612e-06,0.0616,77
-1.6608e-06,0.0616,77
-1.6604e-06,0.062400000000000004,78
-1.66e-06,0.0616,77
-1.6596e-06,0.0616,77
-1.6592000000000001e-06,0.0616,77
-1.6588000000000001e-06,0.0616,77
-1.6584e-06,0.0616,77
-1.658e-06,0.0608,76
-1.6576e-06,0.0616,77
-1.6572e-06,0.0616,77
-1.6568e-06,0.0616,77
-1.6564e-06,0.0616,77
-1.6560000000000001e-06,0.0616,77
-1.6556e-06,0.062400000000000004,78
-1.6552e-06,0.0616,77
-1.6548e-06,0.0608,76
-1.6544e-06,0.0608,76
-1.654e-06,0.0608,76
-1.6536000000000001e-06,0.0608,76
-1.6532000000000001e-06,0.0616,77
-1.6528e-06,0.0616,77
-1.6524e-06,0.0616,77
-1.652e-06,0.0616,77
-1.6516e-06,0.0616,77
-1.6512e-06,0.0616,77
-1.6508e-06,0.0608,76
-1.6504000000000001e-06,0.0616,77
-1.65e-06,0.0608,76
-1.6496e-06,0.0616,77
-1.6492e-06,0.0616,77
-1.6488e-06,0.0616,77
-1.6484e-06,0.0616,77
-1.6480000000000001e-06,0.0616,77
-1.6476000000000001e-06,0.0608,76
-1.6472e-06,0.0616,77
-1.6468e-06,0.0616,77
-1.6464e-06,0.0616,77
-1.646e-06,0.0616,77
-1.6456e-06,0.0616,77
-1.6452e-06,0.0608,76
-1.6448000000000001e-06,0.0616,77
-1.6444e-06,0.0616,77
-1.644e-06,0.0616,77
-1.6436e-06,0.062400000000000004,78
-1.6432e-06,0.0616,77
-1.6428e-06,0.0616,77
-1.6424000000000001e-06,0.0616,77
-1.6420000000000001e-06,0.0616,77
-1.6416e-06,0.0616,77
-1.6412e-06,0.0616,77
-1.6408e-06,0.0616,77
-1.6404e-06,0.0616,77
-1.64e-06,0.0616,77
-1.6396e-06,0.0616,77
-1.6392000000000001e-06,0.0608,76
-1.6388e-06,0.0608,76
-1.6384e-06,0.0616,77
-1.638e-06,0.0616,77
-1.6376e-06,0.0616,77
-1.6372e-06,0.0616,77
-1.6368000000000002e-06,0.0616,77
-1.6364000000000001e-06,0.0616,77
-1.636e-06,0.0616,77
-1.6356e-06,0.0616,77
-1.6352e-06,0.0616,77
-1.6348e-06,0.0616,77
-1.6344e-06,0.0608,76
-1.634e-06,0.0616,77
-1.6336000000000001e-06,0.0616,77
-1.6332e-06,0.0616,77
-1.6328e-06,0.0616,77
-1.6324e-06,0.0616,77
-1.632e-06,0.0616,77
-1.6316e-06,0.0616,77
-1.6312000000000002e-06,0.0608,76
-1.6308000000000001e-06,0.0616,77
-1.6304e-06,0.0616,77
-1.63e-06,0.0616,77
-1.6296e-06,0.0616,77
-1.6292e-06,0.0616,77
-1.6288e-06,0.0616,77
-1.6284e-06,0.0616,77
-1.6280000000000001e-06,0.0616,77
-1.6276e-06,0.0616,77
-1.6272e-06,0.0616,77
-1.6268e-06,0.062400000000000004,78
-1.6264e-06,0.0616,77
-1.626e-06,0.0616,77
-1.6256e-06,0.0608,76
-1.6252000000000001e-06,0.0608,76
-1.6248e-06,0.060000000000000005,75
-1.6244e-06,0.0608,76
-1.624e-06,0.060000000000000005,75
-1.6236e-06,0.0616,77
-1.6232e-06,0.0616,77
-1.6228e-06,0.0616,77
-1.6224000000000001e-06,0.0616,77
-1.622e-06,0.0616,77
-1.6216e-06,0.0608,76
-1.6212e-06,0.0608,76
-1.6208e-06,0.0616,77
-1.6204e-06,0.0616,77
-1.62e-06,0.0616,77
-1.6196000000000001e-06,0.0616,77
-1.6192e-06,0.0616,77
-1.6188e-06,0.0616,77
-1.6184e-06,0.0616,77
-1.618e-06,0.0616,77
-1.6176e-06,0.060000000000000005,75
-1.6172e-06,0.0616,77
-1.6168e-06,0.0616,77
-1.6164e-06,0.0616,77
-1.616e-06,0.0616,77
-1.6156e-06,0.0616,77
-1.6152e-06,0.0616,77
-1.6148e-06,0.0608,76
-1.6144e-06,0.0616,77
-1.6140000000000001e-06,0.0608,76
-1.6136e-06,0.0616,77
-1.6132e-06,0.062400000000000004,78
-1.6128e-06,0.0616,77
-1.6124e-06,0.0616,77
-1.612e-06,0.0616,77
-1.6116e-06,0.0616,77
-1.6112e-06,0.0616,77
-1.6108e-06,0.0616,77
-1.6104e-06,0.0616,77
-1.61e-06,0.0616,77
-1.6096e-06,0.0616,77
-1.6092e-06,0.0616,77
-1.6088000000000002e-06,0.0616,77
-1.6084000000000001e-06,0.0616,77
-1.608e-06,0.0608,76
-1.6076e-06,0.0616,77
-1.6072e-06,0.0616,77
-1.6068e-06,0.0616,77
-1.6064e-06,0.0616,77
-1.606e-06,0.0616,77
-1.6056e-06,0.0616,77
-1.6052000000000001e-06,0.0608,76
-1.6048e-06,0.0616,77
-1.6044e-06,0.0608,76
-1.604e-06,0.0616,77
-1.6036e-06,0.0616,77
-1.6032000000000002e-06,0.0616,77
-1.6028000000000001e-06,0.0616,77
-1.6024000000000001e-06,0.0616,77
-1.602e-06,0.0616,77
-1.6016e-06,0.0608,76
-1.6012e-06,0.0608,76
-1.6008e-06,0.0616,77
-1.6004e-06,0.0608,76
-1.6e-06,0.060000000000000005,75
-1.5996000000000001e-06,0.0616,77
-1.5992e-06,0.0608,76
-1.5988e-06,0.0616,77
-1.5984e-06,0.0616,77
-1.598e-06,0.0616,77
-1.5976e-06,0.0616,77
-1.5972000000000001e-06,0.0616,77
-1.5968000000000001e-06,0.0616,77
-1.5964e-06,0.0616,77
-1.596e-06,0.0608,76
-1.5956e-06,0.0616,77
-1.5952e-06,0.0616,77
-1.5948e-06,0.0616,77
-1.5944e-06,0.0616,77
-1.5940000000000001e-06,0.0616,77
-1.5936e-06,0.0608,76
-1.5932e-06,0.0608,76
-1.5928e-06,0.0608,76
-1.5924e-06,0.062400000000000004,78
-1.592e-06,0.0616,77
-1.5916000000000001e-06,0.0616,77
-1.5912000000000001e-06,0.062400000000000004,78
-1.5908e-06,0.0616,77
-1.5904e-06,0.0616,77
-1.59e-06,0.0616,77
-1.5896e-06,0.0616,77
-1.5892e-06,0.0616,77
-1.5888e-06,0.0616,77
-1.5884000000000001e-06,0.0616,77
-1.588e-06,0.062400000000000004,78
-1.5876e-06,0.0616,77
-1.5872e-06,0.0616,77
-1.5868e-06,0.0608,76
-1.5864e-06,0.0616,77
-1.5860000000000001e-06,0.0616,77
-1.5856000000000001e-06,0.0616,77
-1.5852e-06,0.0616,77
-1.5848e-06,0.0616,77
-1.5844e-06,0.0616,77
-1.584e-06,0.0616,77
-1.5836e-06,0.0608,76
-1.5832e-06,0.0608,76
-1.5828e-06,0.0608,76
-1.5824e-06,0.0616,77
-1.582e-06,0.0616,77
-1.5816e-06,0.0616,77
-1.5812e-06,0.0616,77
-1.5808e-06,0.0616,77
-1.5804000000000001e-06,0.0616,77
-1.5800000000000001e-06,0.060000000000000005,75
-1.5796e-06,0.0608,76
-1.5792e-06,0.0608,76
-1.5788e-06,0.0616,77
-1.5784e-06,0.0616,77
-1.578e-06,0.0616,77
-1.5776e-06,0.0616,77
-1.5772e-06,0.0616,77
-1.5768e-06,0.0616,77
-1.5764e-06,0.0616,77
-1.576e-06,0.0616,77
-1.5756e-06,0.0616,77
-1.5752e-06,0.0616,77
-1.5748000000000002e-06,0.0608,76
-1.5744000000000001e-06,0.0616,77
-1.574e-06,0.0616,77
-1.5736e-06,0.062400000000000004,78
-1.5732e-06,0.0616,77
-1.5728e-06,0.0616,77
-1.5724e-06,0.0608,76
-1.572e-06,0.0608,76
-1.5716e-06,0.0616,77
-1.5712e-06,0.0608,76
-1.5708e-06,0.0616,77
-1.5704e-06,0.0616,77
-1.57e-06,0.0616,77
-1.5696e-06,0.060000000000000005,75
-1.5692000000000002e-06,0.0616,77
-1.5688000000000001e-06,0.0608,76
-1.5684e-06,0.0616,77
-1.568e-06,0.0616,77
-1.5676e-06,0.0616,77
-1.5672e-06,0.0616,77
-1.5668e-06,0.0616,77
-1.5664e-06,0.0616,77
-1.566e-06,0.0616,77
-1.5656e-06,0.0616,77
-1.5652e-06,0.0616,77
-1.5648e-06,0.0616,77
-1.5644e-06,0.0616,77
-1.564e-06,0.0616,77
-1.5636000000000002e-06,0.0616,77
-1.5632000000000001e-06,0.0608,76
-1.5628e-06,0.0616,77
-1.5624e-06,0.0608,76
-1.562e-06,0.0616,77
-1.5616e-06,0.0608,76
-1.5612e-06,0.0608,76
-1.5608e-06,0.0616,77
-1.5604e-06,0.0608,76
-1.56e-06,0.0616,77
-1.5596e-06,0.0608,76
-1.5592e-06,0.0616,77
-1.5588e-06,0.0616,77
-1.5584e-06,0.0616,77
-1.5580000000000002e-06,0.0608,76
-1.5576000000000001e-06,0.0616,77
-1.5572e-06,0.0616,77
-1.5568e-06,0.0616,77
-1.5564e-06,0.0616,77
-1.556e-06,0.0616,77
-1.5556e-06,0.0616,77
-1.5552e-06,0.062400000000000004,78
-1.5548e-06,0.0616,77
-1.5544e-06,0.062400000000000004,78
-1.554e-06,0.0616,77
-1.5536e-06,0.060000000000000005,75
-1.5532e-06,0.0616,77
-1.5528e-06,0.0616,77
-1.5524000000000002e-06,0.0632,79
-1.5520000000000001e-06,0.0616,77
-1.5516e-06,0.0616,77
-1.5512e-06,0.0616,77
-1.5508e-06,0.062400000000000004,78
-1.5504e-06,0.062400000000000004,78
-1.55e-06,0.062400000000000004,78
-1.5496e-06,0.0616,77
-1.5492e-06,0.0616,77
-1.5488e-06,0.0608,76
-1.5484e-06,0.0616,77
-1.548e-06,0.062400000000000004,78
-1.5476e-06,0.0616,77
-1.5472e-06,0.0608,76
-1.5468000000000002e-06,0.0616,77
-1.5464000000000001e-06,0.0616,77
-1.546e-06,0.0616,77
-1.5456e-06,0.0616,77
-1.5452e-06,0.0616,77
-1.5448e-06,0.0616,77
-1.5444e-06,0.0616,77
-1.544e-06,0.0616,77
-1.5436e-06,0.0616,77
-1.5432000000000001e-06,0.0616,77
-1.5428e-06,0.0616,77
-1.5424e-06,0.0616,77
-1.542e-06,0.0608,76
-1.5416e-06,0.0608,76
-1.5412e-06,0.0616,77
-1.5408000000000001e-06,0.062400000000000004,78
-1.5404000000000001e-06,0.0616,77
-1.54e-06,0.0616,77
-1.5396e-06,0.0616,77
-1.5392e-06,0.0616,77
-1.5388e-06,0.0616,77
-1.5384e-06,0.0616,77
-1.538e-06,0.0616,77
-1.5376000000000001e-06,0.0616,77
-1.5372e-06,0.0616,77
-1.5368e-06,0.0608,76
-1.5364e-06,0.0616,77
-1.536e-06,0.0616,77
-1.5356e-06,0.0608,76
-1.5352000000000001e-06,0.0616,77
-1.5348000000000001e-06,0.0608,76
-1.5344e-06,0.0616,77
-1.534e-06,0.0616,77
-1.5336e-06,0.0616,77
-1.5332e-06,0.0616,77
-1.5328e-06,0.0608,76
-1.5324e-06,0.0616,77
-1.5320000000000001e-06,0.062400000000000004,78
-1.5316e-06,0.0616,77
-1.5312e-06,0.062400000000000004,78
-1.5308e-06,0.0616,77
-1.5304e-06,0.0608,76
-1.53e-06,0.0616,77
-1.5296000000000001e-06,0.0616,77
-1.5292000000000001e-06,0.0616,77
-1.5288e-06,0.0616,77
-1.5284e-06,0.0616,77
-1.528e-06,0.0616,77
-1.5276e-06,0.0616,77
-1.5272e-06,0.0616,77
-1.5268e-06,0.0616,77
-1.5264e-06,0.0616,77
-1.526e-06,0.0608,76
-1.5256e-06,0.0616,77
-1.5252e-06,0.0616,77
-1.5248e-06,0.0616,77
-1.5244e-06,0.0616,77
-1.5240000000000001e-06,0.0616,77
-1.5236000000000001e-06,0.0616,77
-1.5232e-06,0.0616,77
-1.5228e-06,0.0616,77
-1.5224e-06,0.0616,77
-1.522e-06,0.0616,77
-1.5216e-06,0.0608,76
-1.5212e-06,0.0616,77
-1.5208e-06,0.0616,77
-1.5204e-06,0.0616,77
-1.52e-06,0.0616,77
-1.5196e-06,0.0616,77
-1.5192e-06,0.0616,77
-1.5188e-06,0.0616,77
-1.5184000000000001e-06,0.0608,76
-1.5180000000000001e-06,0.0616,77
-1.5176e-06,0.062400000000000004,78
-1.5172e-06,0.0616,77
-1.5168e-06,0.0616,77
-1.5164e-06,0.0616,77
-1.516e-06,0.0616,77
-1.5156e-06,0.0616,77
-1.5152e-06,0.0616,77
-1.5148e-06,0.0616,77
-1.5144e-06,0.0608,76
-1.514e-06,0.0608,76
-1.5136e-06,0.0608,76
-1.5132e-06,0.0616,77
-1.5128000000000002e-06,0.0608,76
-1.5124000000000001e-06,0.0616,77
-1.512e-06,0.0616,77
-1.5116e-06,0.0608,76
-1.5112e-06,0.0608,76
-1.5108e-06,0.0616,77
-1.5104e-06,0.0608,76
-1.51e-06,0.0616,77
-1.5096e-06,0.0616,77
-1.5092e-06,0.062400000000000004,78
-1.5088e-06,0.0616,77
-1.5084e-06,0.0616,77
-1.508e-06,0.060000000000000005,75
-1.5076e-06,0.060000000000000005,75
-1.5072000000000002e-06,0.0616,77
-1.5068000000000001e-06,0.0608,76
-1.5064e-06,0.0608,76
-1.506e-06,0.0616,77
-1.5056e-06,0.0616,77
-1.5052e-06,0.0608,76
-1.5048e-06,0.0616,77
-1.5044e-06,0.0616,77
-1.504e-06,0.0616,77
-1.5036e-06,0.0608,76
-1.5032e-06,0.0608,76
-1.5028e-06,0.0608,76
-1.5024e-06,0.0616,77
-1.502e-06,0.0616,77
-1.5016000000000002e-06,0.0616,77
-1.5012000000000001e-06,0.0616,77
-1.5008e-06,0.0616,77
-1.5004e-06,0.0616,77
-1.5e-06,0.060000000000000005,75
-1.4996e-06,0.0616,77
-1.4992e-06,0.0616,77
-1.4988e-06,0.0616,77
-1.4984e-06,0.0616,77
-1.498e-06,0.062400000000000004,78
-1.4976e-06,0.0608,76
-1.4972e-06,0.0616,77
-1.4968e-06,0.0616,77
-1.4964e-06,0.0608,76
-1.4960000000000002e-06,0.0616,77
-1.4956000000000001e-06,0.0608,76
-1.4952e-06,0.0616,77
-1.4948e-06,0.0616,77
-1.4944e-06,0.0616,77
-1.494e-06,0.0616,77
-1.4936e-06,0.0616,77
-1.4932e-06,0.0616,77
-1.4928e-06,0.0616,77
-1.4924e-06,0.0616,77
-1.492e-06,0.0616,77
-1.4916e-06,0.0616,77
-1.4912e-06,0.0608,76
-1.4908e-06,0.0616,77
-1.4904000000000002e-06,0.062400000000000004,78
-1.4900000000000001e-06,0.0616,77
-1.4896e-06,0.0616,77
-1.4892e-06,0.0616,77
-1.4888e-06,0.060000000000000005,75
-1.4884e-06,0.0608,76
-1.488e-06,0.0616,77
-1.4876e-06,0.0616,77
-1.4872e-06,0.0616,77
-1.4868e-06,0.060000000000000005,75
-1.4864e-06,0.0608,76
-1.486e-06,0.0616,77
-1.4856e-06,0.0616,77
-1.4852e-06,0.062400000000000004,78
-1.4848e-06,0.0616,77
-1.4844000000000001e-06,0.0616,77
-1.4840000000000001e-06,0.0616,77
-1.4836e-06,0.0616,77
-1.4832e-06,0.0616,77
-1.4828e-06,0.060000000000000005,75
-1.4824e-06,0.0616,77
-1.482e-06,0.062400000000000004,78
-1.4816e-06,0.062400000000000004,78
-1.4812000000000001e-06,0.0616,77
-1.4808e-06,0.0616,77
-1.4804e-06,0.0616,77
-1.48e-06,0.0616,77
-1.4796e-06,0.0616,77
-1.4792e-06,0.0616,77
-1.4788000000000001e-06,0.0616,77
-1.4784000000000001e-06,0.0616,77
-1.478e-06,0.0616,77
-1.4776e-06,0.0616,77
-1.4772e-06,0.0616,77
-1.4768e-06,0.0616,77
-1.4764e-06,0.0616,77
-1.476e-06,0.0616,77
-1.4756000000000001e-06,0.0608,76
-1.4752e-06,0.0616,77
-1.4748e-06,0.0616,77
-1.4744e-06,0.0616,77
-1.474e-06,0.0616,77
-1.4736e-06,0.0616,77
-1.4732000000000001e-06,0.0616,77
-1.4728000000000001e-06,0.0616,77
-1.4724e-06,0.0616,77
-1.472e-06,0.0616,77
-1.4716e-06,0.0616,77
-1.4712e-06,0.0616,77
-1.4708e-06,0.0616,77
-1.4704e-06,0.0616,77
-1.47e-06,0.0616,77
-1.4696e-06,0.0616,77
-1.4692e-06,0.062400000000000004,78
-1.4688e-06,0.0616,77
-1.4684e-06,0.0616,77
-1.468e-06,0.0616,77
-1.4676000000000001e-06,0.062400000000000004,78
-1.4672000000000001e-06,0.0616,77
-1.4668e-06,0.0608,76
-1.4664e-06,0.060000000000000005,75
-1.466e-06,0.0616,77
-1.4656e-06,0.0616,77
-1.4652e-06,0.0616,77
-1.4648e-06,0.0608,76
-1.4644e-06,0.0616,77
-1.464e-06,0.062400000000000004,78
-1.4636e-06,0.062400000000000004,78
-1.4632e-06,0.0616,77
-1.4628e-06,0.0616,77
-1.4624e-06,0.062400000000000004,78
-1.4620000000000001e-06,0.0616,77
-1.4616000000000001e-06,0.0608,76
-1.4612e-06,0.0616,77
-1.4608e-06,0.0616,77
-1.4604e-06,0.0608,76
-1.46e-06,0.0616,77
-1.4596e-06,0.0616,77
-1.4592e-06,0.0616,77
-1.4588e-06,0.0616,77
-1.4584e-06,0.0608,76
-1.458e-06,0.0608,76
-1.4576e-06,0.0608,76
-1.4572e-06,0.0616,77
-1.4568e-06,0.060000000000000005,75
-1.4564000000000002e-06,0.0616,77
-1.4560000000000001e-06,0.0616,77
-1.4556e-06,0.0616,77
-1.4552e-06,0.0608,76
-1.4548e-06,0.0616,77
-1.4544e-06,0.0608,76
-1.454e-06,0.0616,77
-1.4536e-06,0.060000000000000005,75
-1.4532e-06,0.0616,77
-1.4528e-06,0.0616,77
-1.4524e-06,0.062400000000000004,78
-1.452e-06,0.0608,76
-1.4516e-06,0.062400000000000004,78
-1.4512e-06,0.0616,77
-1.4508000000000002e-06,0.0616,77
-1.4504000000000001e-06,0.0616,77
-1.45e-06,0.0616,77
-1.4496e-06,0.0616,77
-1.4492e-06,0.0616,77
-1.4488e-06,0.0616,77
-1.4484e-06,0.0608,76
-1.448e-06,0.0608,76
-1.4476e-06,0.0616,77
-1.4472e-06,0.0616,77
-1.4468e-06,0.0608,76
-1.4464e-06,0.0616,77
-1.446e-06,0.0616,77
-1.4456e-06,0.062400000000000004,78
-1.4452000000000002e-06,0.062400000000000004,78
-1.4448000000000001e-06,0.0616,77
-1.4444e-06,0.0616,77
-1.444e-06,0.0616,77
-1.4436e-06,0.062400000000000004,78
-1.4432e-06,0.0616,77
-1.4428e-06,0.0616,77
-1.4424e-06,0.0616,77
-1.442e-06,0.0608,76
-1.4416e-06,0.0608,76
-1.4412e-06,0.0616,77
-1.4408e-06,0.062400000000000004,78
-1.4404e-06,0.0616,77
-1.44e-06,0.0616,77
-1.4396000000000002e-06,0.0608,76
-1.4392000000000001e-06,0.0608,76
-1.4388e-06,0.0616,77
-1.4384e-06,0.0616,77
-1.438e-06,0.0616,77
-1.4376e-06,0.0616,77
-1.4372e-06,0.062400000000000004,78
-1.4368e-06,0.0616,77
-1.4364e-06,0.0616,77
-1.436e-06,0.0616,77
-1.4356e-06,0.0616,77
-1.4352e-06,0.0616,77
-1.4348e-06,0.0608,76
-1.4344e-06,0.0616,77
-1.4340000000000002e-06,0.060000000000000005,75
-1.4336000000000001e-06,0.062400000000000004,78
-1.4332e-06,0.062400000000000004,78
-1.4328e-06,0.0616,77
-1.4324e-06,0.062400000000000004,78
-1.432e-06,0.0616,77
-1.4316e-06,0.0608,76
-1.4312e-06,0.060000000000000005,75
-1.4308e-06,0.0616,77
-1.4304e-06,0.0608,76
-1.43e-06,0.0608,76
-1.4296e-06,0.062400000000000004,78
-1.4292e-06,0.0616,77
-1.4288e-06,0.0616,77
-1.4284e-06,0.0616,77
-1.4280000000000001e-06,0.0616,77
-1.4276e-06,0.0616,77
-1.4272e-06,0.0616,77
-1.4268e-06,0.0616,77
-1.4264e-06,0.062400000000000004,78
-1.426e-06,0.0608,76
-1.4256e-06,0.0616,77
-1.4252e-06,0.0616,77
-1.4248e-06,0.0616,77
-1.4244e-06,0.0616,77
-1.424e-06,0.062400000000000004,78
-1.4236e-06,0.0616,77
-1.4232e-06,0.0616,77
-1.4228e-06,0.062400000000000004,78
-1.4224000000000001e-06,0.0616,77
-1.4220000000000001e-06,0.062400000000000004,78
-1.4216e-06,0.0608,76
-1.4212e-06,0.0616,77
-1.4208e-06,0.0616,77
-1.4204e-06,0.0616,77
-1.42e-06,0.0616,77
-1.4196e-06,0.0616,77
-1.4192000000000001e-06,0.0616,77
-1.4188e-06,0.0608,76
-1.4184e-06,0.0616,77
-1.418e-06,0.0616,77
-1.4176e-06,0.0616,77
-1.4172e-06,0.0616,77
-1.4168000000000001e-06,0.0616,77
-1.4164000000000001e-06,0.0608,76
-1.416e-06,0.0616,77
-1.4156e-06,0.0616,77
-1.4152e-06,0.0616,77
-1.4148e-06,0.0616,77
-1.4144e-06,0.0616,77
-1.414e-06,0.0608,76
-1.4136e-06,0.0616,77
-1.4132e-06,0.0616,77
-1.4128e-06,0.062400000000000004,78
-1.4124e-06,0.062400000000000004,78
-1.412e-06,0.0616,77
-1.4116e-06,0.060000000000000005,75
-1.4112000000000001e-06,0.0616,77
-1.4108000000000001e-06,0.0608,76
-1.4104e-06,0.0616,77
-1.41e-06,0.0616,77
-1.4096e-06,0.0616,77
-1.4092e-06,0.0616,77
-1.4088e-06,0.0616,77
-1.4084e-06,0.0616,77
-1.408e-06,0.0616,77
-1.4076e-06,0.0616,77
-1.4072e-06,0.0616,77
-1.4068e-06,0.0616,77
-1.4064e-06,0.0616,77
-1.406e-06,0.062400000000000004,78
-1.4056000000000001e-06,0.0616,77
-1.4052000000000001e-06,0.0616,77
-1.4048e-06,0.0616,77
-1.4044e-06,0.0616,77
-1.404e-06,0.062400000000000004,78
-1.4036e-06,0.0616,77
-1.4032e-06,0.0616,77
-1.4028e-06,0.0616,77
-1.4024e-06,0.0616,77
-1.402e-06,0.0616,77
-1.4016e-06,0.0616,77
-1.4012e-06,0.0616,77
-1.4008e-06,0.0616,77
-1.4004e-06,0.0616,77
-1.4000000000000001e-06,0.0632,79
-1.3996000000000001e-06,0.0616,77
-1.3992e-06,0.0616,77
-1.3988e-06,0.0616,77
-1.3984e-06,0.0616,77
-1.398e-06,0.0616,77
-1.3976e-06,0.0616,77
-1.3972e-06,0.0616,77
-1.3968e-06,0.062400000000000004,78
-1.3964e-06,0.062400000000000004,78
-1.396e-06,0.0616,77
-1.3956e-06,0.0616,77
-1.3952e-06,0.0608,76
-1.3948e-06,0.0616,77
-1.3944000000000002e-06,0.062400000000000004,78
-1.3940000000000001e-06,0.0616,77
-1.3936e-06,0.0616,77
-1.3932e-06,0.0616,77
-1.3928e-06,0.0616,77
-1.3924e-06,0.0616,77
-1.392e-06,0.0608,76
-1.3916e-06,0.0608,76
-1.3912e-06,0.062400000000000004,78
-1.3908e-06,0.0616,77
-1.3904e-06,0.0616,77
-1.39e-06,0.0616,77
-1.3896e-06,0.0616,77
-1.3892e-06,0.0608,76
-1.3888000000000002e-06,0.062400000000000004,78
-1.3884000000000001e-06,0.0608,76
-1.388e-06,0.0616,77
-1.3876e-06,0.0616,77
-1.3872e-06,0.0616,77
-1.3868e-06,0.0616,77
-1.3864e-06,0.0616,77
-1.386e-06,0.0616,77
-1.3856e-06,0.0616,77
-1.3852e-06,0.0616,77
-1.3848e-06,0.0616,77
-1.3844e-06,0.0616,77
-1.384e-06,0.0608,76
-1.3836e-06,0.0616,77
-1.3832000000000002e-06,0.0608,76
-1.3828000000000001e-06,0.062400000000000004,78
-1.3824e-06,0.0616,77
-1.382e-06,0.0616,77
-1.3816e-06,0.0616,77
-1.3812e-06,0.0616,77
-1.3808e-06,0.0616,77
-1.3804e-06,0.0616,77
-1.38e-06,0.062400000000000004,78
-1.3796e-06,0.062400000000000004,78
-1.3792e-06,0.0616,77
-1.3788e-06,0.0616,77
-1.3784e-06,0.0616,77
-1.378e-06,0.0616,77
-1.3776000000000002e-06,0.0616,77
-1.3772000000000001e-06,0.0608,76
-1.3768e-06,0.062400000000000004,78
-1.3764e-06,0.0616,77
-1.376e-06,0.062400000000000004,78
-1.3756e-06,0.062400000000000004,78
-1.3752e-06,0.0616,77
-1.3748e-06,0.0608,76
-1.3744e-06,0.0616,77
-1.374e-06,0.0616,77
-1.3736e-06,0.0616,77
-1.3732e-06,0.0616,77
-1.3728e-06,0.0616,77
-1.3724e-06,0.0616,77
-1.3720000000000002e-06,0.0616,77
-1.3716000000000001e-06,0.0608,76
-1.3712e-06,0.0616,77
-1.3708e-06,0.0616,77
-1.3704e-06,0.062400000000000004,78
-1.37e-06,0.0616,77
-1.3696e-06,0.0616,77
-1.3692e-06,0.0616,77
-1.3688e-06,0.0616,77
-1.3683999999999999e-06,0.0616,77
-1.368e-06,0.0616,77
-1.3676e-06,0.0616,77
-1.3672e-06,0.0616,77
-1.3668e-06,0.0616,77
-1.3664000000000002e-06,0.0616,77
-1.3660000000000001e-06,0.0616,77
-1.3656e-06,0.0616,77
-1.3652e-06,0.0608,76
-1.3648e-06,0.0608,76
-1.3644e-06,0.0616,77
-1.364e-06,0.0608,76
-1.3636e-06,0.0616,77
-1.3632e-06,0.0616,77
-1.3628e-06,0.062400000000000004,78
-1.3624e-06,0.062400000000000004,78
-1.362e-06,0.0616,77
-1.3616e-06,0.062400000000000004,78
-1.3612e-06,0.0616,77
-1.3608000000000002e-06,0.0616,77
-1.3604000000000001e-06,0.060000000000000005,75
-1.3600000000000001e-06,0.0616,77
-1.3596e-06,0.0616,77
-1.3592e-06,0.0616,77
-1.3588e-06,0.0616,77
-1.3584e-06,0.0616,77
-1.358e-06,0.0616,77
-1.3576e-06,0.0616,77
-1.3572e-06,0.0616,77
-1.3568e-06,0.062400000000000004,78
-1.3564e-06,0.0608,76
-1.356e-06,0.0608,76
-1.3556e-06,0.0616,77
-1.3552000000000002e-06,0.0616,77
-1.3548000000000001e-06,0.0616,77
-1.3544000000000001e-06,0.0616,77
-1.354e-06,0.0616,77
-1.3536e-06,0.0616,77
-1.3532e-06,0.0616,77
-1.3528e-06,0.0616,77
-1.3524e-06,0.0616,77
-1.352e-06,0.0608,76
-1.3516e-06,0.0608,76
-1.3511999999999999e-06,0.0608,76
-1.3508e-06,0.0616,77
-1.3504e-06,0.062400000000000004,78
-1.35e-06,0.0616,77
-1.3496000000000002e-06,0.0616,77
-1.3492000000000001e-06,0.0616,77
-1.3488000000000001e-06,0.0616,77
-1.3484e-06,0.0616,77
-1.348e-06,0.0616,77
-1.3476e-06,0.062400000000000004,78
-1.3472e-06,0.0616,77
-1.3468e-06,0.0616,77
-1.3464e-06,0.0616,77
-1.346e-06,0.0616,77
-1.3455999999999999e-06,0.0616,77
-1.3452e-06,0.0616,77
-1.3448e-06,0.0608,76
-1.3444e-06,0.060000000000000005,75
-1.3440000000000002e-06,0.0616,77
-1.3436000000000001e-06,0.0616,77
-1.3432000000000001e-06,0.0608,76
-1.3428e-06,0.0608,76
-1.3424e-06,0.0608,76
-1.342e-06,0.0616,77
-1.3416e-06,0.0616,77
-1.3412e-06,0.062400000000000004,78
-1.3408e-06,0.0616,77
-1.3404e-06,0.062400000000000004,78
-1.3399999999999999e-06,0.0616,77
-1.3396e-06,0.0616,77
-1.3392e-06,0.0608,76
-1.3388e-06,0.062400000000000004,78
-1.3384000000000002e-06,0.0616,77
-1.3380000000000001e-06,0.0616,77
-1.3376000000000001e-06,0.0616,77
-1.3372e-06,0.0616,77
-1.3368e-06,0.0616,77
-1.3364e-06,0.0616,77
-1.336e-06,0.0616,77
-1.3356e-06,0.0608,76
-1.3352e-06,0.0616,77
-1.3348e-06,0.0608,76
-1.3343999999999999e-06,0.0616,77
-1.334e-06,0.0616,77
-1.3336e-06,0.0608,76
-1.3332e-06,0.0608,76
-1.3328000000000002e-06,0.0608,76
-1.3324000000000002e-06,0.0616,77
-1.3320000000000001e-06,0.0616,77
-1.3316e-06,0.0608,76
-1.3312e-06,0.0608,76
-1.3308e-06,0.0616,77
-1.3304e-06,0.0616,77
-1.33e-06,0.0616,77
-1.3296e-06,0.0616,77
-1.3292e-06,0.062400000000000004,78
-1.3287999999999999e-06,0.0616,77
-1.3284e-06,0.0616,77
-1.328e-06,0.0608,76
-1.3276e-06,0.0608,76
-1.3272000000000002e-06,0.0608,76
-1.3268000000000002e-06,0.0608,76
-1.3264000000000001e-06,0.0608,76
-1.326e-06,0.0616,77
-1.3256e-06,0.0616,77
-1.3252e-06,0.0616,77
-1.3248e-06,0.060000000000000005,75
-1.3244e-06,0.0608,76
-1.324e-06,0.0616,77
-1.3236e-06,0.0616,77
-1.3231999999999999e-06,0.0616,77
-1.3228e-06,0.0616,77
-1.3224e-06,0.0616,77
-1.322e-06,0.0616,77
-1.3216e-06,0.062400000000000004,78
-1.3212000000000002e-06,0.0616,77
-1.3208000000000001e-06,0.062400000000000004,78
-1.3204e-06,0.0616,77
-1.32e-06,0.0616,77
-1.3196e-06,0.0616,77
-1.3192e-06,0.0616,77
-1.3188e-06,0.0608,76
-1.3184e-06,0.0616,77
-1.318e-06,0.0616,77
-1.3175999999999999e-06,0.0616,77
-1.3172e-06,0.0616,77
-1.3168e-06,0.0616,77
-1.3164e-06,0.0616,77
-1.316e-06,0.060000000000000005,75
-1.3156000000000002e-06,0.0608,76
-1.3152000000000001e-06,0.0608,76
-1.3148e-06,0.060000000000000005,75
-1.3144e-06,0.060000000000000005,75
-1.314e-06,0.0616,77
-1.3136e-06,0.0616,77
-1.3132e-06,0.060000000000000005,75
-1.3128e-06,0.0616,77
-1.3124e-06,0.0616,77
-1.3119999999999999e-06,0.0616,77
-1.3116e-06,0.0616,77
-1.3112e-06,0.062400000000000004,78
-1.3108e-06,0.0616,77
-1.3104e-06,0.0616,77
-1.3100000000000002e-06,0.0616,77
-1.3096000000000001e-06,0.0616,77
-1.3092e-06,0.0616,77
-1.3088e-06,0.062400000000000004,78
-1.3084e-06,0.0616,77
-1.308e-06,0.0616,77
-1.3076e-06,0.0616,77
-1.3072e-06,0.0616,77
-1.3068e-06,0.062400000000000004,78
-1.3063999999999999e-06,0.0616,77
-1.306e-06,0.0616,77
-1.3056e-06,0.0616,77
-1.3052e-06,0.0616,77
-1.3048e-06,0.0608,76
-1.3044000000000002e-06,0.0616,77
-1.3040000000000001e-06,0.0608,76
-1.3036e-06,0.0608,76
-1.3032e-06,0.0608,76
-1.3028e-06,0.0608,76
-1.3024e-06,0.060000000000000005,75
-1.302e-06,0.0616,77
-1.3016e-06,0.062400000000000004,78
-1.3012e-06,0.0616,77
-1.3008e-06,0.0616,77
-1.3004e-06,0.0616,77
-1.3e-06,0.0608,76
-1.2996e-06,0.0616,77
-1.2992e-06,0.0616,77
-1.2988000000000002e-06,0.0616,77
-1.2984000000000001e-06,0.0616,77
-1.2980000000000001e-06,0.0608,76
-1.2976e-06,0.0616,77
-1.2972e-06,0.0616,77
-1.2968e-06,0.0616,77
-1.2964e-06,0.0616,77
-1.296e-06,0.0616,77
-1.2956e-06,0.0616,77
-1.2952e-06,0.0616,77
-1.2947999999999999e-06,0.0616,77
-1.2944e-06,0.0616,77
-1.294e-06,0.0616,77
-1.2936e-06,0.0608,76
-1.2932000000000002e-06,0.0608,76
-1.2928000000000001e-06,0.0616,77
-1.2924000000000001e-06,0.0616,77
-1.292e-06,0.0616,77
-1.2916e-06,0.0616,77
-1.2912e-06,0.0616,77
-1.2908e-06,0.0608,76
-1.2904e-06,0.062400000000000004,78
-1.29e-06,0.062400000000000004,78
-1.2896e-06,0.0616,77
-1.2891999999999999e-06,0.0616,77
-1.2888e-06,0.0616,77
-1.2884e-06,0.0608,76
-1.288e-06,0.0616,77
-1.2876000000000002e-06,0.0616,77
-1.2872000000000001e-06,0.062400000000000004,78
-1.2868000000000001e-06,0.0616,77
-1.2864e-06,0.0616,77
-1.286e-06,0.0616,77
-1.2856e-06,0.0616,77
-1.2852e-06,0.0616,77
-1.2848e-06,0.0608,76
-1.2844e-06,0.0616,77
-1.284e-06,0.0616,77
-1.2835999999999999e-06,0.0616,77
-1.2832e-06,0.062400000000000004,78
-1.2828e-06,0.0616,77
-1.2824e-06,0.0616,77
-1.2820000000000002e-06,0.0616,77
-1.2816000000000001e-06,0.0616,77
-1.2812000000000001e-06,0.0616,77
-1.2808e-06,0.0616,77
-1.2804e-06,0.0608,76
-1.28e-06,0.0616,77
-1.2796e-06,0.0608,76
-1.2792e-06,0.0608,76
-1.2788e-06,0.0616,77
-1.2784e-06,0.062400000000000004,78
-1.2779999999999999e-06,0.062400000000000004,78
-1.2776e-06,0.0608,76
-1.2772e-06,0.0616,77
-1.2768e-06,0.0616,77
-1.2764000000000002e-06,0.0616,77
-1.2760000000000001e-06,0.0616,77
-1.2756000000000001e-06,0.0616,77
-1.2752e-06,0.0616,77
-1.2748e-06,0.062400000000000004,78
-1.2744e-06,0.0616,77
-1.274e-06,0.0608,76
-1.2736e-06,0.0616,77
-1.2732e-06,0.0616,77
-1.2728e-06,0.0616,77
-1.2723999999999999e-06,0.0616,77
-1.272e-06,0.0616,77
-1.2716e-06,0.0616,77
-1.2712e-06,0.0616,77
-1.2708000000000002e-06,0.0616,77
-1.2704000000000002e-06,0.0616,77
-1.2700000000000001e-06,0.0616,77
-1.2696e-06,0.0616,77
-1.2692e-06,0.0616,77
-1.2688e-06,0.0616,77
-1.2684e-06,0.0616,77
-1.268e-06,0.062400000000000004,78
-1.2676e-06,0.0616,77
-1.2672e-06,0.0616,77
-1.2667999999999999e-06,0.0632,79
-1.2664e-06,0.062400000000000004,78
-1.266e-06,0.0616,77
-1.2656e-06,0.0616,77
-1.2652e-06,0.0616,77
-1.2648000000000002e-06,0.0616,77
-1.2644000000000001e-06,0.0608,76
-1.264e-06,0.0616,77
-1.2636e-06,0.062400000000000004,78
-1.2632e-06,0.0608,76
-1.2628e-06,0.0608,76
-1.2624e-06,0.060000000000000005,75
-1.262e-06,0.0608,76
-1.2616e-06,0.0608,76
-1.2611999999999999e-06,0.0608,76
-1.2608e-06,0.0616,77
-1.2604e-06,0.0616,77
-1.26e-06,0.0608,76
-1.2596e-06,0.0616,77
-1.2592000000000002e-06,0.0616,77
-1.2588000000000001e-06,0.0632,79
-1.2584e-06,0.0616,77
-1.258e-06,0.0616,77
-1.2576e-06,0.0616,77
-1.2572e-06,0.0616,77
-1.2568e-06,0.0616,77
-1.2564e-06,0.0608,76
-1.256e-06,0.0616,77
-1.2555999999999999e-06,0.0616,77
-1.2552e-06,0.0608,76
-1.2548e-06,0.0616,77
-1.2544e-06,0.0616,77
-1.254e-06,0.062400000000000004,78
-1.2536000000000002e-06,0.0616,77
-1.2532000000000001e-06,0.0616,77
-1.2528e-06,0.0616,77
-1.2524e-06,0.0608,76
-1.252e-06,0.0616,77
-1.2516e-06,0.0616,77
-1.2512e-06,0.0608,76
-1.2508e-06,0.0608,76
-1.2504e-06,0.0608,76
-1.2499999999999999e-06,0.0616,77
-1.2496e-06,0.0616,77
-1.2492e-06,0.062400000000000004,78
-1.2488e-06,0.0616,77
-1.2484e-06,0.0616,77
-1.2480000000000002e-06,0.0616,77
-1.2476000000000001e-06,0.0616,77
-1.2472e-06,0.0608,76
-1.2468e-06,0.0616,77
-1.2464e-06,0.0616,77
-1.246e-06,0.0608,76
-1.2456e-06,0.0616,77
-1.2452e-06,0.0608,76
-1.2448e-06,0.0616,77
-1.2443999999999999e-06,0.062400000000000004,78
-1.244e-06,0.0616,77
-1.2436e-06,0.062400000000000004,78
-1.2432e-06,0.0616,77
-1.2428e-06,0.0616,77
-1.2424000000000002e-06,0.0616,77
-1.2420000000000001e-06,0.0616,77
-1.2416000000000001e-06,0.062400000000000004,78
-1.2412e-06,0.0616,77
-1.2408e-06,0.0616,77
-1.2404e-06,0.0616,77
-1.24e-06,0.0616,77
-1.2396e-06,0.0616,77
-1.2392e-06,0.062400000000000004,78
-1.2388e-06,0.0616,77
-1.2383999999999999e-06,0.0608,76
-1.238e-06,0.0616,77
-1.2376e-06,0.0608,76
-1.2372e-06,0.0608,76
-1.2368000000000002e-06,0.0608,76
-1.2364000000000001e-06,0.0608,76
-1.2360000000000001e-06,0.0608,76
-1.2356e-06,0.0616,77
-1.2352e-06,0.0616,77
-1.2348e-06,0.0616,77
-1.2344e-06,0.062400000000000004,78
-1.234e-06,0.0608,76
-1.2336e-06,0.0616,77
-1.2332e-06,0.0616,77
-1.2327999999999999e-06,0.0616,77
-1.2324e-06,0.0616,77
-1.232e-06,0.0616,77
-1.2316e-06,0.0616,77
-1.2312000000000002e-06,0.0616,77
-1.2308000000000001e-06,0.0616,77
-1.2304000000000001e-06,0.0616,77
-1.23e-06,0.0616,77
-1.2296e-06,0.0616,77
-1.2292e-06,0.0616,77
-1.2288e-06,0.0616,77
-1.2284e-06,0.0608,76
-1.228e-06,0.0616,77
-1.2276e-06,0.0616,77
-1.2271999999999999e-06,0.0616,77
-1.2268e-06,0.0616,77
-1.2264e-06,0.0616,77
-1.226e-06,0.0616,77
-1.2256000000000002e-06,0.0616,77
-1.2252000000000001e-06,0.0616,77
-1.2248000000000001e-06,0.0616,77
-1.2244e-06,0.0616,77
-1.224e-06,0.0616,77
-1.2236e-06,0.0608,76
-1.2232e-06,0.0616,77
-1.2228e-06,0.0616,77
-1.2224e-06,0.0608,76
-1.222e-06,0.0616,77
-1.2215999999999999e-06,0.0616,77
-1.2212e-06,0.0616,77
-1.2208e-06,0.062400000000000004,78
-1.2204e-06,0.0616,77
-1.2200000000000002e-06,0.0616,77
-1.2196000000000001e-06,0.0616,77
-1.2192000000000001e-06,0.0616,77
-1.2188e-06,0.0616,77
-1.2184e-06,0.0616,77
-1.218e-06,0.062400000000000004,78
-1.2176e-06,0.0616,77
-1.2172e-06,0.0616,77
-1.2168e-06,0.0608,76
-1.2164e-06,0.0616,77
-1.2159999999999999e-06,0.0616,77
-1.2156e-06,0.0608,76
-1.2152e-06,0.0608,76
-1.2148e-06,0.0616,77
-1.2144000000000002e-06,0.0616,77
-1.2140000000000002e-06,0.0616,77
-1.2136000000000001e-06,0.0616,77
-1.2132e-06,0.0616,77
-1.2128e-06,0.0616,77
-1.2124e-06,0.0616,77
-1.212e-06,0.0608,76
-1.2116e-06,0.0616,77
-1.2112e-06,0.0616,77
-1.2108e-06,0.0616,77
-1.2103999999999999e-06,0.0608,76
-1.21e-06,0.0616,77
-1.2096e-06,0.060000000000000005,75
-1.2092e-06,0.0608,76
-1.2088e-06,0.0616,77
-1.2084000000000002e-06,0.0616,77
-1.2080000000000001e-06,0.0616,77
-1.2076e-06,0.0616,77
-1.2072e-06,0.0616,77
-1.2068e-06,0.0616,77
-1.2064e-06,0.0616,77
-1.206e-06,0.0616,77
-1.2056e-06,0.0616,77
-1.2052e-06,0.0608,76
-1.2047999999999999e-06,0.0616,77
-1.2044e-06,0.0608,76
-1.204e-06,0.062400000000000004,78
-1.2036e-06,0.062400000000000004,78
-1.2032e-06,0.0616,77
-1.2028000000000002e-06,0.0616,77
-1.2024000000000001e-06,0.062400000000000004,78
-1.202e-06,0.0616,77
-1.2016e-06,0.0616,77
-1.2012e-06,0.062400000000000004,78
-1.2008e-06,0.0608,76
-1.2004e-06,0.0616,77
-1.2e-06,0.0616,77
-1.1996e-06,0.0608,76
-1.1991999999999999e-06,0.0616,77
-1.1988e-06,0.0616,77
-1.1984e-06,0.062400000000000004,78
-1.198e-06,0.0616,77
-1.1976e-06,0.0616,77
-1.1972000000000002e-06,0.0616,77
-1.1968000000000001e-06,0.0616,77
-1.1964e-06,0.0616,77
-1.196e-06,0.062400000000000004,78
-1.1956e-06,0.0616,77
-1.1952e-06,0.0616,77
-1.1948e-06,0.0616,77
-1.1944e-06,0.062400000000000004,78
-1.194e-06,0.0616,77
-1.1935999999999999e-06,0.0616,77
-1.1932e-06,0.0616,77
-1.1928e-06,0.0608,76
-1.1924e-06,0.0608,76
-1.192e-06,0.062400000000000004,78
-1.1916000000000002e-06,0.0608,76
-1.1912000000000001e-06,0.0616,77
-1.1908e-06,0.0616,77
-1.1904e-06,0.062400000000000004,78
-1.19e-06,0.062400000000000004,78
-1.1896e-06,0.062400000000000004,78
-1.1892e-06,0.062400000000000004,78
-1.1888e-06,0.0616,77
-1.1884e-06,0.062400000000000004,78
-1.1879999999999999e-06,0.062400000000000004,78
-1.1876e-06,0.0616,77
-1.1872e-06,0.0616,77
-1.1868e-06,0.0616,77
-1.1864e-06,0.0616,77
-1.1860000000000002e-06,0.0616,77
-1.1856000000000001e-06,0.0616,77
-1.1852e-06,0.0616,77
-1.1848e-06,0.062400000000000004,78
-1.1844e-06,0.060000000000000005,75
-1.184e-06,0.0616,77
-1.1836e-06,0.0616,77
-1.1832e-06,0.0616,77
-1.1828e-06,0.0616,77
-1.1823999999999999e-06,0.062400000000000004,78
-1.1819999999999999e-06,0.062400000000000004,78
-1.1816e-06,0.062400000000000004,78
-1.1812e-06,0.062400000000000004,78
-1.1808e-06,0.0608,76
-1.1804000000000002e-06,0.0616,77
-1.1800000000000001e-06,0.060000000000000005,75
-1.1796000000000001e-06,0.0608,76
-1.1792e-06,0.0616,77
-1.1788e-06,0.0616,77
-1.1784e-06,0.062400000000000004,78
-1.178e-06,0.0616,77
-1.1776e-06,0.0616,77
-1.1772e-06,0.0616,77
-1.1768e-06,0.0616,77
-1.1763999999999999e-06,0.062400000000000004,78
-1.176e-06,0.0616,77
-1.1756e-06,0.0616,77
-1.1752e-06,0.0616,77
-1.1748000000000002e-06,0.062400000000000004,78
-1.1744000000000001e-06,0.0616,77
-1.1740000000000001e-06,0.0632,79
-1.1736e-06,0.062400000000000004,78
-1.1732e-06,0.0616,77
-1.1728e-06,0.0616,77
-1.1724e-06,0.0608,76
-1.172e-06,0.0616,77
-1.1716e-06,0.0616,77
-1.1712e-06,0.0616,77
-1.1707999999999999e-06,0.0608,76
-1.1704e-06,0.0616,77
-1.17e-06,0.0616,77
-1.1696e-06,0.0608,76
-1.1692000000000002e-06,0.062400000000000004,78
-1.1688000000000001e-06,0.0616,77
-1.1684000000000001e-06,0.0608,76
-1.168e-06,0.0608,76
-1.1676e-06,0.0616,77
-1.1672e-06,0.0608,76
-1.1668e-06,0.062400000000000004,78
-1.1664e-06,0.062400000000000004,78
-1.166e-06,0.0616,77
-1.1656e-06,0.0616,77
-1.1651999999999999e-06,0.0608,76
-1.1648e-06,0.0608,76
-1.1644e-06,0.0608,76
-1.164e-06,0.0616,77
-1.1636000000000002e-06,0.0616,77
-1.1632000000000001e-06,0.0616,77
-1.1628000000000001e-06,0.0616,77
-1.1624e-06,0.0616,77
-1.162e-06,0.0616,77
-1.1616e-06,0.0608,76
-1.1612e-06,0.0608,76
-1.1608e-06,0.0616,77
-1.1604e-06,0.062400000000000004,78
-1.16e-06,0.0616,77
-1.1595999999999999e-06,0.0616,77
-1.1592e-06,0.0616,77
-1.1588e-06,0.0616,77
-1.1584e-06,0.0616,77
-1.1580000000000002e-06,0.0608,76
-1.1576000000000001e-06,0.0616,77
-1.1572000000000001e-06,0.0616,77
-1.1568e-06,0.0616,77
-1.1564e-06,0.0616,77
-1.156e-06,0.0616,77
-1.1556e-06,0.0616,77
-1.1552e-06,0.0616,77
-1.1548e-06,0.0632,79
-1.1544e-06,0.0616,77
-1.1539999999999999e-06,0.0608,76
-1.1536e-06,0.0608,76
-1.1532e-06,0.0616,77
-1.1528e-06,0.0616,77
-1.1524e-06,0.0608,76
-1.1520000000000002e-06,0.0616,77
-1.1516000000000001e-06,0.0616,77
-1.1512e-06,0.062400000000000004,78
-1.1508e-06,0.0608,76
-1.1504e-06,0.062400000000000004,78
-1.15e-06,0.0616,77
-1.1496e-06,0.0616,77
-1.1492e-06,0.0616,77
-1.1488e-06,0.0616,77
-1.1483999999999999e-06,0.0616,77
-1.148e-06,0.0616,77
-1.1476e-06,0.062400000000000004,78
-1.1472e-06,0.0632,79
-1.1468e-06,0.0616,77
-1.1464000000000002e-06,0.0616,77
-1.1460000000000001e-06,0.062400000000000004,78
-1.1456e-06,0.0616,77
-1.1452e-06,0.0616,77
-1.1448e-06,0.0616,77
-1.1444e-06,0.0616,77
-1.144e-06,0.0616,77
-1.1436e-06,0.0616,77
-1.1432e-06,0.062400000000000004,78
-1.1427999999999999e-06,0.0616,77
-1.1424e-06,0.062400000000000004,78
-1.142e-06,0.0608,76
-1.1416e-06,0.0616,77
-1.1412e-06,0.0616,77
-1.1408000000000002e-06,0.0616,77
-1.1404000000000001e-06,0.062400000000000004,78
-1.14e-06,0.0616,77
-1.1396e-06,0.0616,77
-1.1392e-06,0.0608,76
-1.1388e-06,0.0616,77
-1.1384e-06,0.0616,77
-1.138e-06,0.0616,77
-1.1376e-06,0.062400000000000004,78
-1.1371999999999999e-06,0.0616,77
-1.1368e-06,0.0616,77
-1.1364e-06,0.0616,77
-1.136e-06,0.062400000000000004,78
-1.1356e-06,0.0608,76
-1.1352000000000002e-06,0.0616,77
-1.1348000000000001e-06,0.0616,77
-1.1344e-06,0.0616,77
-1.134e-06,0.0616,77
-1.1336e-06,0.0608,76
-1.1332e-06,0.0616,77
-1.1328e-06,0.0616,77
-1.1324e-06,0.0608,76
-1.132e-06,0.0616,77
-1.1315999999999999e-06,0.0608,76
-1.1312e-06,0.0616,77
-1.1308e-06,0.0616,77
-1.1304e-06,0.062400000000000004,78
-1.13e-06,0.062400000000000004,78
-1.1296000000000002e-06,0.062400000000000004,78
-1.1292000000000001e-06,0.0616,77
-1.1288e-06,0.062400000000000004,78
-1.1284e-06,0.0616,77
-1.128e-06,0.0616,77
-1.1276e-06,0.0616,77
-1.1272e-06,0.0608,76
-1.1268e-06,0.0608,76
-1.1264e-06,0.0616,77
-1.1259999999999999e-06,0.0616,77
-1.1255999999999999e-06,0.0616,77
-1.1252e-06,0.0608,76
-1.1248e-06,0.0616,77
-1.1244e-06,0.0616,77
-1.1240000000000002e-06,0.0608,76
-1.1236000000000001e-06,0.0616,77
-1.1232e-06,0.0616,77
-1.1228e-06,0.0616,77
-1.1224e-06,0.0616,77
-1.122e-06,0.0616,77
-1.1216e-06,0.0608,76
-1.1212e-06,0.0616,77
-1.1208e-06,0.0616,77
-1.1204e-06,0.0616,77
-1.1199999999999999e-06,0.0616,77
-1.1196e-06,0.0616,77
-1.1192e-06,0.0616,77
-1.1188e-06,0.0616,77
-1.1184000000000002e-06,0.062400000000000004,78
-1.1180000000000001e-06,0.0616,77
-1.1176000000000001e-06,0.0616,77
-1.1172e-06,0.0616,77
-1.1168e-06,0.0616,77
-1.1164e-06,0.0608,76
-1.116e-06,0.0616,77
-1.1156e-06,0.0608,76
-1.1152e-06,0.0608,76
-1.1148e-06,0.0608,76
-1.1143999999999999e-06,0.0608,76
-1.114e-06,0.0616,77
-1.1136e-06,0.0608,76
-1.1132e-06,0.0616,77
-1.1128000000000002e-06,0.0616,77
-1.1124000000000001e-06,0.0616,77
-1.1120000000000001e-06,0.0616,77
-1.1116e-06,0.0616,77
-1.1112e-06,0.0608,76
-1.1108e-06,0.0616,77
-1.1104e-06,0.0616,77
-1.11e-06,0.0608,76
-1.1096e-06,0.0616,77
-1.1092e-06,0.0616,77
-1.1087999999999999e-06,0.0616,77
-1.1084e-06,0.0616,77
-1.108e-06,0.062400000000000004,78
-1.1076e-06,0.0616,77
-1.1072000000000002e-06,0.0608,76
-1.1068000000000001e-06,0.062400000000000004,78
-1.1064000000000001e-06,0.062400000000000004,78
-1.106e-06,0.0608,76
-1.1056e-06,0.0616,77
-1.1052e-06,0.062400000000000004,78
-1.1048e-06,0.0616,77
-1.1044e-06,0.0616,77
-1.104e-06,0.060000000000000005,75
-1.1036e-06,0.060000000000000005,75
-1.1031999999999999e-06,0.0616,77
-1.1028e-06,0.0616,77
-1.1024e-06,0.0616,77
-1.102e-06,0.0616,77
-1.1016000000000002e-06,0.0608,76
-1.1012000000000001e-06,0.0616,77
-1.1008000000000001e-06,0.0616,77
-1.1004e-06,0.0616,77
-1.1e-06,0.062400000000000004,78
-1.0996e-06,0.0616,77
-1.0992e-06,0.0616,77
-1.0988e-06,0.060000000000000005,75
-1.0984e-06,0.0616,77
-1.098e-06,0.062400000000000004,78
-1.0975999999999999e-06,0.0616,77
-1.0972e-06,0.0616,77
-1.0968e-06,0.0616,77
-1.0964e-06,0.0616,77
-1.096e-06,0.0616,77
-1.0956000000000001e-06,0.0608,76
-1.0952000000000001e-06,0.062400000000000004,78
-1.0948e-06,0.0616,77
-1.0944e-06,0.0616,77
-1.094e-06,0.0608,76
-1.0936e-06,0.0616,77
-1.0932e-06,0.0608,76
-1.0928e-06,0.0616,77
-1.0924e-06,0.0616,77
-1.0919999999999999e-06,0.062400000000000004,78
-1.0916e-06,0.0616,77
-1.0912e-06,0.062400000000000004,78
-1.0908e-06,0.0616,77
-1.0904e-06,0.0608,76
-1.0900000000000002e-06,0.0616,77
-1.0896000000000001e-06,0.0616,77
-1.0892e-06,0.0616,77
-1.0888e-06,0.0616,77
-1.0884e-06,0.0616,77
-1.088e-06,0.0616,77
-1.0876e-06,0.0608,76
-1.0872e-06,0.0608,76
-1.0868e-06,0.0616,77
-1.0863999999999999e-06,0.0608,76
-1.086e-06,0.0616,77
-1.0856e-06,0.0616,77
-1.0852e-06,0.0616,77
-1.0848e-06,0.0616,77
-1.0844000000000002e-06,0.0616,77
-1.0840000000000001e-06,0.0616,77
-1.0836e-06,0.0616,77
-1.0832e-06,0.0616,77
-1.0828e-06,0.0616,77
-1.0824e-06,0.0616,77
-1.082e-06,0.0616,77
-1.0816e-06,0.0616,77
-1.0812e-06,0.0616,77
-1.0807999999999999e-06,0.062400000000000004,78
-1.0804e-06,0.0616,77
-1.08e-06,0.0616,77
-1.0796e-06,0.0616,77
-1.0792e-06,0.0616,77
-1.0788000000000002e-06,0.0616,77
-1.0784000000000001e-06,0.0616,77
-1.078e-06,0.0616,77
-1.0776e-06,0.0616,77
-1.0772e-06,0.062400000000000004,78
-1.0768e-06,0.062400000000000004,78
-1.0764e-06,0.0616,77
-1.076e-06,0.0616,77
-1.0756e-06,0.0616,77
-1.0751999999999999e-06,0.0616,77
-1.0748e-06,0.0616,77
-1.0744e-06,0.0608,76
-1.074e-06,0.0608,76
-1.0736e-06,0.060000000000000005,75
-1.0732000000000002e-06,0.0616,77
-1.0728000000000001e-06,0.0616,77
-1.0724e-06,0.0608,76
-1.072e-06,0.0616,77
-1.0716e-06,0.062400000000000004,78
-1.0712e-06,0.0616,77
-1.0708e-06,0.0616,77
-1.0704e-06,0.0616,77
-1.07e-06,0.0616,77
-1.0695999999999999e-06,0.0616,77
-1.0691999999999999e-06,0.0616,77
-1.0688e-06,0.0616,77
-1.0684e-06,0.0616,77
-1.068e-06,0.0608,76
-1.0676000000000002e-06,0.0608,76
-1.0672000000000001e-06,0.0616,77
-1.0668e-06,0.0608,76
-1.0664e-06,0.0616,77
-1.066e-06,0.062400000000000004,78
-1.0656e-06,0.0616,77
-1.0652e-06,0.0616,77
-1.0648e-06,0.0616,77
-1.0644e-06,0.0608,76
-1.0639999999999999e-06,0.0616,77
-1.0635999999999999e-06,0.0616,77
-1.0632e-06,0.0616,77
-1.0628e-06,0.0616,77
-1.0624e-06,0.0616,77
-1.0620000000000002e-06,0.0616,77
-1.0616000000000001e-06,0.0616,77
-1.0612e-06,0.0616,77
-1.0608e-06,0.0616,77
-1.0604e-06,0.0616,77
-1.06e-06,0.0616,77
-1.0596e-06,0.0616,77
-1.0592e-06,0.0616,77
-1.0588e-06,0.0616,77
-1.0584e-06,0.0616,77
-1.0579999999999999e-06,0.0616,77
-1.0576e-06,0.0616,77
-1.0572e-06,0.0616,77
-1.0568e-06,0.0616,77
-1.0564000000000002e-06,0.0616,77
-1.0560000000000001e-06,0.0616,77
-1.0556000000000001e-06,0.0616,77
-1.0552e-06,0.0608,76
-1.0548e-06,0.0616,77
-1.0544e-06,0.0616,77
-1.054e-06,0.062400000000000004,78
-1.0536e-06,0.060000000000000005,75
-1.0532e-06,0.0608,76
-1.0528e-06,0.060000000000000005,75
-1.0523999999999999e-06,0.0608,76
-1.052e-06,0.0608,76
-1.0516e-06,0.0616,77
-1.0512e-06,0.060000000000000005,75
-1.0508000000000002e-06,0.0608,76
-1.0504000000000001e-06,0.0616,77
-1.0500000000000001e-06,0.0616,77
-1.0496e-06,0.0616,77
-1.0492e-06,0.0616,77
-1.0488e-06,0.0616,77
-1.0484e-06,0.0616,77
-1.048e-06,0.0616,77
-1.0476e-06,0.0616,77
-1.0472e-06,0.062400000000000004,78
-1.0467999999999999e-06,0.0616,77
-1.0464e-06,0.060000000000000005,75
-1.046e-06,0.0616,77
-1.0456e-06,0.0616,77
-1.0452000000000002e-06,0.0616,77
-1.0448000000000001e-06,0.0608,76
-1.0444000000000001e-06,0.0616,77
-1.044e-06,0.0616,77
-1.0436e-06,0.0616,77
-1.0432e-06,0.0616,77
-1.0428e-06,0.060000000000000005,75
-1.0424e-06,0.0616,77
-1.042e-06,0.0608,76
-1.0416e-06,0.062400000000000004,78
-1.0411999999999999e-06,0.0616,77
-1.0408e-06,0.0616,77
-1.0404e-06,0.0608,76
-1.04e-06,0.0616,77
-1.0396e-06,0.0616,77
-1.0392000000000001e-06,0.0616,77
-1.0388000000000001e-06,0.0616,77
-1.0384e-06,0.0616,77
-1.038e-06,0.0616,77
-1.0376e-06,0.0616,77
-1.0372e-06,0.0616,77
-1.0368e-06,0.0616,77
-1.0364e-06,0.0616,77
-1.036e-06,0.0616,77
-1.0355999999999999e-06,0.0616,77
-1.0352e-06,0.0608,76
-1.0348e-06,0.0608,76
-1.0344e-06,0.0616,77
-1.034e-06,0.0616,77
-1.0336000000000001e-06,0.0608,76
-1.0332000000000001e-06,0.0616,77
-1.0328e-06,0.0616,77
-1.0324e-06,0.0608,76
-1.032e-06,0.060000000000000005,75
-1.0316e-06,0.0616,77
-1.0312e-06,0.062400000000000004,78
-1.0308e-06,0.0616,77
-1.0304e-06,0.0616,77
-1.0299999999999999e-06,0.0616,77
-1.0296e-06,0.0616,77
-1.0292e-06,0.0616,77
-1.0288e-06,0.0608,76
-1.0284e-06,0.0616,77
-1.0280000000000002e-06,0.0616,77
-1.0276000000000001e-06,0.0616,77
-1.0272e-06,0.0616,77
-1.0268e-06,0.0616,77
-1.0264e-06,0.0608,76
-1.026e-06,0.0608,76
-1.0256e-06,0.0616,77
-1.0252e-06,0.0616,77
-1.0248e-06,0.0608,76
-1.0243999999999999e-06,0.0616,77
-1.024e-06,0.0616,77
-1.0236e-06,0.0616,77
-1.0232e-06,0.062400000000000004,78
-1.0228e-06,0.0616,77
-1.0224000000000002e-06,0.062400000000000004,78
-1.0220000000000001e-06,0.0616,77
-1.0216e-06,0.062400000000000004,78
-1.0212e-06,0.0608,76
-1.0208e-06,0.0616,77
-1.0204e-06,0.0608,76
-1.02e-06,0.0616,77
-1.0196e-06,0.0608,76
-1.0192e-06,0.0616,77
-1.0187999999999999e-06,0.0616,77
-1.0184e-06,0.0616,77
-1.018e-06,0.0616,77
-1.0176e-06,0.0616,77
-1.0172e-06,0.0616,77
-1.0168000000000002e-06,0.0608,76
-1.0164000000000001e-06,0.0608,76
-1.016e-06,0.0616,77
-1.0156e-06,0.0616,77
-1.0152e-06,0.0616,77
-1.0148e-06,0.0608,76
-1.0144e-06,0.0608,76
-1.014e-06,0.0616,77
-1.0136e-06,0.0608,76
-1.0131999999999999e-06,0.0616,77
-1.0127999999999999e-06,0.0616,77
-1.0124e-06,0.0616,77
-1.012e-06,0.062400000000000004,78
-1.0116e-06,0.0616,77
-1.0112000000000002e-06,0.0608,76
-1.0108000000000001e-06,0.0616,77
-1.0104e-06,0.0616,77
-1.01e-06,0.0616,77
-1.0096e-06,0.0616,77
-1.0092e-06,0.0616,77
-1.0088e-06,0.0616,77
-1.0084e-06,0.0616,77
-1.008e-06,0.0616,77
-1.0075999999999999e-06,0.0608,76
-1.0071999999999999e-06,0.0616,77
-1.0068e-06,0.0616,77
-1.0064e-06,0.0616,77
-1.006e-06,0.0616,77
-1.0056000000000002e-06,0.0616,77
-1.0052000000000001e-06,0.0608,76
-1.0048e-06,0.0608,76
-1.0044e-06,0.062400000000000004,78
-1.004e-06,0.062400000000000004,78
-1.0036e-06,0.0608,76
-1.0032e-06,0.0608,76
-1.0028e-06,0.0608,76
-1.0024e-06,0.0608,76
-1.0019999999999999e-06,0.0616,77
-1.0015999999999999e-06,0.0608,76
-1.0012e-06,0.0616,77
-1.0008e-06,0.0616,77
-1.0004e-06,0.0616,77
-1.0000000000000002e-06,0.0616,77
-9.996000000000001e-07,0.0608,76
-9.992000000000001e-07,0.0608,76
-9.988e-07,0.0616,77
-9.984e-07,0.0616,77
-9.98e-07,0.0616,77
-9.976e-07,0.0616,77
-9.972e-07,0.0616,77
-9.968e-07,0.0616,77
-9.964e-07,0.0616,77
-9.959999999999999e-07,0.0616,77
-9.956e-07,0.0608,76
-9.952e-07,0.0616,77
-9.948e-07,0.0616,77
-9.944000000000002e-07,0.0616,77
-9.940000000000001e-07,0.0608,76
-9.936000000000001e-07,0.0616,77
-9.932e-07,0.0616,77
-9.928e-07,0.0608,76
-9.924e-07,0.0616,77
-9.92e-07,0.0608,76
-9.916e-07,0.060000000000000005,75
-9.912e-07,0.0616,77
-9.908e-07,0.0616,77
-9.903999999999999e-07,0.062400000000000004,78
-9.9e-07,0.0616,77
-9.896e-07,0.0608,76
-9.892e-07,0.0616,77
-9.888000000000002e-07,0.0608,76
-9.884000000000001e-07,0.0616,77
-9.880000000000001e-07,0.0616,77
-9.876e-07,0.0608,76
-9.872e-07,0.060000000000000005,75
-9.868e-07,0.0616,77
-9.864e-07,0.0616,77
-9.86e-07,0.0616,77
-9.856e-07,0.0616,77
-9.852e-07,0.0608,76
-9.847999999999999e-07,0.0616,77
-9.844e-07,0.0616,77
-9.84e-07,0.0616,77
-9.836e-07,0.0616,77
-9.832e-07,0.0616,77
-9.828000000000001e-07,0.0616,77
-9.824000000000001e-07,0.0616,77
-9.82e-07,0.0616,77
-9.816e-07,0.0616,77
-9.812e-07,0.0608,76
-9.808e-07,0.0616,77
-9.804e-07,0.0616,77
-9.8e-07,0.0616,77
-9.796e-07,0.062400000000000004,78
-9.791999999999999e-07,0.0616,77
-9.788e-07,0.0616,77
-9.784e-07,0.0616,77
-9.78e-07,0.0616,77
-9.776e-07,0.0616,77
-9.772000000000001e-07,0.0616,77
-9.768000000000001e-07,0.0616,77
-9.764e-07,0.0616,77
-9.76e-07,0.0616,77
-9.756e-07,0.0616,77
-9.752e-07,0.060000000000000005,75
-9.748e-07,0.0608,76
-9.744e-07,0.0616,77
-9.74e-07,0.0608,76
-9.735999999999999e-07,0.0616,77
-9.732e-07,0.0616,77
-9.728e-07,0.0616,77
-9.724e-07,0.0616,77
-9.72e-07,0.062400000000000004,78
-9.716000000000002e-07,0.0616,77
-9.712000000000001e-07,0.0616,77
-9.708e-07,0.0616,77
-9.704e-07,0.0616,77
-9.7e-07,0.0616,77
-9.696e-07,0.0616,77
-9.692e-07,0.0616,77
-9.688e-07,0.060000000000000005,75
-9.684e-07,0.0616,77
-9.679999999999999e-07,0.0616,77
-9.676e-07,0.0616,77
-9.672e-07,0.0616,77
-9.668e-07,0.0616,77
-9.664e-07,0.0616,77
-9.660000000000002e-07,0.060000000000000005,75
-9.656000000000001e-07,0.0616,77
-9.652e-07,0.0608,76
-9.648e-07,0.0616,77
-9.644e-07,0.0616,77
-9.64e-07,0.0616,77
-9.636e-07,0.0616,77
-9.632e-07,0.0616,77
-9.628e-07,0.0616,77
-9.623999999999999e-07,0.0608,76
-9.62e-07,0.0608,76
-9.616e-07,0.0616,77
-9.612e-07,0.0616,77
-9.608e-07,0.0616,77
-9.604000000000002e-07,0.0616,77
-9.600000000000001e-07,0.0616,77
-9.596e-07,0.0608,76
-9.592e-07,0.0608,76
-9.588e-07,0.0608,76
-9.584e-07,0.0616,77
-9.58e-07,0.0616,77
-9.576e-07,0.0616,77
-9.572e-07,0.0616,77
-9.567999999999999e-07,0.0616,77
-9.563999999999999e-07,0.0616,77
-9.56e-07,0.0608,76
-9.556e-07,0.0608,76
-9.552e-07,0.0616,77
-9.548000000000002e-07,0.0616,77
-9.544000000000001e-07,0.0616,77
-9.54e-07,0.0616,77
-9.536e-07,0.0616,77
-9.532e-07,0.0616,77
-9.528e-07,0.0616,77
-9.524e-07,0.0608,76
-9.520000000000001e-07,0.0608,76
-9.516e-07,0.0616,77
-9.512e-07,0.0616,77
-9.508e-07,0.0608,76
-9.504e-07,0.0616,77
-9.5e-07,0.060000000000000005,75
-9.496e-07,0.0608,76
-9.492000000000001e-07,0.0616,77
-9.488e-07,0.0616,77
-9.484e-07,0.0616,77
-9.48e-07,0.0616,77
-9.476e-07,0.0616,77
-9.472e-07,0.0608,76
-9.468e-07,0.0616,77
-9.464000000000001e-07,0.0608,76
-9.46e-07,0.0616,77
-9.456e-07,0.0608,76
-9.452e-07,0.0616,77
-9.448e-07,0.0616,77
-9.444e-07,0.0616,77
-9.44e-07,0.0608,76
-9.436000000000001e-07,0.0608,76
-9.432e-07,0.062400000000000004,78
-9.428e-07,0.0616,77
-9.424e-07,0.0616,77
-9.42e-07,0.0616,77
-9.416e-07,0.0616,77
-9.412e-07,0.0616,77
-9.408000000000001e-07,0.062400000000000004,78
-9.404e-07,0.0616,77
-9.4e-07,0.0616,77
-9.396e-07,0.062400000000000004,78
-9.392e-07,0.0616,77
-9.388e-07,0.0616,77
-9.384e-07,0.0616,77
-9.380000000000001e-07,0.062400000000000004,78
-9.376e-07,0.062400000000000004,78
-9.372e-07,0.062400000000000004,78
-9.368e-07,0.0608,76
-9.364e-07,0.0616,77
-9.36e-07,0.0608,76
-9.356e-07,0.0608,76
-9.352000000000001e-07,0.0616,77
-9.348e-07,0.0616,77
-9.344e-07,0.0616,77
-9.34e-07,0.0616,77
-9.336e-07,0.0616,77
-9.332e-07,0.0616,77
-9.328e-07,0.0616,77
-9.324000000000001e-07,0.0616,77
-9.32e-07,0.0608,76
-9.316e-07,0.0616,77
-9.312e-07,0.0616,77
-9.308e-07,0.0616,77
-9.304e-07,0.0632,79
-9.3e-07,0.0616,77
-9.296e-07,0.0616,77
-9.292e-07,0.0616,77
-9.288e-07,0.0608,76
-9.284e-07,0.060000000000000005,75
-9.28e-07,0.0616,77
-9.276e-07,0.0616,77
-9.272e-07,0.0616,77
-9.268e-07,0.0616,77
-9.264e-07,0.0616,77
-9.26e-07,0.0616,77
-9.256e-07,0.0616,77
-9.252e-07,0.0616,77
-9.248e-07,0.0608,76
-9.244e-07,0.060000000000000005,75
-9.24e-07,0.0616,77
-9.236e-07,0.0608,76
-9.232e-07,0.0616,77
-9.228e-07,0.0616,77
-9.224000000000001e-07,0.0616,77
-9.22e-07,0.0616,77
-9.216e-07,0.0616,77
-9.212e-07,0.0608,76
-9.208e-07,0.0616,77
-9.204e-07,0.0616,77
-9.2e-07,0.0616,77
-9.196000000000001e-07,0.0616,77
-9.192e-07,0.0616,77
-9.188e-07,0.0616,77
-9.184e-07,0.0616,77
-9.18e-07,0.0608,76
-9.176e-07,0.0608,76
-9.172e-07,0.0616,77
-9.168000000000001e-07,0.0616,77
-9.164e-07,0.0616,77
-9.16e-07,0.0616,77
-9.156e-07,0.0616,77
-9.152e-07,0.0616,77
-9.148e-07,0.0616,77
-9.144e-07,0.0616,77
-9.140000000000001e-07,0.0616,77
-9.136e-07,0.0616,77
-9.132e-07,0.0616,77
-9.128e-07,0.0616,77
-9.124e-07,0.0608,76
-9.12e-07,0.0608,76
-9.116e-07,0.0608,76
-9.112000000000001e-07,0.062400000000000004,78
-9.108e-07,0.0616,77
-9.104e-07,0.0616,77
-9.1e-07,0.0616,77
-9.096e-07,0.0616,77
-9.092e-07,0.0608,76
-9.088e-07,0.0616,77
-9.084000000000001e-07,0.062400000000000004,78
-9.08e-07,0.060000000000000005,75
-9.076e-07,0.0616,77
-9.072e-07,0.0616,77
-9.068e-07,0.0616,77
-9.064e-07,0.0616,77
-9.06e-07,0.0616,77
-9.056000000000001e-07,0.0616,77
-9.052e-07,0.0608,76
-9.048e-07,0.0616,77
-9.044e-07,0.0608,76
-9.04e-07,0.0616,77
-9.036e-07,0.0616,77
-9.032e-07,0.0608,76
-9.028e-07,0.0616,77
-9.024e-07,0.0608,76
-9.02e-07,0.0616,77
-9.016e-07,0.0616,77
-9.012e-07,0.0616,77
-9.008e-07,0.0616,77
-9.004e-07,0.0608,76
-9e-07,0.0616,77
-8.996e-07,0.0616,77
-8.992e-07,0.0616,77
-8.988e-07,0.0616,77
-8.984e-07,0.0616,77
-8.98e-07,0.0616,77
-8.976e-07,0.0616,77
-8.972e-07,0.0608,76
-8.968e-07,0.0616,77
-8.964e-07,0.0616,77
-8.96e-07,0.0616,77
-8.955999999999999e-07,0.0616,77
-8.951999999999999e-07,0.0616,77
-8.948000000000001e-07,0.0616,77
-8.944000000000001e-07,0.0616,77
-8.94e-07,0.0608,76
-8.936e-07,0.0616,77
-8.932e-07,0.0616,77
-8.928e-07,0.0608,76
-8.923999999999999e-07,0.0608,76
-8.920000000000001e-07,0.0616,77
-8.916000000000001e-07,0.0616,77
-8.912e-07,0.0608,76
-8.908e-07,0.0616,77
-8.904e-07,0.0616,77
-8.9e-07,0.0616,77
-8.895999999999999e-07,0.0608,76
-8.892000000000001e-07,0.0616,77
-8.888000000000001e-07,0.0616,77
-8.884e-07,0.0616,77
-8.88e-07,0.0616,77
-8.876e-07,0.062400000000000004,78
-8.872e-07,0.0616,77
-8.867999999999999e-07,0.0616,77
-8.864000000000001e-07,0.0616,77
-8.860000000000001e-07,0.0616,77
-8.856e-07,0.0616,77
-8.852e-07,0.0616,77
-8.848e-07,0.0616,77
-8.844e-07,0.0616,77
-8.839999999999999e-07,0.0608,76
-8.836000000000001e-07,0.0608,76
-8.832000000000001e-07,0.0616,77
-8.828e-07,0.0616,77
-8.824e-07,0.0616,77
-8.82e-07,0.062400000000000004,78
-8.816e-07,0.062400000000000004,78
-8.811999999999999e-07,0.0616,77
-8.808000000000001e-07,0.0616,77
-8.804000000000001e-07,0.0616,77
-8.8e-07,0.0616,77
-8.796e-07,0.0608,76
-8.792e-07,0.0616,77
-8.788e-07,0.0616,77
-8.783999999999999e-07,0.0616,77
-8.780000000000001e-07,0.0616,77
-8.776000000000001e-07,0.0616,77
-8.772e-07,0.062400000000000004,78
-8.768e-07,0.0608,76
-8.764e-07,0.0608,76
-8.76e-07,0.0616,77
-8.755999999999999e-07,0.0616,77
-8.752000000000001e-07,0.0616,77
-8.748000000000001e-07,0.0616,77
-8.744e-07,0.0616,77
-8.74e-07,0.0616,77
-8.736e-07,0.0616,77
-8.732e-07,0.0616,77
-8.727999999999999e-07,0.0616,77
-8.724000000000001e-07,0.0616,77
-8.720000000000001e-07,0.062400000000000004,78
-8.716e-07,0.0608,76
-8.712e-07,0.0616,77
-8.708e-07,0.0616,77
-8.704e-07,0.0616,77
-8.699999999999999e-07,0.0616,77
-8.696000000000001e-07,0.0616,77
-8.692000000000001e-07,0.0616,77
-8.688e-07,0.0616,77
-8.684e-07,0.062400000000000004,78
-8.68e-07,0.0616,77
-8.676e-07,0.0616,77
-8.671999999999999e-07,0.0616,77
-8.668000000000001e-07,0.0608,76
-8.664000000000001e-07,0.0616,77
-8.66e-07,0.0608,76
-8.656e-07,0.0608,76
-8.652e-07,0.0616,77
-8.648e-07,0.0616,77
-8.643999999999999e-07,0.0616,77
-8.640000000000001e-07,0.0616,77
-8.636000000000001e-07,0.0616,77
-8.632000000000001e-07,0.0616,77
-8.628e-07,0.0616,77
-8.624e-07,0.0616,77
-8.62e-07,0.0616,77
-8.615999999999999e-07,0.0616,77
-8.612000000000001e-07,0.0608,76
-8.608000000000001e-07,0.0616,77
-8.604000000000001e-07,0.0616,77
-8.6e-07,0.0616,77
-8.596e-07,0.0616,77
-8.592e-07,0.0616,77
-8.587999999999999e-07,0.0616,77
-8.583999999999999e-07,0.0616,77
-8.580000000000001e-07,0.0608,76
-8.576000000000001e-07,0.0608,76
-8.572e-07,0.0616,77
-8.568e-07,0.0616,77
-8.564e-07,0.0616,77
-8.559999999999999e-07,0.0616,77
-8.555999999999999e-07,0.0616,77
-8.552000000000001e-07,0.0608,76
-8.548000000000001e-07,0.0616,77
-8.544e-07,0.0616,77
-8.54e-07,0.0616,77
-8.536e-07,0.0616,77
-8.531999999999999e-07,0.0616,77
-8.527999999999999e-07,0.0616,77
-8.524000000000001e-07,0.0616,77
-8.520000000000001e-07,0.0616,77
-8.516e-07,0.0616,77
-8.512e-07,0.0608,76
-8.508e-07,0.0616,77
-8.503999999999999e-07,0.0616,77
-8.499999999999999e-07,0.0616,77
-8.496000000000001e-07,0.0616,77
-8.492000000000001e-07,0.0616,77
-8.488e-07,0.0616,77
-8.484e-07,0.0616,77
-8.48e-07,0.0616,77
-8.475999999999999e-07,0.0616,77
-8.471999999999999e-07,0.062400000000000004,78
-8.468000000000001e-07,0.0608,76
-8.464000000000001e-07,0.062400000000000004,78
-8.46e-07,0.0616,77
-8.456e-07,0.0616,77
-8.452e-07,0.0616,77
-8.447999999999999e-07,0.0616,77
-8.443999999999999e-07,0.0616,77
-8.440000000000001e-07,0.0616,77
-8.436000000000001e-07,0.0616,77
-8.432e-07,0.062400000000000004,78
-8.428e-07,0.0616,77
-8.424e-07,0.0616,77
-8.419999999999999e-07,0.0616,77
-8.415999999999999e-07,0.0616,77
-8.412000000000001e-07,0.0616,77
-8.408000000000001e-07,0.0616,77
-8.404e-07,0.0616,77
-8.4e-07,0.0608,76
-8.396e-07,0.0608,76
-8.391999999999999e-07,0.0616,77
-8.387999999999999e-07,0.0616,77
-8.384000000000001e-07,0.0616,77
-8.380000000000001e-07,0.0616,77
-8.376e-07,0.062400000000000004,78
-8.372e-07,0.062400000000000004,78
-8.368e-07,0.0616,77
-8.363999999999999e-07,0.060000000000000005,75
-8.359999999999999e-07,0.0616,77
-8.356000000000001e-07,0.0616,77
-8.352000000000001e-07,0.0616,77
-8.348e-07,0.0616,77
-8.344e-07,0.0616,77
-8.34e-07,0.0616,77
-8.335999999999999e-07,0.0616,77
-8.331999999999999e-07,0.0616,77
-8.328000000000001e-07,0.0616,77
-8.324000000000001e-07,0.0616,77
-8.32e-07,0.0616,77
-8.316e-07,0.0608,76
-8.312e-07,0.0616,77
-8.308e-07,0.0608,76
-8.303999999999999e-07,0.0608,76
-8.300000000000001e-07,0.0608,76
-8.296000000000001e-07,0.0616,77
-8.292e-07,0.0616,77
-8.288e-07,0.0616,77
-8.284e-07,0.0616,77
-8.28e-07,0.0616,77
-8.275999999999999e-07,0.0616,77
-8.272000000000001e-07,0.062400000000000004,78
-8.268000000000001e-07,0.0616,77
-8.264e-07,0.0616,77
-8.26e-07,0.0616,77
-8.256e-07,0.0616,77
-8.252e-07,0.0608,76
-8.247999999999999e-07,0.0616,77
-8.244000000000001e-07,0.0616,77
-8.240000000000001e-07,0.0616,77
-8.236e-07,0.0616,77
-8.232e-07,0.0616,77
-8.228e-07,0.0616,77
-8.224e-07,0.062400000000000004,78
-8.219999999999999e-07,0.0616,77
-8.216000000000001e-07,0.0616,77
-8.212000000000001e-07,0.062400000000000004,78
-8.208e-07,0.062400000000000004,78
-8.204e-07,0.0616,77
-8.2e-07,0.0616,77
-8.196e-07,0.0616,77
-8.191999999999999e-07,0.0616,77
-8.188000000000001e-07,0.0616,77
-8.184000000000001e-07,0.0616,77
-8.18e-07,0.0616,77
-8.176e-07,0.0616,77
-8.172e-07,0.0616,77
-8.168e-07,0.0616,77
-8.163999999999999e-07,0.0616,77
-8.160000000000001e-07,0.0616,77
-8.156000000000001e-07,0.0616,77
-8.152e-07,0.0616,77
-8.148e-07,0.0616,77
-8.144e-07,0.0616,77
-8.14e-07,0.0616,77
-8.135999999999999e-07,0.0608,76
-8.132000000000001e-07,0.060000000000000005,75
-8.128000000000001e-07,0.0616,77
-8.124e-07,0.0616,77
-8.12e-07,0.0616,77
-8.116e-07,0.0616,77
-8.112e-07,0.0616,77
-8.107999999999999e-07,0.062400000000000004,78
-8.104000000000001e-07,0.0616,77
-8.100000000000001e-07,0.0616,77
-8.096e-07,0.062400000000000004,78
-8.092e-07,0.0616,77
-8.088e-07,0.0616,77
-8.084e-07,0.0608,76
-8.079999999999999e-07,0.0616,77
-8.076000000000001e-07,0.0616,77
-8.072000000000001e-07,0.0608,76
-8.068e-07,0.0616,77
-8.064e-07,0.062400000000000004,78
-8.06e-07,0.0616,77
-8.056e-07,0.0616,77
-8.051999999999999e-07,0.0616,77
-8.048000000000001e-07,0.062400000000000004,78
-8.044000000000001e-07,0.0616,77
-8.04e-07,0.0616,77
-8.036e-07,0.0616,77
-8.032e-07,0.0616,77
-8.028e-07,0.062400000000000004,78
-8.023999999999999e-07,0.0616,77
-8.019999999999999e-07,0.0616,77
-8.016000000000001e-07,0.0616,77
-8.012000000000001e-07,0.0616,77
-8.008e-07,0.062400000000000004,78
-8.004e-07,0.0616,77
-8e-07,0.0616,77
-7.995999999999999e-07,0.0616,77
-7.991999999999999e-07,0.0616,77
-7.988000000000001e-07,0.0608,76
-7.984000000000001e-07,0.0616,77
-7.98e-07,0.0616,77
-7.976e-07,0.0616,77
-7.972e-07,0.0608,76
-7.967999999999999e-07,0.060000000000000005,75
-7.963999999999999e-07,0.0616,77
-7.960000000000001e-07,0.062400000000000004,78
-7.956000000000001e-07,0.062400000000000004,78
-7.952e-07,0.0616,77
-7.948e-07,0.0616,77
-7.944e-07,0.060000000000000005,75
-7.939999999999999e-07,0.0616,77
-7.935999999999999e-07,0.0616,77
-7.932000000000001e-07,0.0616,77
-7.928000000000001e-07,0.0608,76
-7.924e-07,0.0616,77
-7.92e-07,0.062400000000000004,78
-7.916e-07,0.0616,77
-7.911999999999999e-07,0.0616,77
-7.907999999999999e-07,0.0608,76
-7.904000000000001e-07,0.0616,77
-7.900000000000001e-07,0.0616,77
-7.896e-07,0.0616,77
-7.892e-07,0.062400000000000004,78
-7.888e-07,0.0616,77
-7.883999999999999e-07,0.0616,77
-7.879999999999999e-07,0.0616,77
-7.876000000000001e-07,0.0616,77
-7.872000000000001e-07,0.0616,77
-7.868e-07,0.0616,77
-7.864e-07,0.0616,77
-7.86e-07,0.062400000000000004,78
-7.855999999999999e-07,0.0616,77
-7.851999999999999e-07,0.0616,77
-7.848000000000001e-07,0.062400000000000004,78
-7.844000000000001e-07,0.0616,77
-7.84e-07,0.0616,77
-7.836e-07,0.0616,77
-7.832e-07,0.0608,76
-7.827999999999999e-07,0.0616,77
-7.823999999999999e-07,0.062400000000000004,78
-7.820000000000001e-07,0.0608,76
-7.816000000000001e-07,0.062400000000000004,78
-7.812e-07,0.0616,77
-7.808e-07,0.0616,77
-7.804e-07,0.0616,77
-7.799999999999999e-07,0.0616,77
-7.795999999999999e-07,0.0616,77
-7.792000000000001e-07,0.0616,77
-7.788000000000001e-07,0.062400000000000004,78
-7.784e-07,0.0616,77
-7.78e-07,0.0616,77
-7.776e-07,0.0616,77
-7.771999999999999e-07,0.0616,77
-7.767999999999999e-07,0.0616,77
-7.764000000000001e-07,0.0616,77
-7.760000000000001e-07,0.0616,77
-7.756e-07,0.0616,77
-7.752e-07,0.0616,77
-7.748e-07,0.0616,77
-7.743999999999999e-07,0.0616,77
-7.739999999999999e-07,0.0616,77
-7.736000000000001e-07,0.0616,77
-7.732000000000001e-07,0.0616,77
-7.728e-07,0.0616,77
-7.724e-07,0.0616,77
-7.72e-07,0.062400000000000004,78
-7.716e-07,0.0616,77
-7.711999999999999e-07,0.060000000000000005,75
-7.708000000000001e-07,0.0616,77
-7.704000000000001e-07,0.0608,76
-7.7e-07,0.0616,77
-7.696e-07,0.0616,77
-7.692e-07,0.0608,76
-7.688e-07,0.0608,76
-7.683999999999999e-07,0.0616,77
-7.680000000000001e-07,0.062400000000000004,78
-7.676000000000001e-07,0.062400000000000004,78
-7.672e-07,0.0616,77
-7.668e-07,0.0616,77
-7.664e-07,0.0616,77
-7.66e-07,0.0608,76
-7.655999999999999e-07,0.0616,77
-7.652000000000001e-07,0.0616,77
-7.648000000000001e-07,0.0616,77
-7.644e-07,0.0616,77
-7.64e-07,0.0616,77
-7.636e-07,0.0616,77
-7.632e-07,0.0616,77
-7.627999999999999e-07,0.0616,77
-7.624000000000001e-07,0.060000000000000005,75
-7.620000000000001e-07,0.0608,76
-7.616e-07,0.0608,76
-7.612e-07,0.0608,76
-7.608e-07,0.0608,76
-7.604e-07,0.0608,76
-7.599999999999999e-07,0.0616,77
-7.596000000000001e-07,0.0616,77
-7.592000000000001e-07,0.0616,77
-7.588e-07,0.0616,77
-7.584e-07,0.0616,77
-7.58e-07,0.0616,77
-7.576e-07,0.0616,77
-7.571999999999999e-07,0.0616,77
-7.568000000000001e-07,0.0616,77
-7.564000000000001e-07,0.0608,76
-7.56e-07,0.0608,76
-7.556e-07,0.0608,76
-7.552e-07,0.0616,77
-7.548e-07,0.0608,76
-7.543999999999999e-07,0.0616,77
-7.540000000000001e-07,0.0608,76
-7.536000000000001e-07,0.0616,77
-7.532e-07,0.062400000000000004,78
-7.528e-07,0.0608,76
-7.524e-07,0.0608,76
-7.52e-07,0.0608,76
-7.515999999999999e-07,0.0608,76
-7.512000000000001e-07,0.0616,77
-7.508000000000001e-07,0.0608,76
-7.504e-07,0.0608,76
-7.5e-07,0.060000000000000005,75
-7.496e-07,0.0616,77
-7.492e-07,0.0616,77
-7.487999999999999e-07,0.0608,76
-7.484000000000001e-07,0.0616,77
-7.480000000000001e-07,0.062400000000000004,78
-7.476e-07,0.0616,77
-7.472e-07,0.060000000000000005,75
-7.468e-07,0.0616,77
-7.464e-07,0.0616,77
-7.459999999999999e-07,0.0616,77
-7.455999999999999e-07,0.0616,77
-7.452000000000001e-07,0.0616,77
-7.448e-07,0.0616,77
-7.444e-07,0.0616,77
-7.44e-07,0.0608,76
-7.436e-07,0.0616,77
-7.431999999999999e-07,0.0616,77
-7.427999999999999e-07,0.0608,76
-7.424000000000001e-07,0.0616,77
-7.420000000000001e-07,0.062400000000000004,78
-7.416e-07,0.0616,77
-7.412e-07,0.062400000000000004,78
-7.408e-07,0.062400000000000004,78
-7.403999999999999e-07,0.062400000000000004,78
-7.399999999999999e-07,0.0632,79
-7.396000000000001e-07,0.0616,77
-7.392000000000001e-07,0.0616,77
-7.388e-07,0.0616,77
-7.384e-07,0.0616,77
-7.38e-07,0.0616,77
-7.375999999999999e-07,0.0616,77
-7.371999999999999e-07,0.0616,77
-7.368000000000001e-07,0.0616,77
-7.364000000000001e-07,0.0608,76
-7.36e-07,0.0616,77
-7.356e-07,0.062400000000000004,78
-7.352e-07,0.062400000000000004,78
-7.347999999999999e-07,0.062400000000000004,78
-7.343999999999999e-07,0.0616,77
-7.340000000000001e-07,0.0616,77
-7.336000000000001e-07,0.0616,77
-7.332e-07,0.0616,77
-7.328e-07,0.0616,77
-7.324e-07,0.062400000000000004,78
-7.319999999999999e-07,0.0616,77
-7.315999999999999e-07,0.0616,77
-7.312000000000001e-07,0.0616,77
-7.308000000000001e-07,0.0616,77
-7.304e-07,0.0616,77
-7.3e-07,0.0608,76
-7.296e-07,0.0616,77
-7.291999999999999e-07,0.0616,77
-7.287999999999999e-07,0.0616,77
-7.284000000000001e-07,0.0616,77
-7.280000000000001e-07,0.0616,77
-7.276e-07,0.060000000000000005,75
-7.272e-07,0.0616,77
-7.268e-07,0.0608,76
-7.263999999999999e-07,0.0616,77
-7.259999999999999e-07,0.0608,76
-7.256000000000001e-07,0.0616,77
-7.252000000000001e-07,0.0616,77
-7.248e-07,0.0616,77
-7.244e-07,0.0616,77
-7.24e-07,0.062400000000000004,78
-7.235999999999999e-07,0.0616,77
-7.231999999999999e-07,0.0616,77
-7.228000000000001e-07,0.0616,77
-7.224000000000001e-07,0.0616,77
-7.22e-07,0.0616,77
-7.216e-07,0.0616,77
-7.212e-07,0.0608,76
-7.207999999999999e-07,0.0616,77
-7.203999999999999e-07,0.0608,76
-7.200000000000001e-07,0.0616,77
-7.196000000000001e-07,0.0608,76
-7.192e-07,0.0616,77
-7.188e-07,0.0616,77
-7.184e-07,0.0608,76
-7.179999999999999e-07,0.060000000000000005,75
-7.175999999999999e-07,0.0616,77
-7.172000000000001e-07,0.0608,76
-7.168000000000001e-07,0.0616,77
-7.164e-07,0.0616,77
-7.16e-07,0.0608,76
-7.156e-07,0.0616,77
-7.151999999999999e-07,0.0608,76
-7.147999999999999e-07,0.0616,77
-7.144000000000001e-07,0.0616,77
-7.140000000000001e-07,0.0608,76
-7.136e-07,0.0616,77
-7.132e-07,0.0616,77
-7.128e-07,0.0616,77
-7.123999999999999e-07,0.0616,77
-7.119999999999999e-07,0.0608,76
-7.116000000000001e-07,0.0616,77
-7.112000000000001e-07,0.0616,77
-7.108e-07,0.0616,77
-7.104e-07,0.0616,77
-7.1e-07,0.0616,77
-7.096e-07,0.0616,77
-7.091999999999999e-07,0.0608,76
-7.088000000000001e-07,0.0608,76
-7.084000000000001e-07,0.0616,77
-7.08e-07,0.0616,77
-7.076e-07,0.0616,77
-7.072e-07,0.0616,77
-7.068e-07,0.0616,77
-7.063999999999999e-07,0.0616,77
-7.060000000000001e-07,0.0608,76
-7.056000000000001e-07,0.0608,76
-7.052e-07,0.0616,77
-7.048e-07,0.0616,77
-7.044e-07,0.0616,77
-7.04e-07,0.0616,77
-7.035999999999999e-07,0.062400000000000004,78
-7.032000000000001e-07,0.0616,77
-7.028000000000001e-07,0.0616,77
-7.024e-07,0.0616,77
-7.02e-07,0.0616,77
-7.016e-07,0.0608,76
-7.012e-07,0.0616,77
-7.007999999999999e-07,0.062400000000000004,78
-7.004000000000001e-07,0.0616,77
-7.000000000000001e-07,0.062400000000000004,78
-6.996e-07,0.0616,77
-6.992e-07,0.0616,77
-6.988e-07,0.062400000000000004,78
-6.984e-07,0.062400000000000004,78
-6.979999999999999e-07,0.0608,76
-6.976000000000001e-07,0.0616,77
-6.972000000000001e-07,0.0616,77
-6.968e-07,0.0616,77
-6.964e-07,0.0608,76
-6.96e-07,0.0616,77
-6.956e-07,0.0616,77
-6.951999999999999e-07,0.0616,77
-6.948000000000001e-07,0.0616,77
-6.944000000000001e-07,0.0616,77
-6.94e-07,0.0616,77
-6.936e-07,0.0616,77
-6.932e-07,0.0616,77
-6.928e-07,0.0616,77
-6.923999999999999e-07,0.0616,77
-6.920000000000001e-07,0.0616,77
-6.916000000000001e-07,0.0616,77
-6.912e-07,0.0616,77
-6.908e-07,0.062400000000000004,78
-6.904e-07,0.0616,77
-6.9e-07,0.0616,77
-6.895999999999999e-07,0.0616,77
-6.891999999999999e-07,0.0616,77
-6.888000000000001e-07,0.0616,77
-6.884e-07,0.0616,77
-6.88e-07,0.0616,77
-6.876e-07,0.0616,77
-6.872e-07,0.0608,76
-6.867999999999999e-07,0.0608,76
-6.863999999999999e-07,0.0616,77
-6.860000000000001e-07,0.062400000000000004,78
-6.856e-07,0.0616,77
-6.852e-07,0.0616,77
-6.848e-07,0.0616,77
-6.844e-07,0.0616,77
-6.839999999999999e-07,0.0608,76
-6.835999999999999e-07,0.0616,77
-6.832000000000001e-07,0.060000000000000005,75
-6.828e-07,0.0616,77
-6.824e-07,0.0608,76
-6.82e-07,0.0608,76
-6.816e-07,0.0608,76
-6.811999999999999e-07,0.062400000000000004,78
-6.807999999999999e-07,0.062400000000000004,78
-6.804000000000001e-07,0.0616,77
-6.800000000000001e-07,0.0616,77
-6.796e-07,0.062400000000000004,78
-6.792e-07,0.0616,77
-6.788e-07,0.0616,77
-6.783999999999999e-07,0.0616,77
-6.779999999999999e-07,0.0608,76
-6.776000000000001e-07,0.0608,76
-6.772000000000001e-07,0.0616,77
-6.768e-07,0.0616,77
-6.764e-07,0.060000000000000005,75
-6.76e-07,0.0616,77
-6.755999999999999e-07,0.0616,77
-6.751999999999999e-07,0.0616,77
-6.748000000000001e-07,0.0616,77
-6.744000000000001e-07,0.0616,77
-6.74e-07,0.0616,77
-6.736e-07,0.0616,77
-6.732e-07,0.0616,77
-6.727999999999999e-07,0.0616,77
-6.723999999999999e-07,0.0608,76
-6.720000000000001e-07,0.0608,76
-6.716000000000001e-07,0.0616,77
-6.712e-07,0.0616,77
-6.708e-07,0.062400000000000004,78
-6.704e-07,0.0616,77
-6.699999999999999e-07,0.0616,77
-6.695999999999999e-07,0.0616,77
-6.692000000000001e-07,0.0608,76
-6.688000000000001e-07,0.0608,76
-6.684e-07,0.060000000000000005,75
-6.68e-07,0.0616,77
-6.676e-07,0.0616,77
-6.671999999999999e-07,0.062400000000000004,78
-6.667999999999999e-07,0.062400000000000004,78
-6.664000000000001e-07,0.0616,77
-6.660000000000001e-07,0.0616,77
-6.656e-07,0.0608,76
-6.652e-07,0.060000000000000005,75
-6.648e-07,0.0616,77
-6.643999999999999e-07,0.0616,77
-6.639999999999999e-07,0.0616,77
-6.636000000000001e-07,0.0616,77
-6.632000000000001e-07,0.0616,77
-6.628e-07,0.0616,77
-6.624e-07,0.0616,77
-6.62e-07,0.0616,77
-6.615999999999999e-07,0.0616,77
-6.611999999999999e-07,0.0616,77
-6.608000000000001e-07,0.0608,76
-6.604000000000001e-07,0.060000000000000005,75
-6.6e-07,0.0608,76
-6.596e-07,0.0616,77
-6.592e-07,0.0616,77
-6.587999999999999e-07,0.0616,77
-6.583999999999999e-07,0.0608,76
-6.580000000000001e-07,0.0616,77
-6.576000000000001e-07,0.0616,77
-6.572e-07,0.0616,77
-6.568e-07,0.0616,77
-6.564e-07,0.0616,77
-6.559999999999999e-07,0.0616,77
-6.555999999999999e-07,0.0616,77
-6.552000000000001e-07,0.0608,76
-6.548000000000001e-07,0.0608,76
-6.544e-07,0.0608,76
-6.54e-07,0.0616,77
-6.536e-07,0.062400000000000004,78
-6.531999999999999e-07,0.0616,77
-6.527999999999999e-07,0.0616,77
-6.524000000000001e-07,0.0616,77
-6.520000000000001e-07,0.0616,77
-6.516e-07,0.0616,77
-6.512e-07,0.0616,77
-6.508e-07,0.0616,77
-6.504e-07,0.0608,76
-6.499999999999999e-07,0.0616,77
-6.496000000000001e-07,0.0616,77
-6.492000000000001e-07,0.0616,77
-6.488e-07,0.0616,77
-6.484e-07,0.0616,77
-6.48e-07,0.0616,77
-6.476e-07,0.0616,77
-6.471999999999999e-07,0.0608,76
-6.468000000000001e-07,0.0608,76
-6.464000000000001e-07,0.0616,77
-6.46e-07,0.0616,77
-6.456e-07,0.0616,77
-6.452e-07,0.0616,77
-6.448e-07,0.0616,77
-6.443999999999999e-07,0.062400000000000004,78
-6.440000000000001e-07,0.0616,77
-6.436000000000001e-07,0.0616,77
-6.432e-07,0.0608,76
-6.428e-07,0.0608,76
-6.424e-07,0.0616,77
-6.42e-07,0.062400000000000004,78
-6.415999999999999e-07,0.0616,77
-6.412000000000001e-07,0.0616,77
-6.408000000000001e-07,0.0616,77
-6.404e-07,0.0616,77
-6.4e-07,0.0616,77
-6.396e-07,0.062400000000000004,78
-6.392e-07,0.062400000000000004,78
-6.387999999999999e-07,0.0616,77
-6.384000000000001e-07,0.0608,76
-6.380000000000001e-07,0.0616,77
-6.376e-07,0.0616,77
-6.372e-07,0.0608,76
-6.368e-07,0.0616,77
-6.364e-07,0.0616,77
-6.359999999999999e-07,0.062400000000000004,78
-6.356000000000001e-07,0.0616,77
-6.352000000000001e-07,0.0616,77
-6.348e-07,0.0608,76
-6.344e-07,0.0616,77
-6.34e-07,0.0608,76
-6.336e-07,0.0616,77
-6.331999999999999e-07,0.0616,77
-6.327999999999999e-07,0.0608,76
-6.324000000000001e-07,0.0608,76
-6.32e-07,0.0608,76
-6.316e-07,0.0608,76
-6.312e-07,0.0608,76
-6.308e-07,0.0616,77
-6.303999999999999e-07,0.0608,76
-6.299999999999999e-07,0.0616,77
-6.296000000000001e-07,0.062400000000000004,78
-6.292e-07,0.0616,77
-6.288e-07,0.0616,77
-6.284e-07,0.0616,77
-6.28e-07,0.062400000000000004,78
-6.275999999999999e-07,0.0608,76
-6.271999999999999e-07,0.0616,77
-6.268000000000001e-07,0.0616,77
-6.264e-07,0.0616,77
-6.26e-07,0.0608,76
-6.256e-07,0.0608,76
-6.252e-07,0.0608,76
-6.247999999999999e-07,0.0616,77
-6.243999999999999e-07,0.0616,77
-6.240000000000001e-07,0.0616,77
-6.236e-07,0.0616,77
-6.232e-07,0.0616,77
-6.228e-07,0.0616,77
-6.224e-07,0.0616,77
-6.219999999999999e-07,0.0616,77
-6.215999999999999e-07,0.0616,77
-6.212000000000001e-07,0.0616,77
-6.208000000000001e-07,0.0616,77
-6.204e-07,0.060000000000000005,75
-6.2e-07,0.0616,77
-6.196e-07,0.0616,77
-6.191999999999999e-07,0.0616,77
-6.187999999999999e-07,0.0616,77
-6.184000000000001e-07,0.060000000000000005,75
-6.180000000000001e-07,0.0608,76
-6.176e-07,0.0616,77
-6.172e-07,0.0616,77
-6.168e-07,0.0616,77
-6.163999999999999e-07,0.0616,77
-6.159999999999999e-07,0.0616,77
-6.156000000000001e-07,0.0616,77
-6.152000000000001e-07,0.0616,77
-6.148e-07,0.0616,77
-6.144e-07,0.0616,77
-6.14e-07,0.0616,77
-6.135999999999999e-07,0.0616,77
-6.131999999999999e-07,0.0616,77
-6.128000000000001e-07,0.0608,76
-6.124000000000001e-07,0.0608,76
-6.12e-07,0.0616,77
-6.116e-07,0.0608,76
-6.112e-07,0.0608,76
-6.107999999999999e-07,0.0616,77
-6.103999999999999e-07,0.060000000000000005,75
-6.100000000000001e-07,0.0616,77
-6.096000000000001e-07,0.0608,76
-6.092e-07,0.0616,77
-6.088e-07,0.0616,77
-6.084e-07,0.0608,76
-6.079999999999999e-07,0.0608,76
-6.075999999999999e-07,0.0616,77
-6.072000000000001e-07,0.0616,77
-6.068000000000001e-07,0.0632,79
-6.064e-07,0.0616,77
-6.06e-07,0.0616,77
-6.056e-07,0.0616,77
-6.051999999999999e-07,0.0608,76
-6.047999999999999e-07,0.0616,77
-6.044000000000001e-07,0.0608,76
-6.040000000000001e-07,0.0616,77
-6.036e-07,0.0616,77
-6.032e-07,0.0608,76
-6.028e-07,0.0616,77
-6.023999999999999e-07,0.062400000000000004,78
-6.019999999999999e-07,0.0616,77
-6.016000000000001e-07,0.0616,77
-6.012000000000001e-07,0.0616,77
-6.008e-07,0.0608,76
-6.004e-07,0.0608,76
-6e-07,0.0616,77
-5.995999999999999e-07,0.0616,77
-5.991999999999999e-07,0.0616,77
-5.988000000000001e-07,0.0616,77
-5.984000000000001e-07,0.0616,77
-5.98e-07,0.0616,77
-5.976e-07,0.0616,77
-5.972e-07,0.0616,77
-5.967999999999999e-07,0.0616,77
-5.963999999999999e-07,0.0616,77
-5.960000000000001e-07,0.0616,77
-5.956000000000001e-07,0.0616,77
-5.952e-07,0.0616,77
-5.948e-07,0.0616,77
-5.944e-07,0.0616,77
-5.939999999999999e-07,0.0608,76
-5.935999999999999e-07,0.0616,77
-5.932000000000001e-07,0.0616,77
-5.928000000000001e-07,0.0616,77
-5.924e-07,0.0616,77
-5.92e-07,0.0616,77
-5.916e-07,0.0616,77
-5.911999999999999e-07,0.0616,77
-5.907999999999999e-07,0.0616,77
-5.904000000000001e-07,0.0616,77
-5.900000000000001e-07,0.0616,77
-5.896e-07,0.0616,77
-5.892e-07,0.0616,77
-5.888e-07,0.0616,77
-5.884e-07,0.0616,77
-5.879999999999999e-07,0.062400000000000004,78
-5.876000000000001e-07,0.0616,77
-5.872000000000001e-07,0.0616,77
-5.868e-07,0.0616,77
-5.864e-07,0.0616,77
-5.86e-07,0.0616,77
-5.856e-07,0.0616,77
-5.851999999999999e-07,0.0616,77
-5.848000000000001e-07,0.0616,77
-5.844000000000001e-07,0.0616,77
-5.84e-07,0.062400000000000004,78
-5.836e-07,0.062400000000000004,78
-5.832e-07,0.0616,77
-5.828e-07,0.0616,77
-5.823999999999999e-07,0.0616,77
-5.820000000000001e-07,0.0616,77
-5.816000000000001e-07,0.0616,77
-5.812e-07,0.0616,77
-5.808e-07,0.0616,77
-5.804e-07,0.0616,77
-5.8e-07,0.0616,77
-5.795999999999999e-07,0.0608,76
-5.792000000000001e-07,0.0608,76
-5.788000000000001e-07,0.0608,76
-5.784e-07,0.0616,77
-5.78e-07,0.0616,77
-5.776e-07,0.0616,77
-5.772e-07,0.0616,77
-5.767999999999999e-07,0.0632,79
-5.763999999999999e-07,0.062400000000000004,78
-5.760000000000001e-07,0.0616,77
-5.756e-07,0.0616,77
-5.752e-07,0.0616,77
-5.748e-07,0.0616,77
-5.744e-07,0.0608,76
-5.739999999999999e-07,0.0608,76
-5.735999999999999e-07,0.0608,76
-5.732000000000001e-07,0.0608,76
-5.728e-07,0.0608,76
-5.724e-07,0.060000000000000005,75
-5.72e-07,0.0616,77
-5.716e-07,0.0608,76
-5.711999999999999e-07,0.0616,77
-5.707999999999999e-07,0.0608,76
-5.704000000000001e-07,0.0616,77
-5.7e-07,0.0616,77
-5.696e-07,0.0616,77
-5.692e-07,0.0608,76
-5.688e-07,0.0616,77
-5.683999999999999e-07,0.0616,77
-5.679999999999999e-07,0.0608,76
-5.676000000000001e-07,0.0608,76
-5.672e-07,0.0608,76
-5.668e-07,0.0608,76
-5.664e-07,0.062400000000000004,78
-5.66e-07,0.0616,77
-5.655999999999999e-07,0.0608,76
-5.651999999999999e-07,0.0616,77
-5.648000000000001e-07,0.0616,77
-5.644e-07,0.0616,77
-5.64e-07,0.0616,77
-5.636e-07,0.0608,76
-5.632e-07,0.0616,77
-5.627999999999999e-07,0.060000000000000005,75
-5.623999999999999e-07,0.0608,76
-5.620000000000001e-07,0.0616,77
-5.616e-07,0.0616,77
-5.612e-07,0.0616,77
-5.608e-07,0.0616,77
-5.604e-07,0.0616,77
-5.599999999999999e-07,0.0608,76
-5.595999999999999e-07,0.0608,76
-5.592000000000001e-07,0.0616,77
-5.588000000000001e-07,0.0616,77
-5.584e-07,0.0616,77
-5.58e-07,0.0616,77
-5.576e-07,0.0616,77
-5.571999999999999e-07,0.0616,77
-5.567999999999999e-07,0.0616,77
-5.564000000000001e-07,0.0616,77
-5.560000000000001e-07,0.0616,77
-5.556e-07,0.0616,77
-5.552e-07,0.0616,77
-5.548e-07,0.062400000000000004,78
-5.543999999999999e-07,0.0632,79
-5.539999999999999e-07,0.0616,77
-5.536000000000001e-07,0.062400000000000004,78
-5.532000000000001e-07,0.0616,77
-5.528e-07,0.0616,77
-5.524e-07,0.0608,76
-5.52e-07,0.0616,77
-5.515999999999999e-07,0.0616,77
-5.511999999999999e-07,0.0616,77
-5.508000000000001e-07,0.0616,77
-5.504000000000001e-07,0.0616,77
-5.5e-07,0.0616,77
-5.496e-07,0.0608,76
-5.492e-07,0.0616,77
-5.487999999999999e-07,0.0616,77
-5.483999999999999e-07,0.0616,77
-5.480000000000001e-07,0.0616,77
-5.476000000000001e-07,0.0616,77
-5.472e-07,0.0608,76
-5.468e-07,0.0608,76
-5.464e-07,0.0616,77
-5.459999999999999e-07,0.0608,76
-5.455999999999999e-07,0.0616,77
-5.452000000000001e-07,0.0616,77
-5.448000000000001e-07,0.0616,77
-5.444e-07,0.0616,77
-5.44e-07,0.0616,77
-5.436e-07,0.0616,77
-5.431999999999999e-07,0.0616,77
-5.427999999999999e-07,0.0616,77
-5.424000000000001e-07,0.0616,77
-5.420000000000001e-07,0.0616,77
-5.416e-07,0.062400000000000004,78
-5.412e-07,0.0616,77
-5.408e-07,0.0616,77
-5.403999999999999e-07,0.0608,76
-5.399999999999999e-07,0.0608,76
-5.396000000000001e-07,0.0608,76
-5.392000000000001e-07,0.0616,77
-5.388e-07,0.0616,77
-5.384e-07,0.0616,77
-5.38e-07,0.062400000000000004,78
-5.375999999999999e-07,0.0616,77
-5.371999999999999e-07,0.0616,77
-5.368000000000001e-07,0.0608,76
-5.364000000000001e-07,0.0616,77
-5.36e-07,0.0616,77
-5.356e-07,0.0616,77
-5.352e-07,0.0608,76
-5.347999999999999e-07,0.0616,77
-5.343999999999999e-07,0.0616,77
-5.340000000000001e-07,0.0616,77
-5.336000000000001e-07,0.0608,76
-5.332e-07,0.0616,77
-5.328e-07,0.060000000000000005,75
-5.324e-07,0.0616,77
-5.319999999999999e-07,0.0608,76
-5.315999999999999e-07,0.0616,77
-5.312000000000001e-07,0.0616,77
-5.308000000000001e-07,0.0616,77
-5.304e-07,0.0616,77
-5.3e-07,0.0616,77
-5.296e-07,0.0616,77
-5.292e-07,0.0616,77
-5.287999999999999e-07,0.0616,77
-5.284000000000001e-07,0.0616,77
-5.280000000000001e-07,0.062400000000000004,78
-5.276e-07,0.060000000000000005,75
-5.272e-07,0.0608,76
-5.268e-07,0.0608,76
-5.264e-07,0.0608,76
-5.259999999999999e-07,0.0616,77
-5.256000000000001e-07,0.0616,77
-5.252000000000001e-07,0.0616,77
-5.248e-07,0.0616,77
-5.244e-07,0.0616,77
-5.24e-07,0.062400000000000004,78
-5.236e-07,0.0616,77
-5.231999999999999e-07,0.0616,77
-5.228000000000001e-07,0.0616,77
-5.224000000000001e-07,0.0608,76
-5.22e-07,0.0608,76
-5.216e-07,0.060000000000000005,75
-5.212e-07,0.0616,77
-5.208e-07,0.0616,77
-5.203999999999999e-07,0.0616,77
-5.199999999999999e-07,0.0616,77
-5.196000000000001e-07,0.062400000000000004,78
-5.192e-07,0.0616,77
-5.188e-07,0.0616,77
-5.184e-07,0.0616,77
-5.18e-07,0.0608,76
-5.175999999999999e-07,0.0608,76
-5.171999999999999e-07,0.0616,77
-5.168000000000001e-07,0.0608,76
-5.164e-07,0.0608,76
-5.16e-07,0.0616,77
-5.156e-07,0.0616,77
-5.152e-07,0.0616,77
-5.147999999999999e-07,0.0616,77
-5.143999999999999e-07,0.0608,76
-5.140000000000001e-07,0.0616,77
-5.136e-07,0.0608,76
-5.132e-07,0.0616,77
-5.128e-07,0.0616,77
-5.124e-07,0.062400000000000004,78
-5.119999999999999e-07,0.0616,77
-5.115999999999999e-07,0.060000000000000005,75
-5.112000000000001e-07,0.0616,77
-5.108e-07,0.0616,77
-5.104e-07,0.060000000000000005,75
-5.1e-07,0.0616,77
-5.096e-07,0.0616,77
-5.091999999999999e-07,0.0632,79
-5.087999999999999e-07,0.0616,77
-5.084000000000001e-07,0.0616,77
-5.08e-07,0.0616,77
-5.076e-07,0.0616,77
-5.072e-07,0.0616,77
-5.068e-07,0.0616,77
-5.063999999999999e-07,0.0616,77
-5.059999999999999e-07,0.0608,76
-5.056000000000001e-07,0.0616,77
-5.052e-07,0.0616,77
-5.048e-07,0.0616,77
-5.044e-07,0.0608,76
-5.04e-07,0.0616,77
-5.035999999999999e-07,0.0608,76
-5.031999999999999e-07,0.0616,77
-5.028000000000001e-07,0.0616,77
-5.024e-07,0.0608,76
-5.02e-07,0.0608,76
-5.016e-07,0.0616,77
-5.012e-07,0.0608,76
-5.007999999999999e-07,0.0608,76
-5.003999999999999e-07,0.0608,76
-5.000000000000001e-07,0.0616,77
-4.996000000000001e-07,0.0616,77
-4.992e-07,0.0616,77
-4.988e-07,0.0616,77
-4.984e-07,0.0616,77
-4.979999999999999e-07,0.0608,76
-4.975999999999999e-07,0.0608,76
-4.972000000000001e-07,0.0616,77
-4.968000000000001e-07,0.0616,77
-4.964e-07,0.0616,77
-4.96e-07,0.0616,77
-4.956e-07,0.0616,77
-4.951999999999999e-07,0.0608,76
-4.947999999999999e-07,0.0616,77
-4.944000000000001e-07,0.0616,77
-4.940000000000001e-07,0.0616,77
-4.936e-07,0.0616,77
-4.932e-07,0.0616,77
-4.928e-07,0.0616,77
-4.923999999999999e-07,0.0616,77
-4.919999999999999e-07,0.0616,77
-4.916000000000001e-07,0.0608,76
-4.912000000000001e-07,0.062400000000000004,78
-4.908e-07,0.062400000000000004,78
-4.904e-07,0.0616,77
-4.9e-07,0.0616,77
-4.895999999999999e-07,0.060000000000000005,75
-4.891999999999999e-07,0.0608,76
-4.888000000000001e-07,0.0616,77
-4.884000000000001e-07,0.0616,77
-4.88e-07,0.0616,77
-4.876e-07,0.062400000000000004,78
-4.872e-07,0.0616,77
-4.867999999999999e-07,0.0616,77
-4.863999999999999e-07,0.0616,77
-4.860000000000001e-07,0.0616,77
-4.856000000000001e-07,0.0608,76
-4.852e-07,0.0616,77
-4.848e-07,0.0608,76
-4.844e-07,0.0616,77
-4.839999999999999e-07,0.0616,77
-4.835999999999999e-07,0.0616,77
-4.832000000000001e-07,0.0616,77
-4.828000000000001e-07,0.0616,77
-4.824e-07,0.0616,77
-4.82e-07,0.0608,76
-4.816e-07,0.062400000000000004,78
-4.811999999999999e-07,0.0608,76
-4.807999999999999e-07,0.0632,79
-4.804000000000001e-07,0.0616,77
-4.800000000000001e-07,0.0616,77
-4.796e-07,0.0608,76
-4.792e-07,0.0616,77
-4.788e-07,0.060000000000000005,75
-4.783999999999999e-07,0.0616,77
-4.779999999999999e-07,0.0616,77
-4.776000000000001e-07,0.0608,76
-4.772000000000001e-07,0.0608,76
-4.7680000000000003e-07,0.0616,77
-4.764e-07,0.0616,77
-4.76e-07,0.0616,77
-4.7559999999999994e-07,0.0608,76
-4.751999999999999e-07,0.0616,77
-4.748000000000001e-07,0.0608,76
-4.7440000000000007e-07,0.0616,77
-4.7400000000000004e-07,0.0616,77
-4.736e-07,0.062400000000000004,78
-4.732e-07,0.0616,77
-4.7279999999999995e-07,0.0608,76
-4.723999999999999e-07,0.0616,77
-4.720000000000001e-07,0.0616,77
-4.7160000000000007e-07,0.0616,77
-4.7120000000000004e-07,0.0616,77
-4.708e-07,0.0616,77
-4.704e-07,0.060000000000000005,75
-4.6999999999999995e-07,0.0616,77
-4.695999999999999e-07,0.0608,76
-4.692000000000001e-07,0.0616,77
-4.6880000000000007e-07,0.0616,77
-4.6840000000000004e-07,0.0616,77
-4.68e-07,0.0616,77
-4.676e-07,0.0616,77
-4.6719999999999995e-07,0.0608,76
-4.667999999999999e-07,0.0608,76
-4.664000000000001e-07,0.0616,77
-4.6600000000000007e-07,0.062400000000000004,78
-4.6560000000000004e-07,0.0608,76
-4.652e-07,0.0608,76
-4.648e-07,0.060000000000000005,75
-4.6439999999999995e-07,0.0608,76
-4.639999999999999e-07,0.0616,77
-4.635999999999999e-07,0.0616,77
-4.6320000000000007e-07,0.0616,77
-4.6280000000000004e-07,0.0616,77
-4.624e-07,0.0616,77
-4.62e-07,0.0616,77
-4.6159999999999995e-07,0.0616,77
-4.611999999999999e-07,0.0616,77
-4.607999999999999e-07,0.0616,77
-4.6040000000000007e-07,0.0616,77
-4.6000000000000004e-07,0.0616,77
-4.596e-07,0.062400000000000004,78
-4.592e-07,0.062400000000000004,78
-4.5879999999999995e-07,0.0608,76
-4.583999999999999e-07,0.0616,77
-4.579999999999999e-07,0.0616,77
-4.576000000000001e-07,0.0616,77
-4.5720000000000004e-07,0.0616,77
-4.568e-07,0.0616,77
-4.564e-07,0.0608,76
-4.5599999999999995e-07,0.0616,77
-4.555999999999999e-07,0.0616,77
-4.551999999999999e-07,0.0616,77
-4.548000000000001e-07,0.0616,77
-4.5440000000000005e-07,0.0616,77
-4.54e-07,0.0616,77
-4.536e-07,0.0616,77
-4.5319999999999996e-07,0.0608,76
-4.527999999999999e-07,0.0616,77
-4.523999999999999e-07,0.0616,77
-4.520000000000001e-07,0.0616,77
-4.5160000000000005e-07,0.062400000000000004,78
-4.512e-07,0.0616,77
-4.508e-07,0.0608,76
-4.5039999999999996e-07,0.0616,77
-4.4999999999999993e-07,0.0616,77
-4.495999999999999e-07,0.062400000000000004,78
-4.492000000000001e-07,0.062400000000000004,78
-4.4880000000000005e-07,0.0616,77
-4.484e-07,0.0608,76
-4.48e-07,0.0616,77
-4.4759999999999996e-07,0.0608,76
-4.4719999999999993e-07,0.0616,77
-4.467999999999999e-07,0.0608,76
-4.464000000000001e-07,0.0616,77
-4.4600000000000005e-07,0.0616,77
-4.456e-07,0.0616,77
-4.452e-07,0.062400000000000004,78
-4.4479999999999996e-07,0.0616,77
-4.4439999999999993e-07,0.0616,77
-4.439999999999999e-07,0.0616,77
-4.436000000000001e-07,0.0616,77
-4.4320000000000005e-07,0.0616,77
-4.428e-07,0.0616,77
-4.424e-07,0.060000000000000005,75
-4.4199999999999996e-07,0.0616,77
-4.4159999999999993e-07,0.0616,77
-4.411999999999999e-07,0.0608,76
-4.408000000000001e-07,0.0608,76
-4.4040000000000005e-07,0.0608,76
-4.4e-07,0.0616,77
-4.396e-07,0.0608,76
-4.3919999999999996e-07,0.0616,77
-4.3879999999999993e-07,0.0608,76
-4.383999999999999e-07,0.0608,76
-4.380000000000001e-07,0.0608,76
-4.3760000000000005e-07,0.062400000000000004,78
-4.372e-07,0.0616,77
-4.368e-07,0.0616,77
-4.3639999999999996e-07,0.0616,77
-4.3599999999999993e-07,0.0616,77
-4.355999999999999e-07,0.0616,77
-4.352000000000001e-07,0.0616,77
-4.3480000000000006e-07,0.0616,77
-4.344e-07,0.0608,76
-4.34e-07,0.0616,77
-4.3359999999999997e-07,0.0608,76
-4.3319999999999994e-07,0.0616,77
-4.327999999999999e-07,0.0616,77
-4.324000000000001e-07,0.0616,77
-4.3200000000000006e-07,0.0616,77
-4.3160000000000003e-07,0.0608,76
-4.312e-07,0.0616,77
-4.3079999999999997e-07,0.0616,77
-4.3039999999999994e-07,0.0616,77
-4.299999999999999e-07,0.0608,76
-4.296000000000001e-07,0.0608,76
-4.2920000000000006e-07,0.0616,77
-4.2880000000000003e-07,0.060000000000000005,75
-4.284e-07,0.0608,76
-4.2799999999999997e-07,0.0608,76
-4.2759999999999994e-07,0.0616,77
-4.271999999999999e-07,0.0616,77
-4.268000000000001e-07,0.0608,76
-4.2640000000000006e-07,0.0608,76
-4.2600000000000003e-07,0.0608,76
-4.256e-07,0.0616,77
-4.2519999999999997e-07,0.0616,77
-4.2479999999999994e-07,0.0616,77
-4.243999999999999e-07,0.0616,77
-4.240000000000001e-07,0.0616,77
-4.2360000000000006e-07,0.0608,76
-4.2320000000000003e-07,0.0616,77
-4.228e-07,0.0608,76
-4.2239999999999997e-07,0.0608,76
-4.2199999999999994e-07,0.0608,76
-4.215999999999999e-07,0.0616,77
-4.212000000000001e-07,0.0616,77
-4.2080000000000006e-07,0.0616,77
-4.2040000000000003e-07,0.0608,76
-4.2e-07,0.0616,77
-4.1959999999999997e-07,0.0616,77
-4.1919999999999994e-07,0.0616,77
-4.187999999999999e-07,0.0608,76
-4.184000000000001e-07,0.0616,77
-4.1800000000000006e-07,0.0616,77
-4.1760000000000003e-07,0.060000000000000005,75
-4.172e-07,0.0608,76
-4.1679999999999997e-07,0.0608,76
-4.1639999999999994e-07,0.060000000000000005,75
-4.159999999999999e-07,0.0616,77
-4.156000000000001e-07,0.0616,77
-4.1520000000000007e-07,0.0608,76
-4.1480000000000004e-07,0.0608,76
-4.144e-07,0.062400000000000004,78
-4.14e-07,0.0616,77
-4.1359999999999994e-07,0.0616,77
-4.131999999999999e-07,0.0616,77
-4.128000000000001e-07,0.0608,76
-4.1240000000000007e-07,0.0616,77
-4.1200000000000004e-07,0.0608,76
-4.116e-07,0.0616,77
-4.112e-07,0.0608,76
-4.1079999999999995e-07,0.0616,77
-4.103999999999999e-07,0.0616,77
-4.100000000000001e-07,0.062400000000000004,78
-4.0960000000000007e-07,0.0616,77
-4.0920000000000004e-07,0.0616,77
-4.088e-07,0.0616,77
-4.084e-07,0.0616,77
-4.0799999999999995e-07,0.0616,77
-4.075999999999999e-07,0.0616,77
-4.071999999999999e-07,0.0608,76
-4.0680000000000007e-07,0.0616,77
-4.0640000000000004e-07,0.062400000000000004,78
-4.06e-07,0.0616,77
-4.056e-07,0.0616,77
-4.0519999999999995e-07,0.0608,76
-4.047999999999999e-07,0.0616,77
-4.043999999999999e-07,0.0608,76
-4.0400000000000007e-07,0.0608,76
-4.0360000000000004e-07,0.0616,77
-4.032e-07,0.0608,76
-4.028e-07,0.0608,76
-4.0239999999999995e-07,0.0616,77
-4.019999999999999e-07,0.0616,77
-4.015999999999999e-07,0.0616,77
-4.0120000000000007e-07,0.0616,77
-4.0080000000000004e-07,0.0616,77
-4.004e-07,0.0608,76
-4e-07,0.062400000000000004,78
-3.9959999999999995e-07,0.0616,77
-3.991999999999999e-07,0.0616,77
-3.987999999999999e-07,0.0608,76
-3.9840000000000007e-07,0.0616,77
-3.9800000000000004e-07,0.0616,77
-3.976e-07,0.0616,77
-3.972e-07,0.0616,77
-3.9679999999999995e-07,0.0616,77
-3.963999999999999e-07,0.0608,76
-3.959999999999999e-07,0.0616,77
-3.956000000000001e-07,0.0616,77
-3.9520000000000004e-07,0.0616,77
-3.948e-07,0.062400000000000004,78
-3.944e-07,0.0616,77
-3.9399999999999995e-07,0.0616,77
-3.935999999999999e-07,0.0616,77
-3.931999999999999e-07,0.0608,76
-3.928000000000001e-07,0.0616,77
-3.9240000000000005e-07,0.0616,77
-3.92e-07,0.0616,77
-3.916e-07,0.0616,77
-3.9119999999999996e-07,0.0616,77
-3.907999999999999e-07,0.0616,77
-3.903999999999999e-07,0.0616,77
-3.900000000000001e-07,0.0616,77
-3.8960000000000005e-07,0.062400000000000004,78
-3.892e-07,0.0616,77
-3.888e-07,0.0608,76
-3.8839999999999996e-07,0.0616,77
-3.8799999999999993e-07,0.0616,77
-3.875999999999999e-07,0.0608,76
-3.872000000000001e-07,0.0616,77
-3.8680000000000005e-07,0.0608,76
-3.864e-07,0.0616,77
-3.86e-07,0.062400000000000004,78
-3.8559999999999996e-07,0.0616,77
-3.8519999999999993e-07,0.0608,76
-3.847999999999999e-07,0.0616,77
-3.844000000000001e-07,0.0608,76
-3.8400000000000005e-07,0.0616,77
-3.836e-07,0.0616,77
-3.832e-07,0.0616,77
-3.8279999999999996e-07,0.0616,77
-3.8239999999999993e-07,0.060000000000000005,75
-3.819999999999999e-07,0.0608,76
-3.816000000000001e-07,0.0616,77
-3.8120000000000005e-07,0.0616,77
-3.808e-07,0.0616,77
-3.804e-07,0.062400000000000004,78
-3.7999999999999996e-07,0.0608,76
-3.7959999999999993e-07,0.0616,77
-3.791999999999999e-07,0.0608,76
-3.788000000000001e-07,0.0616,77
-3.7840000000000005e-07,0.0616,77
-3.78e-07,0.0616,77
-3.776e-07,0.0616,77
-3.7719999999999996e-07,0.0616,77
-3.7679999999999993e-07,0.0608,76
-3.763999999999999e-07,0.0616,77
-3.760000000000001e-07,0.0608,76
-3.7560000000000005e-07,0.0616,77
-3.752e-07,0.0608,76
-3.748e-07,0.062400000000000004,78
-3.7439999999999996e-07,0.0616,77
-3.7399999999999993e-07,0.0616,77
-3.735999999999999e-07,0.0616,77
-3.732000000000001e-07,0.0616,77
-3.7280000000000006e-07,0.0616,77
-3.724e-07,0.0616,77
-3.72e-07,0.0616,77
-3.7159999999999997e-07,0.0616,77
-3.7119999999999994e-07,0.0616,77
-3.707999999999999e-07,0.062400000000000004,78
-3.704000000000001e-07,0.0616,77
-3.7000000000000006e-07,0.0616,77
-3.6960000000000003e-07,0.0632,79
-3.692e-07,0.062400000000000004,78
-3.6879999999999997e-07,0.062400000000000004,78
-3.6839999999999994e-07,0.0616,77
-3.679999999999999e-07,0.0616,77
-3.676000000000001e-07,0.0616,77
-3.6720000000000006e-07,0.0616,77
-3.6680000000000003e-07,0.0616,77
-3.664e-07,0.0616,77
-3.6599999999999997e-07,0.0608,76
-3.6559999999999994e-07,0.0616,77
-3.651999999999999e-07,0.0616,77
-3.648000000000001e-07,0.0608,76
-3.6440000000000006e-07,0.0616,77
-3.6400000000000003e-07,0.0616,77
-3.636e-07,0.0616,77
-3.6319999999999997e-07,0.0616,77
-3.6279999999999994e-07,0.0608,76
-3.623999999999999e-07,0.0608,76
-3.620000000000001e-07,0.0616,77
-3.6160000000000006e-07,0.0616,77
-3.6120000000000003e-07,0.0616,77
-3.608e-07,0.0616,77
-3.6039999999999997e-07,0.060000000000000005,75
-3.5999999999999994e-07,0.0616,77
-3.595999999999999e-07,0.0616,77
-3.592000000000001e-07,0.0616,77
-3.5880000000000006e-07,0.0608,76
-3.5840000000000003e-07,0.0608,76
-3.58e-07,0.0616,77
-3.5759999999999997e-07,0.0616,77
-3.5719999999999994e-07,0.0616,77
-3.567999999999999e-07,0.0608,76
-3.564000000000001e-07,0.062400000000000004,78
-3.5600000000000006e-07,0.0616,77
-3.5560000000000003e-07,0.0616,77
-3.552e-07,0.0616,77
-3.548e-07,0.0616,77
-3.5439999999999994e-07,0.0616,77
-3.539999999999999e-07,0.0616,77
-3.536000000000001e-07,0.0616,77
-3.5320000000000007e-07,0.0608,76
-3.5280000000000004e-07,0.0616,77
-3.524e-07,0.0616,77
-3.52e-07,0.062400000000000004,78
-3.5159999999999995e-07,0.0616,77
-3.511999999999999e-07,0.0616,77
-3.507999999999999e-07,0.0616,77
-3.5040000000000007e-07,0.0616,77
-3.5000000000000004e-07,0.062400000000000004,78
-3.496e-07,0.0616,77
-3.492e-07,0.0616,77
-3.4879999999999995e-07,0.0616,77
-3.483999999999999e-07,0.0616,77
-3.479999999999999e-07,0.0616,77
-3.4760000000000007e-07,0.0608,76
-3.4720000000000004e-07,0.0608,76
-3.468e-07,0.0616,77
-3.464e-07,0.0616,77
-3.4599999999999995e-07,0.0608,76
-3.455999999999999e-07,0.0616,77
-3.451999999999999e-07,0.0608,76
-3.4480000000000007e-07,0.0608,76
-3.4440000000000004e-07,0.0608,76
-3.44e-07,0.0616,77
-3.436e-07,0.0616,77
-3.4319999999999995e-07,0.0616,77
-3.427999999999999e-07,0.062400000000000004,78
-3.423999999999999e-07,0.0616,77
-3.4200000000000007e-07,0.0608,76
-3.4160000000000004e-07,0.0616,77
-3.412e-07,0.0616,77
-3.408e-07,0.0616,77
-3.4039999999999995e-07,0.0616,77
-3.399999999999999e-07,0.0616,77
-3.395999999999999e-07,0.0616,77
-3.3920000000000007e-07,0.0608,76
-3.3880000000000004e-07,0.0616,77
-3.384e-07,0.0616,77
-3.38e-07,0.0616,77
-3.3759999999999995e-07,0.062400000000000004,78
-3.371999999999999e-07,0.0616,77
-3.367999999999999e-07,0.0616,77
-3.364000000000001e-07,0.0608,76
-3.3600000000000004e-07,0.0616,77
-3.356e-07,0.0616,77
-3.352e-07,0.0616,77
-3.3479999999999995e-07,0.0616,77
-3.343999999999999e-07,0.0608,76
-3.339999999999999e-07,0.0608,76
-3.336000000000001e-07,0.0608,76
-3.3320000000000005e-07,0.0608,76
-3.328e-07,0.0616,77
-3.324e-07,0.062400000000000004,78
-3.3199999999999996e-07,0.062400000000000004,78
-3.315999999999999e-07,0.0616,77
-3.311999999999999e-07,0.060000000000000005,75
-3.308000000000001e-07,0.0608,76
-3.3040000000000005e-07,0.0608,76
-3.3e-07,0.062400000000000004,78
-3.296e-07,0.0608,76
-3.2919999999999996e-07,0.0616,77
-3.2879999999999993e-07,0.0616,77
-3.283999999999999e-07,0.062400000000000004,78
-3.280000000000001e-07,0.0616,77
-3.2760000000000005e-07,0.0616,77
-3.272e-07,0.0616,77
-3.268e-07,0.0616,77
-3.2639999999999996e-07,0.0616,77
-3.2599999999999993e-07,0.0608,76
-3.255999999999999e-07,0.0616,77
-3.252000000000001e-07,0.0616,77
-3.2480000000000005e-07,0.0616,77
-3.244e-07,0.0616,77
-3.24e-07,0.0608,76
-3.2359999999999996e-07,0.0616,77
-3.2319999999999993e-07,0.0608,76
-3.227999999999999e-07,0.0616,77
-3.224000000000001e-07,0.0608,76
-3.2200000000000005e-07,0.0608,76
-3.216e-07,0.0616,77
-3.212e-07,0.0616,77
-3.2079999999999996e-07,0.062400000000000004,78
-3.2039999999999993e-07,0.0616,77
-3.199999999999999e-07,0.0616,77
-3.196000000000001e-07,0.062400000000000004,78
-3.1920000000000005e-07,0.062400000000000004,78
-3.188e-07,0.0616,77
-3.184e-07,0.0616,77
-3.1799999999999996e-07,0.0616,77
-3.1759999999999993e-07,0.0616,77
-3.171999999999999e-07,0.0616,77
-3.168000000000001e-07,0.0608,76
-3.1640000000000005e-07,0.0616,77
-3.16e-07,0.0616,77
-3.156e-07,0.0632,79
-3.1519999999999996e-07,0.0616,77
-3.1479999999999993e-07,0.0616,77
-3.143999999999999e-07,0.0616,77
-3.140000000000001e-07,0.0616,77
-3.1360000000000006e-07,0.0616,77
-3.132e-07,0.0616,77
-3.128e-07,0.0616,77
-3.1239999999999997e-07,0.0616,77
-3.1199999999999994e-07,0.0608,76
-3.115999999999999e-07,0.0608,76
-3.112000000000001e-07,0.0616,77
-3.1080000000000006e-07,0.0616,77
-3.1040000000000003e-07,0.0616,77
-3.1e-07,0.0616,77
-3.0959999999999997e-07,0.0616,77
-3.0919999999999994e-07,0.0616,77
-3.087999999999999e-07,0.0616,77
-3.084000000000001e-07,0.0616,77
-3.0800000000000006e-07,0.0616,77
-3.0760000000000003e-07,0.0616,77
-3.072e-07,0.062400000000000004,78
-3.0679999999999997e-07,0.062400000000000004,78
-3.0639999999999994e-07,0.0616,77
-3.059999999999999e-07,0.062400000000000004,78
-3.056000000000001e-07,0.0616,77
-3.0520000000000006e-07,0.0616,77
-3.0480000000000003e-07,0.0616,77
-3.044e-07,0.0616,77
-3.0399999999999997e-07,0.0616,77
-3.0359999999999994e-07,0.0616,77
-3.031999999999999e-07,0.0616,77
-3.028000000000001e-07,0.0616,77
-3.0240000000000006e-07,0.0608,76
-3.0200000000000003e-07,0.0616,77
-3.016e-07,0.0616,77
-3.0119999999999997e-07,0.060000000000000005,75
-3.0079999999999994e-07,0.062400000000000004,78
-3.003999999999999e-07,0.062400000000000004,78
-3.000000000000001e-07,0.0616,77
-2.9960000000000006e-07,0.0616,77
-2.9920000000000003e-07,0.0616,77
-2.988e-07,0.0616,77
-2.9839999999999997e-07,0.0616,77
-2.9799999999999994e-07,0.0616,77
-2.975999999999999e-07,0.0616,77
-2.972000000000001e-07,0.0608,76
-2.9680000000000006e-07,0.062400000000000004,78
-2.9640000000000003e-07,0.0616,77
-2.96e-07,0.0616,77
-2.9559999999999997e-07,0.0616,77
-2.9519999999999994e-07,0.0608,76
-2.947999999999999e-07,0.0608,76
-2.943999999999999e-07,0.0616,77
-2.9400000000000007e-07,0.0616,77
-2.9360000000000003e-07,0.0616,77
-2.932e-07,0.0616,77
-2.928e-07,0.062400000000000004,78
-2.9239999999999994e-07,0.0616,77
-2.919999999999999e-07,0.0616,77
-2.915999999999999e-07,0.0616,77
-2.9120000000000007e-07,0.0616,77
-2.9080000000000004e-07,0.0616,77
-2.904e-07,0.0616,77
-2.9e-07,0.0616,77
-2.8959999999999995e-07,0.0616,77
-2.891999999999999e-07,0.0616,77
-2.887999999999999e-07,0.062400000000000004,78
-2.8840000000000007e-07,0.0616,77
-2.8800000000000004e-07,0.0616,77
-2.876e-07,0.0616,77
-2.872e-07,0.0616,77
-2.8679999999999995e-07,0.0616,77
-2.863999999999999e-07,0.0616,77
-2.859999999999999e-07,0.0616,77
-2.8560000000000007e-07,0.0616,77
-2.8520000000000004e-07,0.0616,77
-2.848e-07,0.0616,77
-2.844e-07,0.0616,77
-2.8399999999999995e-07,0.0616,77
-2.835999999999999e-07,0.0608,76
-2.831999999999999e-07,0.0616,77
-2.8280000000000007e-07,0.0616,77
-2.8240000000000004e-07,0.0616,77
-2.82e-07,0.0608,76
-2.816e-07,0.0616,77
-2.8119999999999995e-07,0.0616,77
-2.807999999999999e-07,0.0608,76
-2.803999999999999e-07,0.0616,77
-2.8000000000000007e-07,0.0616,77
-2.7960000000000004e-07,0.0616,77
-2.792e-07,0.062400000000000004,78
-2.788e-07,0.0632,79
-2.7839999999999995e-07,0.0616,77
-2.779999999999999e-07,0.0616,77
-2.775999999999999e-07,0.0616,77
-2.7720000000000007e-07,0.0616,77
-2.7680000000000004e-07,0.0616,77
-2.764e-07,0.0616,77
-2.76e-07,0.0616,77
-2.7559999999999995e-07,0.0616,77
-2.751999999999999e-07,0.0616,77
-2.747999999999999e-07,0.062400000000000004,78
-2.744000000000001e-07,0.0616,77
-2.7400000000000004e-07,0.0616,77
-2.736e-07,0.0608,76
-2.732e-07,0.0616,77
-2.7279999999999995e-07,0.062400000000000004,78
-2.723999999999999e-07,0.0616,77
-2.719999999999999e-07,0.062400000000000004,78
-2.716000000000001e-07,0.0616,77
-2.7120000000000005e-07,0.062400000000000004,78
-2.708e-07,0.060000000000000005,75
-2.704e-07,0.0616,77
-2.6999999999999996e-07,0.0616,77
-2.695999999999999e-07,0.0608,76
-2.691999999999999e-07,0.0616,77
-2.688000000000001e-07,0.062400000000000004,78
-2.6840000000000005e-07,0.0616,77
-2.68e-07,0.0616,77
-2.676e-07,0.0616,77
-2.6719999999999996e-07,0.0616,77
-2.6679999999999993e-07,0.0616,77
-2.663999999999999e-07,0.0616,77
-2.660000000000001e-07,0.0616,77
-2.6560000000000005e-07,0.0616,77
-2.652e-07,0.0616,77
-2.648e-07,0.0608,76
-2.6439999999999996e-07,0.0608,76
-2.6399999999999993e-07,0.0608,76
-2.635999999999999e-07,0.0608,76
-2.632000000000001e-07,0.0616,77
-2.6280000000000005e-07,0.062400000000000004,78
-2.624e-07,0.0616,77
-2.62e-07,0.062400000000000004,78
-2.6159999999999996e-07,0.0616,77
-2.6119999999999993e-07,0.0616,77
-2.607999999999999e-07,0.0616,77
-2.604000000000001e-07,0.0616,77
-2.6000000000000005e-07,0.0616,77
-2.596e-07,0.062400000000000004,78
-2.592e-07,0.0616,77
-2.5879999999999996e-07,0.0616,77
-2.5839999999999993e-07,0.0616,77
-2.579999999999999e-07,0.062400000000000004,78
-2.576000000000001e-07,0.0616,77
-2.5720000000000005e-07,0.0616,77
-2.568e-07,0.0616,77
-2.564e-07,0.060000000000000005,75
-2.5599999999999996e-07,0.0616,77
-2.5559999999999993e-07,0.0616,77
-2.551999999999999e-07,0.0616,77
-2.548000000000001e-07,0.0616,77
-2.5440000000000005e-07,0.062400000000000004,78
-2.54e-07,0.0616,77
-2.536e-07,0.062400000000000004,78
-2.5319999999999996e-07,0.0616,77
-2.5279999999999993e-07,0.0616,77
-2.523999999999999e-07,0.062400000000000004,78
-2.520000000000001e-07,0.0616,77
-2.5160000000000006e-07,0.0616,77
-2.512e-07,0.0616,77
-2.508e-07,0.0616,77
-2.5039999999999997e-07,0.0608,76
-2.4999999999999994e-07,0.0616,77
-2.495999999999999e-07,0.0616,77
-2.492000000000001e-07,0.0608,76
-2.4880000000000006e-07,0.0616,77
-2.4840000000000003e-07,0.0616,77
-2.48e-07,0.0616,77
-2.4759999999999997e-07,0.0616,77
-2.4719999999999994e-07,0.0616,77
-2.467999999999999e-07,0.0616,77
-2.464000000000001e-07,0.0616,77
-2.4600000000000006e-07,0.0616,77
-2.4560000000000003e-07,0.0616,77
-2.452e-07,0.060000000000000005,75
-2.4479999999999997e-07,0.0616,77
-2.4439999999999994e-07,0.0616,77
-2.439999999999999e-07,0.0616,77
-2.436000000000001e-07,0.0616,77
-2.4320000000000006e-07,0.0616,77
-2.4280000000000003e-07,0.0608,76
-2.424e-07,0.0616,77
-2.4199999999999997e-07,0.0616,77
-2.4159999999999994e-07,0.0616,77
-2.411999999999999e-07,0.0616,77
-2.408000000000001e-07,0.0608,76
-2.4040000000000006e-07,0.0616,77
-2.4000000000000003e-07,0.062400000000000004,78
-2.396e-07,0.062400000000000004,78
-2.3919999999999997e-07,0.0616,77
-2.3879999999999994e-07,0.0616,77
-2.383999999999999e-07,0.0616,77
-2.3799999999999988e-07,0.062400000000000004,78
-2.3760000000000006e-07,0.0608,76
-2.3720000000000003e-07,0.062400000000000004,78
-2.368e-07,0.0616,77
-2.3639999999999997e-07,0.0616,77
-2.3599999999999994e-07,0.0616,77
-2.355999999999999e-07,0.062400000000000004,78
-2.3519999999999988e-07,0.0616,77
-2.3480000000000006e-07,0.0616,77
-2.3440000000000003e-07,0.0616,77
-2.34e-07,0.0616,77
-2.3359999999999997e-07,0.062400000000000004,78
-2.3319999999999994e-07,0.0616,77
-2.3279999999999991e-07,0.060000000000000005,75
-2.3239999999999988e-07,0.0608,76
-2.3200000000000007e-07,0.0616,77
-2.3160000000000004e-07,0.0616,77
-2.312e-07,0.0616,77
-2.3079999999999998e-07,0.0616,77
-2.3039999999999995e-07,0.062400000000000004,78
-2.2999999999999992e-07,0.0616,77
-2.2959999999999989e-07,0.0616,77
-2.2920000000000007e-07,0.0616,77
-2.2880000000000004e-07,0.0616,77
-2.284e-07,0.0608,76
-2.2799999999999998e-07,0.060000000000000005,75
-2.2759999999999995e-07,0.0616,77
-2.2719999999999992e-07,0.0616,77
-2.267999999999999e-07,0.0616,77
-2.2640000000000007e-07,0.0616,77
-2.2600000000000004e-07,0.0616,77
-2.256e-07,0.062400000000000004,78
-2.2519999999999998e-07,0.0616,77
-2.2479999999999995e-07,0.062400000000000004,78
-2.2439999999999992e-07,0.0616,77
-2.239999999999999e-07,0.0616,77
-2.2360000000000007e-07,0.062400000000000004,78
-2.2320000000000004e-07,0.0616,77
-2.228e-07,0.0616,77
-2.2239999999999998e-07,0.0616,77
-2.2199999999999995e-07,0.0616,77
-2.2159999999999992e-07,0.0616,77
-2.211999999999999e-07,0.0616,77
-2.2080000000000007e-07,0.0616,77
-2.2040000000000004e-07,0.0608,76
-2.2e-07,0.0616,77
-2.1959999999999998e-07,0.0616,77
-2.1919999999999995e-07,0.0608,76
-2.1879999999999992e-07,0.0616,77
-2.183999999999999e-07,0.062400000000000004,78
-2.1800000000000007e-07,0.0616,77
-2.1760000000000004e-07,0.0616,77
-2.172e-07,0.0616,77
-2.1679999999999998e-07,0.0608,76
-2.1639999999999995e-07,0.0616,77
-2.1599999999999992e-07,0.0616,77
-2.155999999999999e-07,0.0616,77
-2.1520000000000007e-07,0.0616,77
-2.1480000000000004e-07,0.060000000000000005,75
-2.1440000000000001e-07,0.060000000000000005,75
-2.1399999999999998e-07,0.060000000000000005,75
-2.1359999999999995e-07,0.0616,77
-2.1319999999999992e-07,0.0616,77
-2.127999999999999e-07,0.0616,77
-2.1240000000000008e-07,0.0616,77
-2.1200000000000005e-07,0.0616,77
-2.1160000000000002e-07,0.0608,76
-2.1119999999999999e-07,0.0616,77
-2.1079999999999996e-07,0.0616,77
-2.1039999999999993e-07,0.0616,77
-2.099999999999999e-07,0.0616,77
-2.0960000000000008e-07,0.0616,77
-2.0920000000000005e-07,0.0616,77
-2.0880000000000002e-07,0.0608,76
-2.0839999999999999e-07,0.0616,77
-2.0799999999999996e-07,0.0616,77
-2.0759999999999993e-07,0.0616,77
-2.071999999999999e-07,0.0616,77
-2.0680000000000008e-07,0.0608,76
-2.0640000000000005e-07,0.0616,77
-2.0600000000000002e-07,0.0616,77
-2.056e-07,0.0616,77
-2.0519999999999996e-07,0.0616,77
-2.0479999999999993e-07,0.062400000000000004,78
-2.043999999999999e-07,0.060000000000000005,75
-2.0400000000000008e-07,0.0616,77
-2.0360000000000005e-07,0.0608,76
-2.0320000000000002e-07,0.0616,77
-2.028e-07,0.0616,77
-2.0239999999999996e-07,0.0616,77
-2.0199999999999993e-07,0.0616,77
-2.015999999999999e-07,0.0608,76
-2.0120000000000008e-07,0.0608,76
-2.0080000000000005e-07,0.0616,77
-2.0040000000000002e-07,0.0616,77
-2e-07,0.0616,77
-1.9959999999999996e-07,0.0616,77
-1.9919999999999993e-07,0.062400000000000004,78
-1.987999999999999e-07,0.0608,76
-1.9840000000000008e-07,0.0616,77
-1.9800000000000005e-07,0.0616,77
-1.9760000000000002e-07,0.0616,77
-1.972e-07,0.0616,77
-1.9679999999999996e-07,0.0616,77
-1.9639999999999993e-07,0.0616,77
-1.959999999999999e-07,0.0616,77
-1.9560000000000008e-07,0.062400000000000004,78
-1.9520000000000005e-07,0.0616,77
-1.9480000000000002e-07,0.0616,77
-1.944e-07,0.0616,77
-1.9399999999999996e-07,0.0616,77
-1.9359999999999993e-07,0.0616,77
-1.931999999999999e-07,0.0616,77
-1.9280000000000009e-07,0.0616,77
-1.9240000000000006e-07,0.0616,77
-1.9200000000000003e-07,0.0616,77
-1.916e-07,0.0608,76
-1.9119999999999997e-07,0.0616,77
-1.9079999999999994e-07,0.0616,77
-1.903999999999999e-07,0.0616,77
-1.9000000000000009e-07,0.0616,77
-1.8960000000000006e-07,0.0616,77
-1.8920000000000003e-07,0.0616,77
-1.888e-07,0.0616,77
-1.8839999999999997e-07,0.0616,77
-1.8799999999999994e-07,0.0616,77
-1.875999999999999e-07,0.0616,77
-1.872000000000001e-07,0.0616,77
-1.8680000000000006e-07,0.0616,77
-1.8640000000000003e-07,0.0608,76
-1.86e-07,0.0616,77
-1.8559999999999997e-07,0.0608,76
-1.8519999999999994e-07,0.0608,76
-1.847999999999999e-07,0.0616,77
-1.844000000000001e-07,0.0616,77
-1.8400000000000006e-07,0.0616,77
-1.8360000000000003e-07,0.0616,77
-1.832e-07,0.0608,76
-1.8279999999999997e-07,0.0608,76
-1.8239999999999994e-07,0.0616,77
-1.819999999999999e-07,0.0616,77
-1.8159999999999988e-07,0.0616,77
-1.8120000000000006e-07,0.0616,77
-1.8080000000000003e-07,0.0616,77
-1.804e-07,0.0608,76
-1.7999999999999997e-07,0.062400000000000004,78
-1.7959999999999994e-07,0.0616,77
-1.791999999999999e-07,0.0616,77
-1.7879999999999988e-07,0.0616,77
-1.7840000000000006e-07,0.0616,77
-1.7800000000000003e-07,0.060000000000000005,75
-1.776e-07,0.0616,77
-1.7719999999999997e-07,0.0608,76
-1.7679999999999994e-07,0.0616,77
-1.763999999999999e-07,0.0616,77
-1.7599999999999988e-07,0.0616,77
-1.7560000000000006e-07,0.0616,77
-1.7520000000000003e-07,0.0616,77
-1.748e-07,0.0616,77
-1.7439999999999997e-07,0.0616,77
-1.7399999999999994e-07,0.0608,76
-1.7359999999999991e-07,0.0608,76
-1.7319999999999988e-07,0.0616,77
-1.7280000000000007e-07,0.0616,77
-1.7240000000000003e-07,0.0616,77
-1.72e-07,0.0616,77
-1.7159999999999997e-07,0.0616,77
-1.7119999999999994e-07,0.0616,77
-1.7079999999999991e-07,0.0616,77
-1.7039999999999988e-07,0.0616,77
-1.7000000000000007e-07,0.0616,77
-1.6960000000000004e-07,0.0616,77
-1.692e-07,0.0616,77
-1.6879999999999998e-07,0.0616,77
-1.6839999999999995e-07,0.0616,77
-1.6799999999999992e-07,0.0616,77
-1.6759999999999989e-07,0.062400000000000004,78
-1.6720000000000007e-07,0.0616,77
-1.6680000000000004e-07,0.0616,77
-1.664e-07,0.0616,77
-1.6599999999999998e-07,0.062400000000000004,78
-1.6559999999999995e-07,0.062400000000000004,78
-1.6519999999999992e-07,0.0616,77
-1.647999999999999e-07,0.0616,77
-1.6440000000000007e-07,0.0616,77
-1.6400000000000004e-07,0.0616,77
-1.636e-07,0.0616,77
-1.6319999999999998e-07,0.0616,77
-1.6279999999999995e-07,0.0616,77
-1.6239999999999992e-07,0.0616,77
-1.619999999999999e-07,0.0616,77
-1.6160000000000007e-07,0.0616,77
-1.6120000000000004e-07,0.0616,77
-1.608e-07,0.0616,77
-1.6039999999999998e-07,0.0616,77
-1.5999999999999995e-07,0.0616,77
-1.5959999999999992e-07,0.0616,77
-1.591999999999999e-07,0.0616,77
-1.5880000000000007e-07,0.0616,77
-1.5840000000000004e-07,0.0632,79
-1.58e-07,0.0608,76
-1.5759999999999998e-07,0.0616,77
-1.5719999999999995e-07,0.0616,77
-1.5679999999999992e-07,0.0616,77
-1.563999999999999e-07,0.0616,77
-1.5600000000000007e-07,0.0608,76
-1.5560000000000004e-07,0.0616,77
-1.5520000000000001e-07,0.0616,77
-1.5479999999999998e-07,0.0608,76
-1.5439999999999995e-07,0.0616,77
-1.5399999999999992e-07,0.0616,77
-1.535999999999999e-07,0.0608,76
-1.5320000000000007e-07,0.0616,77
-1.5280000000000004e-07,0.0616,77
-1.5240000000000001e-07,0.0616,77
-1.5199999999999998e-07,0.0616,77
-1.5159999999999995e-07,0.0616,77
-1.5119999999999992e-07,0.0608,76
-1.507999999999999e-07,0.0616,77
-1.5040000000000008e-07,0.0616,77
-1.5000000000000005e-07,0.0616,77
-1.4960000000000002e-07,0.0616,77
-1.4919999999999999e-07,0.0616,77
-1.4879999999999996e-07,0.0616,77
-1.4839999999999993e-07,0.062400000000000004,78
-1.479999999999999e-07,0.0616,77
-1.4760000000000008e-07,0.0616,77
-1.4720000000000005e-07,0.0616,77
-1.4680000000000002e-07,0.0616,77
-1.464e-07,0.0616,77
-1.4599999999999996e-07,0.0608,76
-1.4559999999999993e-07,0.0616,77
-1.451999999999999e-07,0.0616,77
-1.4480000000000008e-07,0.062400000000000004,78
-1.4440000000000005e-07,0.0616,77
-1.4400000000000002e-07,0.0608,76
-1.436e-07,0.0616,77
-1.4319999999999996e-07,0.0608,76
-1.4279999999999993e-07,0.0608,76
-1.423999999999999e-07,0.062400000000000004,78
-1.4200000000000008e-07,0.0616,77
-1.4160000000000005e-07,0.0616,77
-1.4120000000000002e-07,0.0616,77
-1.408e-07,0.0616,77
-1.4039999999999996e-07,0.0616,77
-1.3999999999999993e-07,0.0616,77
-1.395999999999999e-07,0.0608,76
-1.3920000000000008e-07,0.0616,77
-1.3880000000000005e-07,0.062400000000000004,78
-1.3840000000000002e-07,0.062400000000000004,78
-1.38e-07,0.0616,77
-1.3759999999999996e-07,0.0616,77
-1.3719999999999993e-07,0.0616,77
-1.367999999999999e-07,0.0616,77
-1.3640000000000008e-07,0.0616,77
-1.3600000000000005e-07,0.0616,77
-1.3560000000000002e-07,0.0616,77
-1.352e-07,0.0616,77
-1.3479999999999996e-07,0.062400000000000004,78
-1.3439999999999993e-07,0.0616,77
-1.339999999999999e-07,0.0616,77
-1.3360000000000008e-07,0.0608,76
-1.3320000000000005e-07,0.0616,77
-1.3280000000000002e-07,0.0616,77
-1.324e-07,0.060000000000000005,75
-1.3199999999999996e-07,0.0608,76
-1.3159999999999993e-07,0.0616,77
-1.311999999999999e-07,0.0616,77
-1.3080000000000009e-07,0.0608,76
-1.3040000000000006e-07,0.060000000000000005,75
-1.3000000000000003e-07,0.0608,76
-1.296e-07,0.0608,76
-1.2919999999999997e-07,0.0616,77
-1.2879999999999994e-07,0.062400000000000004,78
-1.283999999999999e-07,0.0616,77
-1.280000000000001e-07,0.0616,77
-1.2760000000000006e-07,0.0608,76
-1.2720000000000003e-07,0.0616,77
-1.268e-07,0.0616,77
-1.2639999999999997e-07,0.0616,77
-1.2599999999999994e-07,0.0616,77
-1.255999999999999e-07,0.0616,77
-1.2519999999999988e-07,0.0616,77
-1.2480000000000006e-07,0.062400000000000004,78
-1.2440000000000003e-07,0.0616,77
-1.24e-07,0.0616,77
-1.2359999999999997e-07,0.0616,77
-1.2319999999999994e-07,0.0608,76
-1.227999999999999e-07,0.0608,76
-1.2239999999999988e-07,0.0608,76
-1.2200000000000006e-07,0.062400000000000004,78
-1.2160000000000003e-07,0.0616,77
-1.212e-07,0.0632,79
-1.2079999999999997e-07,0.0616,77
-1.2039999999999994e-07,0.0616,77
-1.199999999999999e-07,0.0608,76
-1.1959999999999988e-07,0.0608,76
-1.1920000000000006e-07,0.0616,77
-1.1880000000000003e-07,0.0616,77
-1.184e-07,0.062400000000000004,78
-1.1799999999999997e-07,0.0616,77
-1.1759999999999994e-07,0.0616,77
-1.1719999999999991e-07,0.0616,77
-1.1679999999999988e-07,0.0608,76
-1.1640000000000006e-07,0.0616,77
-1.1600000000000003e-07,0.062400000000000004,78
-1.156e-07,0.062400000000000004,78
-1.1519999999999997e-07,0.0616,77
-1.1479999999999994e-07,0.0608,76
-1.1439999999999991e-07,0.0616,77
-1.1399999999999988e-07,0.062400000000000004,78
-1.1360000000000006e-07,0.0608,76
-1.1320000000000003e-07,0.0608,76
-1.128e-07,0.0616,77
-1.1239999999999997e-07,0.0616,77
-1.1199999999999994e-07,0.0616,77
-1.1159999999999991e-07,0.062400000000000004,78
-1.1119999999999988e-07,0.0616,77
-1.1080000000000007e-07,0.0608,76
-1.1040000000000004e-07,0.060000000000000005,75
-1.1e-07,0.0616,77
-1.0959999999999998e-07,0.0608,76
-1.0919999999999995e-07,0.0616,77
-1.0879999999999992e-07,0.0616,77
-1.0839999999999989e-07,0.0608,76
-1.0800000000000007e-07,0.0616,77
-1.0760000000000004e-07,0.0608,76
-1.0720000000000001e-07,0.0616,77
-1.0679999999999998e-07,0.0616,77
-1.0639999999999995e-07,0.0616,77
-1.0599999999999992e-07,0.0616,77
-1.0559999999999989e-07,0.0616,77
-1.0520000000000007e-07,0.0608,76
-1.0480000000000004e-07,0.0616,77
-1.0440000000000001e-07,0.0616,77
-1.0399999999999998e-07,0.0616,77
-1.0359999999999995e-07,0.0616,77
-1.0319999999999992e-07,0.0616,77
-1.0279999999999989e-07,0.0616,77
-1.0240000000000007e-07,0.0616,77
-1.0200000000000004e-07,0.0616,77
-1.0160000000000001e-07,0.0616,77
-1.0119999999999998e-07,0.0616,77
-1.0079999999999995e-07,0.0608,76
-1.0039999999999992e-07,0.0608,76
-9.999999999999989e-08,0.062400000000000004,78
-9.960000000000007e-08,0.0616,77
-9.920000000000004e-08,0.0616,77
-9.880000000000001e-08,0.0608,76
-9.839999999999998e-08,0.062400000000000004,78
-9.799999999999995e-08,0.062400000000000004,78
-9.759999999999992e-08,0.0616,77
-9.719999999999989e-08,0.0616,77
-9.680000000000007e-08,0.0616,77
-9.640000000000004e-08,0.0616,77
-9.600000000000001e-08,0.0608,76
-9.559999999999998e-08,0.0608,76
-9.519999999999995e-08,0.0608,76
-9.479999999999992e-08,0.0608,76
-9.439999999999989e-08,0.0616,77
-9.400000000000007e-08,0.0616,77
-9.360000000000004e-08,0.0616,77
-9.320000000000001e-08,0.0616,77
-9.279999999999998e-08,0.0616,77
-9.239999999999995e-08,0.0616,77
-9.199999999999992e-08,0.0616,77
-9.15999999999999e-08,0.0616,77
-9.120000000000008e-08,0.0616,77
-9.080000000000005e-08,0.0608,76
-9.040000000000002e-08,0.0608,76
-8.999999999999999e-08,0.0616,77
-8.959999999999996e-08,0.0608,76
-8.919999999999993e-08,0.0616,77
-8.87999999999999e-08,0.0616,77
-8.840000000000008e-08,0.0616,77
-8.800000000000005e-08,0.0616,77
-8.760000000000002e-08,0.0616,77
-8.719999999999999e-08,0.0616,77
-8.679999999999996e-08,0.0608,76
-8.639999999999993e-08,0.0592,74
-8.59999999999999e-08,0.0608,76
-8.560000000000008e-08,0.0616,77
-8.520000000000005e-08,0.0616,77
-8.480000000000002e-08,0.0616,77
-8.439999999999999e-08,0.0616,77
-8.399999999999996e-08,0.0608,76
-8.359999999999993e-08,0.0608,76
-8.31999999999999e-08,0.0616,77
-8.280000000000008e-08,0.0608,76
-8.240000000000005e-08,0.0616,77
-8.200000000000002e-08,0.0616,77
-8.159999999999999e-08,0.0616,77
-8.119999999999996e-08,0.0608,76
-8.079999999999993e-08,0.0616,77
-8.03999999999999e-08,0.0616,77
-8.000000000000008e-08,0.0616,77
-7.960000000000005e-08,0.062400000000000004,78
-7.920000000000002e-08,0.0616,77
-7.879999999999999e-08,0.0616,77
-7.839999999999996e-08,0.0616,77
-7.799999999999993e-08,0.062400000000000004,78
-7.75999999999999e-08,0.0616,77
-7.720000000000008e-08,0.0616,77
-7.680000000000005e-08,0.0616,77
-7.640000000000002e-08,0.0616,77
-7.599999999999999e-08,0.0616,77
-7.559999999999996e-08,0.0616,77
-7.519999999999993e-08,0.0616,77
-7.47999999999999e-08,0.0608,76
-7.440000000000008e-08,0.0616,77
-7.400000000000005e-08,0.0616,77
-7.360000000000002e-08,0.0616,77
-7.32e-08,0.0616,77
-7.279999999999996e-08,0.062400000000000004,78
-7.239999999999993e-08,0.0608,76
-7.19999999999999e-08,0.0608,76
-7.160000000000009e-08,0.0616,77
-7.120000000000006e-08,0.0616,77
-7.080000000000003e-08,0.0616,77
-7.04e-08,0.0616,77
-6.999999999999997e-08,0.0616,77
-6.959999999999994e-08,0.0616,77
-6.91999999999999e-08,0.062400000000000004,78
-6.879999999999987e-08,0.0616,77
-6.840000000000006e-08,0.0608,76
-6.800000000000003e-08,0.0616,77
-6.76e-08,0.0616,77
-6.719999999999997e-08,0.0616,77
-6.679999999999994e-08,0.062400000000000004,78
-6.63999999999999e-08,0.0616,77
-6.599999999999988e-08,0.0616,77
-6.560000000000006e-08,0.0616,77
-6.520000000000003e-08,0.0616,77
-6.48e-08,0.0616,77
-6.439999999999997e-08,0.0616,77
-6.399999999999994e-08,0.0616,77
-6.359999999999991e-08,0.0616,77
-6.319999999999988e-08,0.0608,76
-6.280000000000006e-08,0.0616,77
-6.240000000000003e-08,0.0616,77
-6.2e-08,0.0616,77
-6.159999999999997e-08,0.0608,76
-6.119999999999994e-08,0.0616,77
-6.079999999999991e-08,0.0616,77
-6.039999999999988e-08,0.0616,77
-6.000000000000006e-08,0.0616,77
-5.960000000000003e-08,0.0616,77
-5.92e-08,0.0616,77
-5.879999999999997e-08,0.0616,77
-5.839999999999994e-08,0.0616,77
-5.799999999999991e-08,0.0616,77
-5.759999999999988e-08,0.0616,77
-5.720000000000006e-08,0.062400000000000004,78
-5.680000000000003e-08,0.062400000000000004,78
-5.64e-08,0.0616,77
-5.599999999999997e-08,0.0616,77
-5.559999999999994e-08,0.0608,76
-5.519999999999991e-08,0.0608,76
-5.479999999999988e-08,0.0616,77
-5.4400000000000064e-08,0.0616,77
-5.4000000000000034e-08,0.0616,77
-5.3600000000000004e-08,0.0632,79
-5.3199999999999973e-08,0.0616,77
-5.2799999999999943e-08,0.0616,77
-5.2399999999999913e-08,0.0616,77
-5.199999999999988e-08,0.0616,77
-5.1600000000000065e-08,0.0616,77
-5.1200000000000035e-08,0.062400000000000004,78
-5.0800000000000005e-08,0.0616,77
-5.0399999999999975e-08,0.0616,77
-4.9999999999999945e-08,0.0616,77
-4.9599999999999915e-08,0.0616,77
-4.9199999999999885e-08,0.0608,76
-4.8800000000000066e-08,0.0608,76
-4.8400000000000036e-08,0.0608,76
-4.8000000000000006e-08,0.060000000000000005,75
-4.7599999999999976e-08,0.0616,77
-4.7199999999999946e-08,0.062400000000000004,78
-4.6799999999999916e-08,0.0616,77
-4.6399999999999886e-08,0.0616,77
-4.600000000000007e-08,0.0616,77
-4.560000000000004e-08,0.0616,77
-4.520000000000001e-08,0.0616,77
-4.479999999999998e-08,0.0608,76
-4.439999999999995e-08,0.0616,77
-4.399999999999992e-08,0.0608,76
-4.359999999999989e-08,0.0608,76
-4.320000000000007e-08,0.0608,76
-4.280000000000004e-08,0.0616,77
-4.240000000000001e-08,0.0608,76
-4.199999999999998e-08,0.0616,77
-4.159999999999995e-08,0.0616,77
-4.119999999999992e-08,0.0616,77
-4.079999999999989e-08,0.0616,77
-4.040000000000007e-08,0.0608,76
-4.000000000000004e-08,0.0608,76
-3.960000000000001e-08,0.0608,76
-3.919999999999998e-08,0.0616,77
-3.879999999999995e-08,0.062400000000000004,78
-3.839999999999992e-08,0.0616,77
-3.799999999999989e-08,0.0616,77
-3.760000000000007e-08,0.062400000000000004,78
-3.720000000000004e-08,0.0616,77
-3.680000000000001e-08,0.062400000000000004,78
-3.639999999999998e-08,0.0616,77
-3.599999999999995e-08,0.0616,77
-3.559999999999992e-08,0.0616,77
-3.519999999999989e-08,0.0616,77
-3.4800000000000073e-08,0.0616,77
-3.4400000000000043e-08,0.062400000000000004,78
-3.400000000000001e-08,0.060000000000000005,75
-3.359999999999998e-08,0.0616,77
-3.319999999999995e-08,0.0608,76
-3.279999999999992e-08,0.0616,77
-3.239999999999989e-08,0.0632,79
-3.2000000000000075e-08,0.0616,77
-3.1600000000000045e-08,0.0616,77
-3.1200000000000015e-08,0.0616,77
-3.0799999999999985e-08,0.062400000000000004,78
-3.0399999999999955e-08,0.0616,77
-2.9999999999999925e-08,0.0616,77
-2.9599999999999894e-08,0.0608,76
-2.9200000000000076e-08,0.0616,77
-2.8800000000000046e-08,0.0616,77
-2.8400000000000016e-08,0.0632,79
-2.7999999999999986e-08,0.0616,77
-2.7599999999999956e-08,0.0616,77
-2.7199999999999926e-08,0.0616,77
-2.6799999999999896e-08,0.0608,76
-2.6400000000000078e-08,0.0616,77
-2.6000000000000048e-08,0.0616,77
-2.5600000000000017e-08,0.0616,77
-2.5199999999999987e-08,0.0616,77
-2.4799999999999957e-08,0.0616,77
-2.4399999999999927e-08,0.0616,77
-2.3999999999999897e-08,0.060000000000000005,75
-2.360000000000008e-08,0.0616,77
-2.320000000000005e-08,0.0616,77
-2.280000000000002e-08,0.0608,76
-2.239999999999999e-08,0.060000000000000005,75
-2.199999999999996e-08,0.0616,77
-2.159999999999993e-08,0.0616,77
-2.11999999999999e-08,0.0616,77
-2.080000000000008e-08,0.062400000000000004,78
-2.040000000000005e-08,0.0616,77
-2.000000000000002e-08,0.0616,77
-1.959999999999999e-08,0.0608,76
-1.919999999999996e-08,0.0616,77
-1.879999999999993e-08,0.0608,76
-1.83999999999999e-08,0.0616,77
-1.8000000000000082e-08,0.0616,77
-1.7600000000000052e-08,0.062400000000000004,78
-1.7200000000000022e-08,0.0608,76
-1.679999999999999e-08,0.0616,77
-1.639999999999996e-08,0.0616,77
-1.599999999999993e-08,0.0616,77
-1.55999999999999e-08,0.0616,77
-1.5200000000000083e-08,0.0616,77
-1.4800000000000053e-08,0.0616,77
-1.4400000000000023e-08,0.0616,77
-1.3999999999999993e-08,0.060000000000000005,75
-1.3599999999999963e-08,0.0616,77
-1.3199999999999933e-08,0.0616,77
-1.2799999999999903e-08,0.0616,77
-1.2399999999999873e-08,0.062400000000000004,78
-1.2000000000000055e-08,0.0616,77
-1.1600000000000024e-08,0.0616,77
-1.1199999999999994e-08,0.0608,76
-1.0799999999999964e-08,0.0608,76
-1.0399999999999934e-08,0.0616,77
-9.999999999999904e-09,0.0608,76
-9.599999999999874e-09,0.0616,77
-9.200000000000056e-09,0.0616,77
-8.800000000000026e-09,0.0616,77
-8.399999999999996e-09,0.0616,77
-7.999999999999966e-09,0.0616,77
-7.599999999999936e-09,0.0616,77
-7.199999999999906e-09,0.0616,77
-6.799999999999876e-09,0.0616,77
-6.400000000000057e-09,0.0616,77
-6.000000000000027e-09,0.0616,77
-5.599999999999997e-09,0.0616,77
-5.199999999999967e-09,0.0616,77
-4.799999999999937e-09,0.0616,77
-4.399999999999907e-09,0.0616,77
-3.999999999999877e-09,0.0616,77
-3.6000000000000587e-09,0.0616,77
-3.2000000000000287e-09,0.0632,79
-2.7999999999999986e-09,0.0616,77
-2.3999999999999686e-09,0.062400000000000004,78
-1.9999999999999385e-09,0.062400000000000004,78
-1.5999999999999084e-09,0.0616,77
-1.1999999999998784e-09,0.0616,77
-8.000000000000601e-10,0.0616,77
-4.0000000000003005e-10,0.0616,77
0.0,0.062400000000000004,78
4.0000000000003005e-10,0.0616,77
8.000000000000601e-10,0.0616,77
1.2000000000000902e-09,0.060000000000000005,75
1.6000000000001202e-09,0.0608,76
1.9999999999999385e-09,0.0616,77
2.3999999999999686e-09,0.0616,77
2.7999999999999986e-09,0.062400000000000004,78
3.2000000000000287e-09,0.0632,79
3.6000000000000587e-09,0.062400000000000004,78
4.000000000000089e-09,0.062400000000000004,78
4.400000000000119e-09,0.062400000000000004,78
4.799999999999937e-09,0.0608,76
5.199999999999967e-09,0.0608,76
5.599999999999997e-09,0.0616,77
6.000000000000027e-09,0.0616,77
6.400000000000057e-09,0.0616,77
6.800000000000087e-09,0.0616,77
7.200000000000117e-09,0.0616,77
7.599999999999936e-09,0.0616,77
7.999999999999966e-09,0.0616,77
8.399999999999996e-09,0.0616,77
8.800000000000026e-09,0.0608,76
9.200000000000056e-09,0.0616,77
9.600000000000086e-09,0.0616,77
1.0000000000000116e-08,0.0616,77
1.0399999999999934e-08,0.0616,77
1.0799999999999964e-08,0.0608,76
1.1199999999999994e-08,0.0616,77
1.1600000000000024e-08,0.0608,76
1.2000000000000055e-08,0.060000000000000005,75
1.2400000000000085e-08,0.0608,76
1.2800000000000115e-08,0.0608,76
1.3199999999999933e-08,0.0616,77
1.3599999999999963e-08,0.0608,76
1.3999999999999993e-08,0.0608,76
1.4400000000000023e-08,0.0608,76
1.4800000000000053e-08,0.0616,77
1.5200000000000083e-08,0.0608,76
1.5600000000000113e-08,0.0616,77
1.599999999999993e-08,0.0616,77
1.639999999999996e-08,0.0616,77
1.679999999999999e-08,0.0616,77
1.7200000000000022e-08,0.0616,77
1.7600000000000052e-08,0.0616,77
1.8000000000000082e-08,0.0616,77
1.8400000000000112e-08,0.0616,77
1.879999999999993e-08,0.0616,77
1.919999999999996e-08,0.0616,77
1.959999999999999e-08,0.0608,76
2.000000000000002e-08,0.0616,77
2.040000000000005e-08,0.0616,77
2.080000000000008e-08,0.0616,77
2.120000000000011e-08,0.0616,77
2.159999999999993e-08,0.0608,76
2.199999999999996e-08,0.0616,77
2.239999999999999e-08,0.0616,77
2.280000000000002e-08,0.0616,77
2.320000000000005e-08,0.0616,77
2.360000000000008e-08,0.0608,76
2.400000000000011e-08,0.0616,77
2.4399999999999927e-08,0.0608,76
2.4799999999999957e-08,0.0616,77
2.5199999999999987e-08,0.0616,77
2.5600000000000017e-08,0.0608,76
2.6000000000000048e-08,0.0616,77
2.6400000000000078e-08,0.0616,77
2.6800000000000108e-08,0.0616,77
2.7199999999999926e-08,0.0608,76
2.7599999999999956e-08,0.0608,76
2.7999999999999986e-08,0.0616,77
2.8400000000000016e-08,0.0616,77
2.8800000000000046e-08,0.0616,77
2.9200000000000076e-08,0.062400000000000004,78
2.9600000000000106e-08,0.062400000000000004,78
2.9999999999999925e-08,0.0616,77
3.0399999999999955e-08,0.0608,76
3.0799999999999985e-08,0.0608,76
3.1200000000000015e-08,0.0616,77
3.1600000000000045e-08,0.0616,77
3.2000000000000075e-08,0.0616,77
3.2400000000000105e-08,0.0616,77
3.279999999999992e-08,0.0616,77
3.319999999999995e-08,0.0616,77
3.359999999999998e-08,0.0616,77
3.400000000000001e-08,0.0608,76
3.4400000000000043e-08,0.0616,77
3.4800000000000073e-08,0.062400000000000004,78
3.5200000000000103e-08,0.0616,77
3.559999999999992e-08,0.0616,77
3.599999999999995e-08,0.0616,77
3.639999999999998e-08,0.0616,77
3.680000000000001e-08,0.0616,77
3.720000000000004e-08,0.0616,77
3.760000000000007e-08,0.0616,77
3.80000000000001e-08,0.0616,77
3.839999999999992e-08,0.0616,77
3.879999999999995e-08,0.0616,77
3.919999999999998e-08,0.0616,77
3.960000000000001e-08,0.0616,77
4.000000000000004e-08,0.0616,77
4.040000000000007e-08,0.0616,77
4.08000000000001e-08,0.0616,77
4.119999999999992e-08,0.0616,77
4.159999999999995e-08,0.0616,77
4.199999999999998e-08,0.0616,77
4.240000000000001e-08,0.0616,77
4.280000000000004e-08,0.0616,77
4.320000000000007e-08,0.0616,77
4.36000000000001e-08,0.0616,77
4.400000000000013e-08,0.0616,77
4.439999999999995e-08,0.0616,77
4.479999999999998e-08,0.0616,77
4.520000000000001e-08,0.0616,77
4.560000000000004e-08,0.0616,77
4.600000000000007e-08,0.0616,77
4.64000000000001e-08,0.0608,76
4.680000000000013e-08,0.0616,77
4.7199999999999946e-08,0.0616,77
4.7599999999999976e-08,0.0616,77
4.8000000000000006e-08,0.0616,77
4.8400000000000036e-08,0.0616,77
4.8800000000000066e-08,0.0616,77
4.9200000000000096e-08,0.0616,77
4.9600000000000127e-08,0.0616,77
4.9999999999999945e-08,0.0616,77
5.0399999999999975e-08,0.0616,77
5.0800000000000005e-08,0.0616,77
5.1200000000000035e-08,0.0616,77
5.1600000000000065e-08,0.062400000000000004,78
5.2000000000000095e-08,0.0616,77
5.2400000000000125e-08,0.0616,77
5.2799999999999943e-08,0.0616,77
5.3199999999999973e-08,0.0616,77
5.3600000000000004e-08,0.0616,77
5.4000000000000034e-08,0.0616,77
5.4400000000000064e-08,0.0616,77
5.4800000000000094e-08,0.0608,76
5.5200000000000124e-08,0.0616,77
5.559999999999994e-08,0.0616,77
5.599999999999997e-08,0.0608,76
5.64e-08,0.0616,77
5.680000000000003e-08,0.0616,77
5.720000000000006e-08,0.0608,76
5.760000000000009e-08,0.0616,77
5.800000000000012e-08,0.0616,77
5.840000000000015e-08,0.0616,77
5.880000000000018e-08,0.0608,76
5.920000000000021e-08,0.0608,76
5.959999999999982e-08,0.0608,76
5.999999999999985e-08,0.0616,77
6.039999999999988e-08,0.0616,77
6.079999999999991e-08,0.0616,77
6.119999999999994e-08,0.0616,77
6.159999999999997e-08,0.0616,77
6.2e-08,0.0616,77
6.240000000000003e-08,0.0616,77
6.280000000000006e-08,0.0616,77
6.320000000000009e-08,0.062400000000000004,78
6.360000000000012e-08,0.0616,77
6.400000000000015e-08,0.062400000000000004,78
6.440000000000018e-08,0.0616,77
6.480000000000021e-08,0.0616,77
6.519999999999982e-08,0.062400000000000004,78
6.559999999999985e-08,0.062400000000000004,78
6.599999999999988e-08,0.062400000000000004,78
6.63999999999999e-08,0.0616,77
6.679999999999994e-08,0.0616,77
6.719999999999997e-08,0.0608,76
6.76e-08,0.0616,77
6.800000000000003e-08,0.0616,77
6.840000000000006e-08,0.0616,77
6.880000000000009e-08,0.0616,77
6.920000000000012e-08,0.0616,77
6.960000000000015e-08,0.0608,76
7.000000000000018e-08,0.0616,77
7.040000000000021e-08,0.0616,77
7.079999999999981e-08,0.0616,77
7.119999999999984e-08,0.0616,77
7.159999999999987e-08,0.0616,77
7.19999999999999e-08,0.0616,77
7.239999999999993e-08,0.0616,77
7.279999999999996e-08,0.0616,77
7.32e-08,0.0608,76
7.360000000000002e-08,0.0616,77
7.400000000000005e-08,0.0616,77
7.440000000000008e-08,0.0608,76
7.480000000000011e-08,0.0616,77
7.520000000000014e-08,0.0616,77
7.560000000000017e-08,0.0616,77
7.60000000000002e-08,0.0616,77
7.640000000000023e-08,0.0616,77
7.679999999999984e-08,0.0608,76
7.719999999999987e-08,0.0616,77
7.75999999999999e-08,0.0616,77
7.799999999999993e-08,0.0608,76
7.839999999999996e-08,0.0608,76
7.879999999999999e-08,0.0608,76
7.920000000000002e-08,0.0608,76
7.960000000000005e-08,0.0616,77
8.000000000000008e-08,0.0608,76
8.040000000000011e-08,0.0608,76
8.080000000000014e-08,0.0616,77
8.120000000000017e-08,0.0616,77
8.16000000000002e-08,0.0608,76
8.200000000000023e-08,0.0608,76
8.239999999999984e-08,0.0608,76
8.279999999999987e-08,0.0608,76
8.31999999999999e-08,0.0616,77
8.359999999999993e-08,0.0608,76
8.399999999999996e-08,0.0616,77
8.439999999999999e-08,0.0616,77
8.480000000000002e-08,0.0616,77
8.520000000000005e-08,0.0616,77
8.560000000000008e-08,0.0608,76
8.600000000000011e-08,0.0616,77
8.640000000000014e-08,0.062400000000000004,78
8.680000000000017e-08,0.0616,77
8.72000000000002e-08,0.0616,77
8.760000000000023e-08,0.0616,77
8.799999999999984e-08,0.0608,76
8.839999999999987e-08,0.0616,77
8.87999999999999e-08,0.062400000000000004,78
8.919999999999993e-08,0.0616,77
8.959999999999996e-08,0.0608,76
8.999999999999999e-08,0.060000000000000005,75
9.040000000000002e-08,0.0616,77
9.080000000000005e-08,0.0616,77
9.120000000000008e-08,0.0616,77
9.16000000000001e-08,0.0616,77
9.200000000000014e-08,0.0616,77
9.240000000000017e-08,0.0608,76
9.28000000000002e-08,0.0616,77
9.320000000000023e-08,0.0616,77
9.359999999999983e-08,0.0616,77
9.399999999999986e-08,0.062400000000000004,78
9.439999999999989e-08,0.0616,77
9.479999999999992e-08,0.0616,77
9.519999999999995e-08,0.0608,76
9.559999999999998e-08,0.0616,77
9.600000000000001e-08,0.0616,77
9.640000000000004e-08,0.0616,77
9.680000000000007e-08,0.0616,77
9.72000000000001e-08,0.0616,77
9.760000000000013e-08,0.0616,77
9.800000000000016e-08,0.0616,77
9.840000000000019e-08,0.0616,77
9.880000000000022e-08,0.0616,77
9.919999999999983e-08,0.0616,77
9.959999999999986e-08,0.0616,77
9.999999999999989e-08,0.0616,77
1.0039999999999992e-07,0.0616,77
1.0079999999999995e-07,0.0616,77
1.0119999999999998e-07,0.0616,77
1.0160000000000001e-07,0.0616,77
1.0200000000000004e-07,0.0616,77
1.0240000000000007e-07,0.0616,77
1.028000000000001e-07,0.0616,77
1.0320000000000013e-07,0.0616,77
1.0360000000000016e-07,0.0616,77
1.0400000000000019e-07,0.0616,77
1.0440000000000022e-07,0.0616,77
1.0479999999999983e-07,0.0608,76
1.0519999999999986e-07,0.0616,77
1.0559999999999989e-07,0.0616,77
1.0599999999999992e-07,0.0616,77
1.0639999999999995e-07,0.0616,77
1.0679999999999998e-07,0.0616,77
1.0720000000000001e-07,0.0616,77
1.0760000000000004e-07,0.0616,77
1.0800000000000007e-07,0.0608,76
1.084000000000001e-07,0.0608,76
1.0880000000000013e-07,0.062400000000000004,78
1.0920000000000016e-07,0.060000000000000005,75
1.0960000000000019e-07,0.0608,76
1.1000000000000022e-07,0.0616,77
1.1039999999999982e-07,0.0616,77
1.1079999999999985e-07,0.062400000000000004,78
1.1119999999999988e-07,0.0616,77
1.1159999999999991e-07,0.0616,77
1.1199999999999994e-07,0.0616,77
1.1239999999999997e-07,0.0608,76
1.128e-07,0.0616,77
1.1320000000000003e-07,0.0608,76
1.1360000000000006e-07,0.0616,77
1.140000000000001e-07,0.060000000000000005,75
1.1440000000000012e-07,0.0616,77
1.1480000000000015e-07,0.0608,76
1.1520000000000018e-07,0.0616,77
1.1560000000000021e-07,0.0616,77
1.1599999999999982e-07,0.0608,76
1.1639999999999985e-07,0.0616,77
1.1679999999999988e-07,0.0616,77
1.1719999999999991e-07,0.0608,76
1.1759999999999994e-07,0.0608,76
1.1799999999999997e-07,0.0616,77
1.184e-07,0.0616,77
1.1880000000000003e-07,0.0616,77
1.1920000000000006e-07,0.0608,76
1.196000000000001e-07,0.0616,77
1.2000000000000012e-07,0.0616,77
1.2040000000000015e-07,0.0616,77
1.2080000000000018e-07,0.0616,77
1.212000000000002e-07,0.0616,77
1.2159999999999982e-07,0.0616,77
1.2199999999999985e-07,0.0616,77
1.2239999999999988e-07,0.0616,77
1.227999999999999e-07,0.0616,77
1.2319999999999994e-07,0.062400000000000004,78
1.2359999999999997e-07,0.0616,77
1.24e-07,0.0616,77
1.2440000000000003e-07,0.0608,76
1.2480000000000006e-07,0.0616,77
1.252000000000001e-07,0.0616,77
1.2560000000000012e-07,0.0616,77
1.2600000000000015e-07,0.0616,77
1.2640000000000018e-07,0.0616,77
1.268000000000002e-07,0.0616,77
1.2719999999999982e-07,0.0616,77
1.2759999999999985e-07,0.062400000000000004,78
1.2799999999999988e-07,0.0608,76
1.283999999999999e-07,0.0616,77
1.2879999999999994e-07,0.0616,77
1.2919999999999997e-07,0.0616,77
1.296e-07,0.0616,77
1.3000000000000003e-07,0.0608,76
1.3040000000000006e-07,0.0608,76
1.3080000000000009e-07,0.0608,76
1.3120000000000012e-07,0.0616,77
1.3160000000000015e-07,0.0616,77
1.3200000000000018e-07,0.0616,77
1.324000000000002e-07,0.0616,77
1.3280000000000024e-07,0.0616,77
1.3319999999999984e-07,0.060000000000000005,75
1.3359999999999987e-07,0.0616,77
1.339999999999999e-07,0.0616,77
1.3439999999999993e-07,0.0632,79
1.3479999999999996e-07,0.0616,77
1.352e-07,0.0616,77
1.3560000000000002e-07,0.0616,77
1.3600000000000005e-07,0.0616,77
1.3640000000000008e-07,0.0616,77
1.3680000000000011e-07,0.0608,76
1.3720000000000014e-07,0.0616,77
1.3760000000000017e-07,0.0616,77
1.380000000000002e-07,0.0616,77
1.3840000000000023e-07,0.0608,76
1.3879999999999984e-07,0.060000000000000005,75
1.3919999999999987e-07,0.0616,77
1.395999999999999e-07,0.062400000000000004,78
1.3999999999999993e-07,0.0616,77
1.4039999999999996e-07,0.0616,77
1.408e-07,0.0608,76
1.4120000000000002e-07,0.0616,77
1.4160000000000005e-07,0.0616,77
1.4200000000000008e-07,0.0616,77
1.424000000000001e-07,0.0616,77
1.4280000000000014e-07,0.0616,77
1.4320000000000017e-07,0.0616,77
1.436000000000002e-07,0.0616,77
1.4400000000000023e-07,0.062400000000000004,78
1.4439999999999984e-07,0.0608,76
1.4479999999999987e-07,0.0616,77
1.451999999999999e-07,0.0616,77
1.4559999999999993e-07,0.062400000000000004,78
1.4599999999999996e-07,0.0608,76
1.464e-07,0.062400000000000004,78
1.4680000000000002e-07,0.0616,77
1.4720000000000005e-07,0.0616,77
1.4760000000000008e-07,0.0616,77
1.480000000000001e-07,0.0616,77
1.4840000000000014e-07,0.0616,77
1.4880000000000017e-07,0.062400000000000004,78
1.492000000000002e-07,0.062400000000000004,78
1.4960000000000023e-07,0.0616,77
1.4999999999999983e-07,0.0616,77
1.5039999999999986e-07,0.0616,77
1.507999999999999e-07,0.0608,76
1.5119999999999992e-07,0.0616,77
1.5159999999999995e-07,0.0616,77
1.5199999999999998e-07,0.0616,77
1.5240000000000001e-07,0.0616,77
1.5280000000000004e-07,0.0616,77
1.5320000000000007e-07,0.0616,77
1.536000000000001e-07,0.0616,77
1.5400000000000013e-07,0.0616,77
1.5440000000000016e-07,0.0616,77
1.548000000000002e-07,0.0616,77
1.5520000000000023e-07,0.0616,77
1.5559999999999983e-07,0.0608,76
1.5599999999999986e-07,0.0608,76
1.563999999999999e-07,0.0616,77
1.5679999999999992e-07,0.0616,77
1.5719999999999995e-07,0.0616,77
1.5759999999999998e-07,0.062400000000000004,78
1.58e-07,0.0616,77
1.5840000000000004e-07,0.0616,77
1.5880000000000007e-07,0.0616,77
1.592000000000001e-07,0.0616,77
1.5960000000000013e-07,0.0608,76
1.6000000000000016e-07,0.0616,77
1.604000000000002e-07,0.062400000000000004,78
1.6080000000000022e-07,0.0616,77
1.6119999999999983e-07,0.0616,77
1.6159999999999986e-07,0.0616,77
1.619999999999999e-07,0.0616,77
1.6239999999999992e-07,0.0608,76
1.6279999999999995e-07,0.0616,77
1.6319999999999998e-07,0.0616,77
1.636e-07,0.0616,77
1.6400000000000004e-07,0.0616,77
1.6440000000000007e-07,0.062400000000000004,78
1.648000000000001e-07,0.0616,77
1.6520000000000013e-07,0.0616,77
1.6560000000000016e-07,0.0616,77
1.660000000000002e-07,0.062400000000000004,78
1.6640000000000022e-07,0.062400000000000004,78
1.6679999999999983e-07,0.0616,77
1.6719999999999986e-07,0.0616,77
1.6759999999999989e-07,0.0616,77
1.6799999999999992e-07,0.0616,77
1.6839999999999995e-07,0.0616,77
1.6879999999999998e-07,0.0616,77
1.692e-07,0.0616,77
1.6960000000000004e-07,0.0608,76
1.7000000000000007e-07,0.0616,77
1.704000000000001e-07,0.0608,76
1.7080000000000013e-07,0.0616,77
1.7120000000000016e-07,0.0616,77
1.7160000000000019e-07,0.0616,77
1.7200000000000022e-07,0.0616,77
1.7239999999999982e-07,0.0616,77
1.7279999999999985e-07,0.0616,77
1.7319999999999988e-07,0.0616,77
1.7359999999999991e-07,0.0616,77
1.7399999999999994e-07,0.0616,77
1.7439999999999997e-07,0.0616,77
1.748e-07,0.0616,77
1.7520000000000003e-07,0.062400000000000004,78
1.7560000000000006e-07,0.0616,77
1.760000000000001e-07,0.0616,77
1.7640000000000012e-07,0.062400000000000004,78
1.7680000000000015e-07,0.0616,77
1.7720000000000018e-07,0.0616,77
1.7760000000000021e-07,0.0616,77
1.7799999999999982e-07,0.0608,76
1.7839999999999985e-07,0.0608,76
1.7879999999999988e-07,0.0616,77
1.791999999999999e-07,0.062400000000000004,78
1.7959999999999994e-07,0.0616,77
1.7999999999999997e-07,0.0616,77
1.804e-07,0.0616,77
1.8080000000000003e-07,0.0616,77
1.8120000000000006e-07,0.0616,77
1.816000000000001e-07,0.0616,77
1.8200000000000012e-07,0.0608,76
1.8240000000000015e-07,0.0616,77
1.8280000000000018e-07,0.0608,76
1.832000000000002e-07,0.0616,77
1.8359999999999982e-07,0.0608,76
1.8399999999999985e-07,0.0616,77
1.8439999999999988e-07,0.0616,77
1.847999999999999e-07,0.062400000000000004,78
1.8519999999999994e-07,0.0616,77
1.8559999999999997e-07,0.0616,77
1.86e-07,0.0608,76
1.8640000000000003e-07,0.0616,77
1.8680000000000006e-07,0.0616,77
1.872000000000001e-07,0.0608,76
1.8760000000000012e-07,0.0608,76
1.8800000000000015e-07,0.0616,77
1.8840000000000018e-07,0.0616,77
1.888000000000002e-07,0.0608,76
1.8920000000000024e-07,0.0616,77
1.8959999999999984e-07,0.0608,76
1.8999999999999987e-07,0.062400000000000004,78
1.903999999999999e-07,0.0608,76
1.9079999999999994e-07,0.0608,76
1.9119999999999997e-07,0.062400000000000004,78
1.916e-07,0.0616,77
1.9200000000000003e-07,0.0616,77
1.9240000000000006e-07,0.0616,77
1.9280000000000009e-07,0.0616,77
1.9320000000000012e-07,0.062400000000000004,78
1.9360000000000015e-07,0.0608,76
1.9400000000000018e-07,0.0608,76
1.944000000000002e-07,0.0616,77
1.9480000000000024e-07,0.0616,77
1.9519999999999984e-07,0.0608,76
1.9559999999999987e-07,0.062400000000000004,78
1.959999999999999e-07,0.062400000000000004,78
1.9639999999999993e-07,0.0616,77
1.9679999999999996e-07,0.0616,77
1.972e-07,0.0616,77
1.9760000000000002e-07,0.0616,77
1.9800000000000005e-07,0.0616,77
1.9840000000000008e-07,0.0616,77
1.988000000000001e-07,0.0616,77
1.9920000000000014e-07,0.0616,77
1.9960000000000017e-07,0.0616,77
2.000000000000002e-07,0.062400000000000004,78
2.0040000000000023e-07,0.0616,77
2.0079999999999984e-07,0.0616,77
2.0119999999999987e-07,0.0616,77
2.015999999999999e-07,0.0616,77
2.0199999999999993e-07,0.0608,76
2.0239999999999996e-07,0.0616,77
2.028e-07,0.0616,77
2.0320000000000002e-07,0.0616,77
2.0360000000000005e-07,0.0608,76
2.0400000000000008e-07,0.0608,76
2.044000000000001e-07,0.0608,76
2.0480000000000014e-07,0.0608,76
2.0520000000000017e-07,0.062400000000000004,78
2.056000000000002e-07,0.0616,77
2.0600000000000023e-07,0.062400000000000004,78
2.0639999999999984e-07,0.0616,77
2.0679999999999987e-07,0.0616,77
2.071999999999999e-07,0.0608,76
2.0759999999999993e-07,0.0608,76
2.0799999999999996e-07,0.0608,76
2.0839999999999999e-07,0.0608,76
2.0880000000000002e-07,0.0616,77
2.0920000000000005e-07,0.0608,76
2.0960000000000008e-07,0.0616,77
2.100000000000001e-07,0.0616,77
2.1040000000000014e-07,0.0616,77
2.1080000000000017e-07,0.0616,77
2.112000000000002e-07,0.0616,77
2.1160000000000023e-07,0.0616,77
2.1199999999999983e-07,0.062400000000000004,78
2.1239999999999986e-07,0.0616,77
2.127999999999999e-07,0.0616,77
2.1319999999999992e-07,0.0616,77
2.1359999999999995e-07,0.062400000000000004,78
2.1399999999999998e-07,0.0608,76
2.1440000000000001e-07,0.0608,76
2.1480000000000004e-07,0.0616,77
2.1520000000000007e-07,0.062400000000000004,78
2.156000000000001e-07,0.0616,77
2.1600000000000013e-07,0.0616,77
2.1640000000000016e-07,0.0608,76
2.168000000000002e-07,0.062400000000000004,78
2.1720000000000022e-07,0.0608,76
2.1759999999999983e-07,0.0616,77
2.1799999999999986e-07,0.0616,77
2.183999999999999e-07,0.0616,77
2.1879999999999992e-07,0.0616,77
2.1919999999999995e-07,0.0616,77
2.1959999999999998e-07,0.0616,77
2.2e-07,0.0608,76
2.2040000000000004e-07,0.0616,77
2.2080000000000007e-07,0.0616,77
2.212000000000001e-07,0.0616,77
2.2160000000000013e-07,0.0616,77
2.2200000000000016e-07,0.0616,77
2.224000000000002e-07,0.062400000000000004,78
2.2280000000000022e-07,0.062400000000000004,78
2.2319999999999983e-07,0.0616,77
2.2359999999999986e-07,0.062400000000000004,78
2.239999999999999e-07,0.062400000000000004,78
2.2439999999999992e-07,0.0608,76
2.2479999999999995e-07,0.062400000000000004,78
2.2519999999999998e-07,0.0616,77
2.256e-07,0.062400000000000004,78
2.2600000000000004e-07,0.0616,77
2.2640000000000007e-07,0.0616,77
2.268000000000001e-07,0.0616,77
2.2720000000000013e-07,0.0608,76
2.2760000000000016e-07,0.0616,77
2.280000000000002e-07,0.062400000000000004,78
2.2840000000000022e-07,0.0616,77
2.2879999999999983e-07,0.060000000000000005,75
2.2919999999999986e-07,0.0608,76
2.2959999999999989e-07,0.0608,76
2.2999999999999992e-07,0.0616,77
2.3039999999999995e-07,0.0616,77
2.3079999999999998e-07,0.0616,77
2.312e-07,0.0608,76
2.3160000000000004e-07,0.0616,77
2.3200000000000007e-07,0.0616,77
2.324000000000001e-07,0.0616,77
2.3280000000000013e-07,0.060000000000000005,75
2.3320000000000016e-07,0.0616,77
2.3360000000000019e-07,0.0616,77
2.3400000000000022e-07,0.062400000000000004,78
2.3439999999999982e-07,0.0616,77
2.3479999999999985e-07,0.0608,76
2.3519999999999988e-07,0.0616,77
2.355999999999999e-07,0.0616,77
2.3599999999999994e-07,0.0616,77
2.3639999999999997e-07,0.0608,76
2.368e-07,0.0616,77
2.3720000000000003e-07,0.0616,77
2.3760000000000006e-07,0.0616,77
2.380000000000001e-07,0.0616,77
2.3840000000000012e-07,0.0608,76
2.3880000000000015e-07,0.0616,77
2.392000000000002e-07,0.0616,77
2.396000000000002e-07,0.0616,77
2.399999999999998e-07,0.0616,77
2.4039999999999985e-07,0.062400000000000004,78
2.407999999999999e-07,0.0616,77
2.411999999999999e-07,0.062400000000000004,78
2.4159999999999994e-07,0.0616,77
2.4199999999999997e-07,0.0616,77
2.424e-07,0.0616,77
2.4280000000000003e-07,0.0608,76
2.4320000000000006e-07,0.0616,77
2.436000000000001e-07,0.0616,77
2.440000000000001e-07,0.0608,76
2.4440000000000015e-07,0.0608,76
2.448000000000002e-07,0.0616,77
2.452000000000002e-07,0.0608,76
2.4560000000000024e-07,0.0616,77
2.4599999999999985e-07,0.0616,77
2.463999999999999e-07,0.0616,77
2.467999999999999e-07,0.0616,77
2.4719999999999994e-07,0.0616,77
2.4759999999999997e-07,0.0616,77
2.48e-07,0.0608,76
2.4840000000000003e-07,0.0616,77
2.4880000000000006e-07,0.0616,77
2.492000000000001e-07,0.0616,77
2.496000000000001e-07,0.0616,77
2.5000000000000015e-07,0.0616,77
2.504000000000002e-07,0.0616,77
2.508000000000002e-07,0.0616,77
2.5120000000000024e-07,0.0616,77
2.5159999999999984e-07,0.0616,77
2.519999999999999e-07,0.0616,77
2.523999999999999e-07,0.0616,77
2.5279999999999993e-07,0.0616,77
2.5319999999999996e-07,0.0616,77
2.536e-07,0.0616,77
2.54e-07,0.0608,76
2.5440000000000005e-07,0.0616,77
2.548000000000001e-07,0.0616,77
2.552000000000001e-07,0.0632,79
2.5560000000000014e-07,0.062400000000000004,78
2.560000000000002e-07,0.0616,77
2.564000000000002e-07,0.060000000000000005,75
2.5680000000000023e-07,0.0616,77
2.5719999999999984e-07,0.0616,77
2.5759999999999987e-07,0.0616,77
2.579999999999999e-07,0.0608,76
2.5839999999999993e-07,0.0616,77
2.5879999999999996e-07,0.0616,77
2.592e-07,0.0616,77
2.596e-07,0.0616,77
2.6000000000000005e-07,0.0608,76
2.604000000000001e-07,0.0616,77
2.608000000000001e-07,0.062400000000000004,78
2.6120000000000014e-07,0.0616,77
2.6160000000000017e-07,0.0608,76
2.620000000000002e-07,0.0616,77
2.6240000000000023e-07,0.0616,77
2.6279999999999984e-07,0.0616,77
2.6319999999999987e-07,0.0608,76
2.635999999999999e-07,0.0616,77
2.6399999999999993e-07,0.0616,77
2.6439999999999996e-07,0.0616,77
2.648e-07,0.0616,77
2.652e-07,0.062400000000000004,78
2.6560000000000005e-07,0.062400000000000004,78
2.660000000000001e-07,0.0616,77
2.664000000000001e-07,0.0616,77
2.6680000000000014e-07,0.0616,77
2.6720000000000017e-07,0.062400000000000004,78
2.676000000000002e-07,0.0616,77
2.6800000000000023e-07,0.062400000000000004,78
2.6839999999999984e-07,0.0608,76
2.6879999999999987e-07,0.060000000000000005,75
2.691999999999999e-07,0.0616,77
2.695999999999999e-07,0.0616,77
2.6999999999999996e-07,0.062400000000000004,78
2.704e-07,0.0616,77
2.708e-07,0.062400000000000004,78
2.7120000000000005e-07,0.0616,77
2.716000000000001e-07,0.0608,76
2.720000000000001e-07,0.0616,77
2.7240000000000014e-07,0.0616,77
2.7280000000000017e-07,0.0616,77
2.732000000000002e-07,0.0616,77
2.7360000000000023e-07,0.0616,77
2.7399999999999983e-07,0.0616,77
2.7439999999999986e-07,0.0608,76
2.747999999999999e-07,0.0616,77
2.751999999999999e-07,0.0616,77
2.7559999999999995e-07,0.0616,77
2.76e-07,0.0616,77
2.764e-07,0.0616,77
2.7680000000000004e-07,0.0616,77
2.7720000000000007e-07,0.0616,77
2.776000000000001e-07,0.0616,77
2.7800000000000013e-07,0.0616,77
2.7840000000000016e-07,0.062400000000000004,78
2.788000000000002e-07,0.062400000000000004,78
2.792000000000002e-07,0.0616,77
2.7959999999999983e-07,0.062400000000000004,78
2.7999999999999986e-07,0.062400000000000004,78
2.803999999999999e-07,0.0616,77
2.807999999999999e-07,0.0616,77
2.8119999999999995e-07,0.0616,77
2.816e-07,0.062400000000000004,78
2.82e-07,0.0616,77
2.8240000000000004e-07,0.0616,77
2.8280000000000007e-07,0.0616,77
2.832000000000001e-07,0.0616,77
2.8360000000000013e-07,0.0608,76
2.8400000000000016e-07,0.0616,77
2.844000000000002e-07,0.0616,77
2.848000000000002e-07,0.0616,77
2.8519999999999983e-07,0.0616,77
2.8559999999999986e-07,0.0608,76
2.859999999999999e-07,0.0616,77
2.863999999999999e-07,0.0616,77
2.8679999999999995e-07,0.0616,77
2.872e-07,0.0616,77
2.876e-07,0.0616,77
2.8800000000000004e-07,0.0608,76
2.8840000000000007e-07,0.0616,77
2.888000000000001e-07,0.0616,77
2.8920000000000013e-07,0.0616,77
2.8960000000000016e-07,0.0616,77
2.900000000000002e-07,0.0616,77
2.904000000000002e-07,0.0616,77
2.907999999999998e-07,0.0616,77
2.9119999999999985e-07,0.0608,76
2.915999999999999e-07,0.060000000000000005,75
2.919999999999999e-07,0.0616,77
2.9239999999999994e-07,0.0616,77
2.928e-07,0.0616,77
2.932e-07,0.0616,77
2.9360000000000003e-07,0.0616,77
2.9400000000000007e-07,0.0616,77
2.944000000000001e-07,0.0616,77
2.948000000000001e-07,0.0616,77
2.9520000000000016e-07,0.0616,77
2.956000000000002e-07,0.0616,77
2.960000000000002e-07,0.060000000000000005,75
2.963999999999998e-07,0.0616,77
2.9679999999999985e-07,0.0616,77
2.971999999999999e-07,0.0608,76
2.975999999999999e-07,0.0608,76
2.9799999999999994e-07,0.060000000000000005,75
2.9839999999999997e-07,0.0608,76
2.988e-07,0.0608,76
2.9920000000000003e-07,0.062400000000000004,78
2.9960000000000006e-07,0.0616,77
3.000000000000001e-07,0.0616,77
3.004000000000001e-07,0.0616,77
3.0080000000000015e-07,0.0616,77
3.012000000000002e-07,0.0608,76
3.016000000000002e-07,0.0616,77
3.0200000000000024e-07,0.0616,77
3.0239999999999985e-07,0.0616,77
3.027999999999999e-07,0.0616,77
3.031999999999999e-07,0.0608,76
3.0359999999999994e-07,0.0608,76
3.0399999999999997e-07,0.0616,77
3.044e-07,0.0608,76
3.0480000000000003e-07,0.0616,77
3.0520000000000006e-07,0.0616,77
3.056000000000001e-07,0.0616,77
3.060000000000001e-07,0.0608,76
3.0640000000000015e-07,0.0608,76
3.068000000000002e-07,0.0608,76
3.072000000000002e-07,0.0608,76
3.0760000000000024e-07,0.0616,77
3.0799999999999985e-07,0.0616,77
3.083999999999999e-07,0.062400000000000004,78
3.087999999999999e-07,0.0616,77
3.0919999999999994e-07,0.0616,77
3.0959999999999997e-07,0.0616,77
3.1e-07,0.0616,77
3.1040000000000003e-07,0.0616,77
3.1080000000000006e-07,0.0616,77
3.112000000000001e-07,0.0616,77
3.116000000000001e-07,0.0616,77
3.1200000000000015e-07,0.0616,77
3.124000000000002e-07,0.0616,77
3.128000000000002e-07,0.0616,77
3.1320000000000024e-07,0.0616,77
3.1359999999999984e-07,0.0616,77
3.139999999999999e-07,0.062400000000000004,78
3.143999999999999e-07,0.0616,77
3.1479999999999993e-07,0.0608,76
3.1519999999999996e-07,0.0616,77
3.156e-07,0.0616,77
3.16e-07,0.0616,77
3.1640000000000005e-07,0.0616,77
3.168000000000001e-07,0.0608,76
3.172000000000001e-07,0.0616,77
3.1760000000000014e-07,0.0616,77
3.180000000000002e-07,0.0616,77
3.184000000000002e-07,0.0608,76
3.1880000000000023e-07,0.0616,77
3.1919999999999984e-07,0.0616,77
3.1959999999999987e-07,0.0616,77
3.199999999999999e-07,0.062400000000000004,78
3.2039999999999993e-07,0.0616,77
3.2079999999999996e-07,0.062400000000000004,78
3.212e-07,0.0616,77
3.216e-07,0.0616,77
3.2200000000000005e-07,0.0616,77
3.224000000000001e-07,0.0616,77
3.228000000000001e-07,0.0616,77
3.2320000000000014e-07,0.060000000000000005,75
3.2360000000000017e-07,0.0616,77
3.240000000000002e-07,0.0616,77
3.2440000000000023e-07,0.062400000000000004,78
3.2479999999999984e-07,0.0616,77
3.2519999999999987e-07,0.0616,77
3.255999999999999e-07,0.0616,77
3.2599999999999993e-07,0.0616,77
3.2639999999999996e-07,0.0616,77
3.268e-07,0.062400000000000004,78
3.272e-07,0.0608,76
3.2760000000000005e-07,0.0616,77
3.280000000000001e-07,0.0608,76
3.284000000000001e-07,0.0616,77
3.2880000000000014e-07,0.062400000000000004,78
3.2920000000000017e-07,0.062400000000000004,78
3.296000000000002e-07,0.0608,76
3.3000000000000023e-07,0.0616,77
3.3039999999999984e-07,0.0616,77
3.3079999999999987e-07,0.0616,77
3.311999999999999e-07,0.0608,76
3.315999999999999e-07,0.0616,77
3.3199999999999996e-07,0.0616,77
3.324e-07,0.0616,77
3.328e-07,0.0608,76
3.3320000000000005e-07,0.0616,77
3.336000000000001e-07,0.0616,77
3.340000000000001e-07,0.0616,77
3.3440000000000014e-07,0.0616,77
3.3480000000000017e-07,0.0616,77
3.352000000000002e-07,0.0616,77
3.356000000000002e-07,0.0616,77
3.3599999999999983e-07,0.0616,77
3.3639999999999986e-07,0.0616,77
3.367999999999999e-07,0.0616,77
3.371999999999999e-07,0.062400000000000004,78
3.3759999999999995e-07,0.0616,77
3.38e-07,0.0608,76
3.384e-07,0.0616,77
3.3880000000000004e-07,0.0616,77
3.3920000000000007e-07,0.0616,77
3.396000000000001e-07,0.0616,77
3.4000000000000013e-07,0.0616,77
3.4040000000000016e-07,0.0616,77
3.408000000000002e-07,0.062400000000000004,78
3.412000000000002e-07,0.0616,77
3.4159999999999983e-07,0.0616,77
3.4199999999999986e-07,0.0616,77
3.423999999999999e-07,0.060000000000000005,75
3.427999999999999e-07,0.060000000000000005,75
3.4319999999999995e-07,0.0616,77
3.436e-07,0.0608,76
3.44e-07,0.0616,77
3.4440000000000004e-07,0.0616,77
3.4480000000000007e-07,0.0616,77
3.452000000000001e-07,0.0616,77
3.4560000000000013e-07,0.0616,77
3.4600000000000016e-07,0.0616,77
3.464000000000002e-07,0.062400000000000004,78
3.468000000000002e-07,0.0616,77
3.4719999999999983e-07,0.0616,77
3.4759999999999986e-07,0.0616,77
3.479999999999999e-07,0.0616,77
3.483999999999999e-07,0.0616,77
3.4879999999999995e-07,0.0616,77
3.492e-07,0.0616,77
3.496e-07,0.0616,77
3.5000000000000004e-07,0.0616,77
3.5040000000000007e-07,0.0616,77
3.508000000000001e-07,0.0616,77
3.5120000000000013e-07,0.0616,77
3.5160000000000016e-07,0.0616,77
3.520000000000002e-07,0.0616,77
3.524000000000002e-07,0.0616,77
3.527999999999998e-07,0.0616,77
3.5319999999999985e-07,0.0608,76
3.535999999999999e-07,0.0616,77
3.539999999999999e-07,0.0616,77
3.5439999999999994e-07,0.062400000000000004,78
3.548e-07,0.0616,77
3.552e-07,0.0616,77
3.5560000000000003e-07,0.0616,77
3.5600000000000006e-07,0.0616,77
3.564000000000001e-07,0.062400000000000004,78
3.568000000000001e-07,0.0616,77
3.5720000000000015e-07,0.0616,77
3.576000000000002e-07,0.0616,77
3.580000000000002e-07,0.062400000000000004,78
3.5840000000000024e-07,0.0616,77
3.5879999999999985e-07,0.0616,77
3.591999999999999e-07,0.0632,79
3.595999999999999e-07,0.062400000000000004,78
3.5999999999999994e-07,0.062400000000000004,78
3.6039999999999997e-07,0.062400000000000004,78
3.608e-07,0.062400000000000004,78
3.6120000000000003e-07,0.0616,77
3.6160000000000006e-07,0.0616,77
3.620000000000001e-07,0.060000000000000005,75
3.624000000000001e-07,0.062400000000000004,78
3.6280000000000015e-07,0.0616,77
3.632000000000002e-07,0.062400000000000004,78
3.636000000000002e-07,0.062400000000000004,78
3.6400000000000024e-07,0.062400000000000004,78
3.6439999999999985e-07,0.0616,77
3.647999999999999e-07,0.0616,77
3.651999999999999e-07,0.0632,79
3.6559999999999994e-07,0.0616,77
3.6599999999999997e-07,0.0616,77
3.664e-07,0.062400000000000004,78
3.6680000000000003e-07,0.062400000000000004,78
3.6720000000000006e-07,0.062400000000000004,78
3.676000000000001e-07,0.0616,77
3.680000000000001e-07,0.0616,77
3.6840000000000015e-07,0.0616,77
3.688000000000002e-07,0.0616,77
3.692000000000002e-07,0.062400000000000004,78
3.6960000000000024e-07,0.062400000000000004,78
3.6999999999999985e-07,0.0616,77
3.703999999999999e-07,0.0616,77
3.707999999999999e-07,0.0616,77
3.7119999999999994e-07,0.0616,77
3.7159999999999997e-07,0.0616,77
3.72e-07,0.062400000000000004,78
3.724e-07,0.0616,77
3.7280000000000006e-07,0.0616,77
3.732000000000001e-07,0.0616,77
3.736000000000001e-07,0.0616,77
3.7400000000000015e-07,0.0616,77
3.744000000000002e-07,0.0616,77
3.748000000000002e-07,0.0616,77
3.7520000000000024e-07,0.0616,77
3.7559999999999984e-07,0.060000000000000005,75
3.7599999999999987e-07,0.0608,76
3.763999999999999e-07,0.0608,76
3.7679999999999993e-07,0.062400000000000004,78
3.7719999999999996e-07,0.0616,77
3.776e-07,0.0608,76
3.78e-07,0.0616,77
3.7840000000000005e-07,0.0616,77
3.788000000000001e-07,0.062400000000000004,78
3.792000000000001e-07,0.0616,77
3.7960000000000014e-07,0.0616,77
3.8000000000000017e-07,0.0608,76
3.804000000000002e-07,0.0608,76
3.8080000000000023e-07,0.060000000000000005,75
3.8119999999999984e-07,0.0616,77
3.8159999999999987e-07,0.0616,77
3.819999999999999e-07,0.0616,77
3.8239999999999993e-07,0.062400000000000004,78
3.8279999999999996e-07,0.0616,77
3.832e-07,0.062400000000000004,78
3.836e-07,0.0616,77
3.8400000000000005e-07,0.062400000000000004,78
3.844000000000001e-07,0.0616,77
3.848000000000001e-07,0.062400000000000004,78
3.8520000000000014e-07,0.0616,77
3.8560000000000017e-07,0.0616,77
3.860000000000002e-07,0.0616,77
3.8640000000000023e-07,0.0616,77
3.8679999999999984e-07,0.0616,77
3.8719999999999987e-07,0.0616,77
3.875999999999999e-07,0.0616,77
3.8799999999999993e-07,0.0616,77
3.8839999999999996e-07,0.0616,77
3.888e-07,0.062400000000000004,78
3.892e-07,0.0616,77
3.8960000000000005e-07,0.0616,77
3.900000000000001e-07,0.0616,77
3.904000000000001e-07,0.0616,77
3.9080000000000014e-07,0.062400000000000004,78
3.9120000000000017e-07,0.0616,77
3.916000000000002e-07,0.0616,77
3.9200000000000023e-07,0.0616,77
3.9239999999999983e-07,0.0616,77
3.9279999999999986e-07,0.0616,77
3.931999999999999e-07,0.0616,77
3.935999999999999e-07,0.0616,77
3.9399999999999995e-07,0.0616,77
3.944e-07,0.0616,77
3.948e-07,0.0616,77
3.9520000000000004e-07,0.0616,77
3.956000000000001e-07,0.0608,76
3.960000000000001e-07,0.0608,76
3.9640000000000013e-07,0.0608,76
3.9680000000000017e-07,0.0616,77
3.972000000000002e-07,0.0616,77
3.976000000000002e-07,0.0616,77
3.9799999999999983e-07,0.0616,77
3.9839999999999986e-07,0.0616,77
3.987999999999999e-07,0.0616,77
3.991999999999999e-07,0.0608,76
3.9959999999999995e-07,0.0616,77
4e-07,0.0616,77
4.004e-07,0.0616,77
4.0080000000000004e-07,0.0616,77
4.0120000000000007e-07,0.0608,76
4.016000000000001e-07,0.0608,76
4.0200000000000013e-07,0.0616,77
4.0240000000000016e-07,0.0608,76
4.028000000000002e-07,0.060000000000000005,75
4.032000000000002e-07,0.0616,77
4.0359999999999983e-07,0.0608,76
4.0399999999999986e-07,0.0616,77
4.043999999999999e-07,0.0616,77
4.047999999999999e-07,0.0608,76
4.0519999999999995e-07,0.0616,77
4.056e-07,0.060000000000000005,75
4.06e-07,0.0616,77
4.0640000000000004e-07,0.0616,77
4.0680000000000007e-07,0.0616,77
4.072000000000001e-07,0.0616,77
4.0760000000000013e-07,0.062400000000000004,78
4.0800000000000016e-07,0.0616,77
4.084000000000002e-07,0.0616,77
4.088000000000002e-07,0.0616,77
4.091999999999998e-07,0.0616,77
4.0959999999999986e-07,0.0616,77
4.099999999999999e-07,0.0616,77
4.103999999999999e-07,0.0616,77
4.1079999999999995e-07,0.0616,77
4.112e-07,0.0608,76
4.116e-07,0.062400000000000004,78
4.1200000000000004e-07,0.0616,77
4.1240000000000007e-07,0.0616,77
4.128000000000001e-07,0.0608,76
4.1320000000000013e-07,0.0608,76
4.1360000000000016e-07,0.0616,77
4.140000000000002e-07,0.0616,77
4.144000000000002e-07,0.0616,77
4.1480000000000025e-07,0.062400000000000004,78
4.1519999999999985e-07,0.062400000000000004,78
4.155999999999999e-07,0.0616,77
4.159999999999999e-07,0.0616,77
4.1639999999999994e-07,0.0608,76
4.1679999999999997e-07,0.0616,77
4.172e-07,0.0616,77
4.1760000000000003e-07,0.062400000000000004,78
4.1800000000000006e-07,0.0616,77
4.184000000000001e-07,0.0608,76
4.188000000000001e-07,0.0616,77
4.1920000000000015e-07,0.0616,77
4.196000000000002e-07,0.0616,77
4.200000000000002e-07,0.0608,76
4.2040000000000024e-07,0.0608,76
4.2079999999999985e-07,0.0616,77
4.211999999999999e-07,0.0616,77
4.215999999999999e-07,0.0616,77
4.2199999999999994e-07,0.0616,77
4.2239999999999997e-07,0.0616,77
4.228e-07,0.0616,77
4.2320000000000003e-07,0.0616,77
4.2360000000000006e-07,0.0608,76
4.240000000000001e-07,0.0616,77
4.244000000000001e-07,0.0616,77
4.2480000000000015e-07,0.060000000000000005,75
4.252000000000002e-07,0.0608,76
4.256000000000002e-07,0.0608,76
4.2600000000000024e-07,0.0616,77
4.2639999999999985e-07,0.0616,77
4.267999999999999e-07,0.0608,76
4.271999999999999e-07,0.0616,77
4.2759999999999994e-07,0.0616,77
4.2799999999999997e-07,0.0616,77
4.284e-07,0.0616,77
4.2880000000000003e-07,0.0616,77
4.2920000000000006e-07,0.0616,77
4.296000000000001e-07,0.0616,77
4.300000000000001e-07,0.0616,77
4.3040000000000015e-07,0.0616,77
4.308000000000002e-07,0.0616,77
4.312000000000002e-07,0.0616,77
4.3160000000000024e-07,0.0616,77
4.3199999999999984e-07,0.0616,77
4.323999999999999e-07,0.0616,77
4.327999999999999e-07,0.0616,77
4.3319999999999994e-07,0.0608,76
4.3359999999999997e-07,0.0616,77
4.34e-07,0.0616,77
4.344e-07,0.0616,77
4.3480000000000006e-07,0.0616,77
4.352000000000001e-07,0.0616,77
4.356000000000001e-07,0.0616,77
4.3600000000000015e-07,0.062400000000000004,78
4.364000000000002e-07,0.0616,77
4.368000000000002e-07,0.0608,76
4.3720000000000024e-07,0.0616,77
4.3759999999999984e-07,0.0616,77
4.3799999999999987e-07,0.0608,76
4.383999999999999e-07,0.0616,77
4.3879999999999993e-07,0.0616,77
4.3919999999999996e-07,0.0616,77
4.396e-07,0.0616,77
4.4e-07,0.0616,77
4.4040000000000005e-07,0.0616,77
4.408000000000001e-07,0.0616,77
4.412000000000001e-07,0.0608,76
4.4160000000000014e-07,0.0616,77
4.4200000000000017e-07,0.0616,77
4.424000000000002e-07,0.0616,77
4.4280000000000023e-07,0.0616,77
4.4319999999999984e-07,0.0616,77
4.4359999999999987e-07,0.0608,76
4.439999999999999e-07,0.0616,77
4.4439999999999993e-07,0.0616,77
4.4479999999999996e-07,0.0616,77
4.452e-07,0.060000000000000005,75
4.456e-07,0.0616,77
4.4600000000000005e-07,0.0616,77
4.464000000000001e-07,0.0616,77
4.468000000000001e-07,0.0616,77
4.4720000000000014e-07,0.062400000000000004,78
4.4760000000000017e-07,0.0616,77
4.480000000000002e-07,0.0616,77
4.4840000000000023e-07,0.0616,77
4.4879999999999984e-07,0.0616,77
4.4919999999999987e-07,0.0616,77
4.495999999999999e-07,0.0608,76
4.4999999999999993e-07,0.0616,77
4.5039999999999996e-07,0.0616,77
4.508e-07,0.062400000000000004,78
4.512e-07,0.0616,77
4.5160000000000005e-07,0.0616,77
4.520000000000001e-07,0.0616,77
4.524000000000001e-07,0.0616,77
4.5280000000000014e-07,0.0616,77
4.5320000000000017e-07,0.0616,77
4.536000000000002e-07,0.0616,77
4.5400000000000023e-07,0.0616,77
4.5439999999999983e-07,0.0616,77
4.5479999999999986e-07,0.0608,76
4.551999999999999e-07,0.0616,77
4.555999999999999e-07,0.0616,77
4.5599999999999995e-07,0.0608,76
4.564e-07,0.0608,76
4.568e-07,0.0616,77
4.5720000000000004e-07,0.0616,77
4.576000000000001e-07,0.0616,77
4.580000000000001e-07,0.0616,77
4.5840000000000013e-07,0.0616,77
4.5880000000000016e-07,0.0616,77
4.592000000000002e-07,0.0616,77
4.596000000000002e-07,0.0616,77
4.5999999999999983e-07,0.0616,77
4.6039999999999986e-07,0.0608,76
4.607999999999999e-07,0.0616,77
4.611999999999999e-07,0.0616,77
4.6159999999999995e-07,0.0608,76
4.62e-07,0.0616,77
4.624e-07,0.0616,77
4.6280000000000004e-07,0.0616,77
4.6320000000000007e-07,0.0616,77
4.636000000000001e-07,0.0616,77
4.6400000000000013e-07,0.0616,77
4.6440000000000016e-07,0.0616,77
4.648000000000002e-07,0.0608,76
4.652000000000002e-07,0.0616,77
4.6559999999999983e-07,0.0616,77
4.6599999999999986e-07,0.0616,77
4.663999999999999e-07,0.0616,77
4.667999999999999e-07,0.0616,77
4.6719999999999995e-07,0.0616,77
4.676e-07,0.0616,77
4.68e-07,0.0616,77
4.6840000000000004e-07,0.0616,77
4.6880000000000007e-07,0.0616,77
4.692000000000001e-07,0.0616,77
4.6960000000000013e-07,0.0608,76
4.7000000000000016e-07,0.0616,77
4.704000000000002e-07,0.0616,77
4.708000000000002e-07,0.0616,77
4.7120000000000025e-07,0.0616,77
4.7159999999999986e-07,0.0616,77
4.719999999999999e-07,0.0616,77
4.723999999999999e-07,0.0616,77
4.7279999999999995e-07,0.0616,77
4.732e-07,0.0616,77
4.736e-07,0.0616,77
4.7400000000000004e-07,0.0616,77
4.7440000000000007e-07,0.062400000000000004,78
4.748000000000001e-07,0.0616,77
4.752000000000001e-07,0.0608,76
4.7560000000000016e-07,0.0616,77
4.760000000000002e-07,0.0616,77
4.764000000000002e-07,0.0608,76
4.7680000000000025e-07,0.0616,77
4.771999999999999e-07,0.0616,77
4.775999999999999e-07,0.0616,77
4.779999999999999e-07,0.0616,77
4.783999999999999e-07,0.0616,77
4.788e-07,0.0616,77
4.792e-07,0.0616,77
4.796e-07,0.0616,77
4.800000000000001e-07,0.0616,77
4.804000000000001e-07,0.062400000000000004,78
4.808000000000001e-07,0.0616,77
4.812000000000002e-07,0.0616,77
4.816000000000002e-07,0.0616,77
4.820000000000002e-07,0.0616,77
4.824000000000002e-07,0.0616,77
4.827999999999998e-07,0.0608,76
4.831999999999999e-07,0.0616,77
4.835999999999999e-07,0.062400000000000004,78
4.839999999999999e-07,0.0616,77
4.844e-07,0.0616,77
4.848e-07,0.0616,77
4.852e-07,0.0616,77
4.856000000000001e-07,0.0616,77
4.860000000000001e-07,0.0608,76
4.864000000000001e-07,0.0616,77
4.868000000000002e-07,0.062400000000000004,78
4.872000000000002e-07,0.0616,77
4.876000000000002e-07,0.0616,77
4.880000000000002e-07,0.0616,77
4.883999999999998e-07,0.0616,77
4.887999999999999e-07,0.0616,77
4.891999999999999e-07,0.0608,76
4.895999999999999e-07,0.0616,77
4.9e-07,0.0616,77
4.904e-07,0.0616,77
4.908e-07,0.0616,77
4.912000000000001e-07,0.0616,77
4.916000000000001e-07,0.0616,77
4.920000000000001e-07,0.0616,77
4.924000000000001e-07,0.0616,77
4.928000000000002e-07,0.062400000000000004,78
4.932000000000002e-07,0.062400000000000004,78
4.936000000000002e-07,0.0616,77
4.939999999999998e-07,0.0616,77
4.943999999999999e-07,0.0616,77
4.947999999999999e-07,0.0608,76
4.951999999999999e-07,0.0608,76
4.956e-07,0.0616,77
4.96e-07,0.0616,77
4.964e-07,0.0616,77
4.968000000000001e-07,0.0608,76
4.972000000000001e-07,0.0616,77
4.976000000000001e-07,0.0616,77
4.980000000000001e-07,0.0616,77
4.984000000000002e-07,0.0616,77
4.988000000000002e-07,0.0616,77
4.992000000000002e-07,0.0616,77
4.995999999999998e-07,0.0616,77
4.999999999999999e-07,0.0608,76
5.003999999999999e-07,0.0616,77
5.007999999999999e-07,0.0616,77
5.012e-07,0.0616,77
5.016e-07,0.0616,77
5.02e-07,0.0616,77
5.024e-07,0.0616,77
5.028000000000001e-07,0.0616,77
5.032000000000001e-07,0.0616,77
5.036000000000001e-07,0.0616,77
5.040000000000002e-07,0.0616,77
5.044000000000002e-07,0.0616,77
5.048000000000002e-07,0.0616,77
5.051999999999998e-07,0.0608,76
5.055999999999999e-07,0.0616,77
5.059999999999999e-07,0.0608,76
5.063999999999999e-07,0.0616,77
5.068e-07,0.062400000000000004,78
5.072e-07,0.0608,76
5.076e-07,0.062400000000000004,78
5.08e-07,0.0608,76
5.084000000000001e-07,0.0616,77
5.088000000000001e-07,0.0616,77
5.092000000000001e-07,0.0616,77
5.096000000000002e-07,0.0616,77
5.100000000000002e-07,0.0616,77
5.104000000000002e-07,0.0616,77
5.107999999999998e-07,0.0616,77
5.111999999999999e-07,0.0616,77
5.115999999999999e-07,0.0616,77
5.119999999999999e-07,0.0616,77
5.124e-07,0.0616,77
5.128e-07,0.0616,77
5.132e-07,0.0616,77
5.136e-07,0.0608,76
5.140000000000001e-07,0.0616,77
5.144000000000001e-07,0.0608,76
5.148000000000001e-07,0.0616,77
5.152000000000002e-07,0.0616,77
5.156000000000002e-07,0.0616,77
5.160000000000002e-07,0.0616,77
5.163999999999998e-07,0.0616,77
5.167999999999999e-07,0.0616,77
5.171999999999999e-07,0.0616,77
5.175999999999999e-07,0.0616,77
5.18e-07,0.0616,77
5.184e-07,0.0616,77
5.188e-07,0.0616,77
5.192e-07,0.0616,77
5.196000000000001e-07,0.0608,76
5.200000000000001e-07,0.0608,76
5.204000000000001e-07,0.0616,77
5.208000000000002e-07,0.0616,77
5.212000000000002e-07,0.0616,77
5.216000000000002e-07,0.0608,76
5.219999999999998e-07,0.0608,76
5.223999999999999e-07,0.0608,76
5.227999999999999e-07,0.0616,77
5.231999999999999e-07,0.0616,77
5.236e-07,0.0608,76
5.24e-07,0.0608,76
5.244e-07,0.0616,77
5.248e-07,0.0616,77
5.252000000000001e-07,0.0616,77
5.256000000000001e-07,0.0616,77
5.260000000000001e-07,0.0608,76
5.264000000000002e-07,0.0616,77
5.268000000000002e-07,0.0608,76
5.272000000000002e-07,0.060000000000000005,75
5.276000000000003e-07,0.0608,76
5.279999999999999e-07,0.0608,76
5.283999999999999e-07,0.062400000000000004,78
5.287999999999999e-07,0.0616,77
5.292e-07,0.062400000000000004,78
5.296e-07,0.0616,77
5.3e-07,0.0616,77
5.304e-07,0.0608,76
5.308000000000001e-07,0.0608,76
5.312000000000001e-07,0.0616,77
5.316000000000001e-07,0.0608,76
5.320000000000002e-07,0.062400000000000004,78
5.324000000000002e-07,0.062400000000000004,78
5.328000000000002e-07,0.062400000000000004,78
5.332000000000002e-07,0.0616,77
5.335999999999999e-07,0.062400000000000004,78
5.339999999999999e-07,0.0616,77
5.343999999999999e-07,0.0616,77
5.347999999999999e-07,0.062400000000000004,78
5.352e-07,0.0616,77
5.356e-07,0.0616,77
5.36e-07,0.062400000000000004,78
5.364000000000001e-07,0.0616,77
5.368000000000001e-07,0.0616,77
5.372000000000001e-07,0.0616,77
5.376000000000002e-07,0.0608,76
5.380000000000002e-07,0.0616,77
5.384000000000002e-07,0.0616,77
5.388000000000002e-07,0.0616,77
5.391999999999999e-07,0.0616,77
5.395999999999999e-07,0.0616,77
5.399999999999999e-07,0.0616,77
5.403999999999999e-07,0.0616,77
5.408e-07,0.0616,77
5.412e-07,0.0616,77
5.416e-07,0.0616,77
5.420000000000001e-07,0.0616,77
5.424000000000001e-07,0.0616,77
5.428000000000001e-07,0.0616,77
5.432000000000002e-07,0.0616,77
5.436000000000002e-07,0.0616,77
5.440000000000002e-07,0.0616,77
5.444000000000002e-07,0.0616,77
5.447999999999998e-07,0.062400000000000004,78
5.451999999999999e-07,0.0616,77
5.455999999999999e-07,0.0616,77
5.459999999999999e-07,0.0616,77
5.464e-07,0.0616,77
5.468e-07,0.0616,77
5.472e-07,0.0616,77
5.476000000000001e-07,0.0616,77
5.480000000000001e-07,0.0616,77
5.484000000000001e-07,0.0616,77
5.488000000000001e-07,0.0616,77
5.492000000000002e-07,0.060000000000000005,75
5.496000000000002e-07,0.0608,76
5.500000000000002e-07,0.0608,76
5.503999999999998e-07,0.062400000000000004,78
5.507999999999999e-07,0.0616,77
5.511999999999999e-07,0.0616,77
5.515999999999999e-07,0.0616,77
5.52e-07,0.0616,77
5.524e-07,0.0616,77
5.528e-07,0.062400000000000004,78
5.532000000000001e-07,0.0616,77
5.536000000000001e-07,0.0616,77
5.540000000000001e-07,0.062400000000000004,78
5.544000000000001e-07,0.062400000000000004,78
5.548000000000002e-07,0.0616,77
5.552000000000002e-07,0.0616,77
5.556000000000002e-07,0.0616,77
5.559999999999998e-07,0.0616,77
5.563999999999999e-07,0.0616,77
5.567999999999999e-07,0.0616,77
5.571999999999999e-07,0.0616,77
5.576e-07,0.0616,77
5.58e-07,0.0616,77
5.584e-07,0.0616,77
5.588000000000001e-07,0.0616,77
5.592000000000001e-07,0.0616,77
5.596000000000001e-07,0.0616,77
5.600000000000001e-07,0.0616,77
5.604000000000002e-07,0.0616,77
5.608000000000002e-07,0.0616,77
5.612000000000002e-07,0.0616,77
5.615999999999998e-07,0.0608,76
5.619999999999999e-07,0.0608,76
5.623999999999999e-07,0.0616,77
5.627999999999999e-07,0.0616,77
5.632e-07,0.0616,77
5.636e-07,0.0616,77
5.64e-07,0.0616,77
5.644e-07,0.0616,77
5.648000000000001e-07,0.0616,77
5.652000000000001e-07,0.0616,77
5.656000000000001e-07,0.0616,77
5.660000000000002e-07,0.0608,76
5.664000000000002e-07,0.0616,77
5.668000000000002e-07,0.0616,77
5.671999999999998e-07,0.0616,77
5.675999999999999e-07,0.0616,77
5.679999999999999e-07,0.0616,77
5.683999999999999e-07,0.0616,77
5.688e-07,0.0616,77
5.692e-07,0.0616,77
5.696e-07,0.0616,77
5.7e-07,0.0616,77
5.704000000000001e-07,0.0608,76
5.708000000000001e-07,0.0616,77
5.712000000000001e-07,0.0616,77
5.716000000000002e-07,0.0616,77
5.720000000000002e-07,0.0616,77
5.724000000000002e-07,0.0616,77
5.727999999999998e-07,0.0616,77
5.731999999999999e-07,0.0616,77
5.735999999999999e-07,0.0608,76
5.739999999999999e-07,0.0608,76
5.744e-07,0.0616,77
5.748e-07,0.0616,77
5.752e-07,0.062400000000000004,78
5.756e-07,0.0616,77
5.760000000000001e-07,0.0616,77
5.764000000000001e-07,0.0616,77
5.768000000000001e-07,0.0616,77
5.772000000000002e-07,0.0616,77
5.776000000000002e-07,0.0608,76
5.780000000000002e-07,0.0616,77
5.783999999999998e-07,0.0608,76
5.787999999999999e-07,0.0616,77
5.791999999999999e-07,0.0608,76
5.795999999999999e-07,0.0616,77
5.8e-07,0.0616,77
5.804e-07,0.0616,77
5.808e-07,0.0616,77
5.812e-07,0.0608,76
5.816000000000001e-07,0.0608,76
5.820000000000001e-07,0.0616,77
5.824000000000001e-07,0.0616,77
5.828000000000002e-07,0.0616,77
5.832000000000002e-07,0.0616,77
5.836000000000002e-07,0.0616,77
5.840000000000003e-07,0.0616,77
5.843999999999999e-07,0.0616,77
5.847999999999999e-07,0.0616,77
5.851999999999999e-07,0.0632,79
5.856e-07,0.0616,77
5.86e-07,0.0616,77
5.864e-07,0.0616,77
5.868e-07,0.0616,77
5.872000000000001e-07,0.0616,77
5.876000000000001e-07,0.0616,77
5.880000000000001e-07,0.0616,77
5.884000000000002e-07,0.0616,77
5.888000000000002e-07,0.0616,77
5.892000000000002e-07,0.0608,76
5.896000000000003e-07,0.0616,77
5.899999999999999e-07,0.0616,77
5.903999999999999e-07,0.0616,77
5.907999999999999e-07,0.062400000000000004,78
5.911999999999999e-07,0.0616,77
5.916e-07,0.0616,77
5.92e-07,0.0608,76
5.924e-07,0.0608,76
5.928000000000001e-07,0.0616,77
5.932000000000001e-07,0.0608,76
5.936000000000001e-07,0.0616,77
5.940000000000002e-07,0.062400000000000004,78
5.944000000000002e-07,0.0616,77
5.948000000000002e-07,0.0616,77
5.952000000000002e-07,0.0608,76
5.955999999999999e-07,0.060000000000000005,75
5.959999999999999e-07,0.0616,77
5.963999999999999e-07,0.062400000000000004,78
5.967999999999999e-07,0.0616,77
5.972e-07,0.0616,77
5.976e-07,0.0608,76
5.98e-07,0.0616,77
5.984000000000001e-07,0.0616,77
5.988000000000001e-07,0.062400000000000004,78
5.992000000000001e-07,0.0632,79
5.996000000000002e-07,0.0616,77
6.000000000000002e-07,0.0616,77
6.004000000000002e-07,0.0608,76
6.008000000000002e-07,0.0608,76
6.011999999999999e-07,0.0608,76
6.015999999999999e-07,0.0616,77
6.019999999999999e-07,0.0616,77
6.023999999999999e-07,0.0616,77
6.028e-07,0.0616,77
6.032e-07,0.0616,77
6.036e-07,0.0616,77
6.040000000000001e-07,0.0608,76
6.044000000000001e-07,0.0616,77
6.048000000000001e-07,0.0616,77
6.052000000000002e-07,0.0608,76
6.056000000000002e-07,0.0616,77
6.060000000000002e-07,0.062400000000000004,78
6.064000000000002e-07,0.0616,77
6.067999999999998e-07,0.0608,76
6.071999999999999e-07,0.0616,77
6.075999999999999e-07,0.0616,77
6.079999999999999e-07,0.0616,77
6.084e-07,0.0608,76
6.088e-07,0.0616,77
6.092e-07,0.0616,77
6.096000000000001e-07,0.0616,77
6.100000000000001e-07,0.0616,77
6.104000000000001e-07,0.062400000000000004,78
6.108000000000001e-07,0.0608,76
6.112000000000002e-07,0.0616,77
6.116000000000002e-07,0.0616,77
6.120000000000002e-07,0.0616,77
6.123999999999998e-07,0.0616,77
6.127999999999999e-07,0.0616,77
6.131999999999999e-07,0.0608,76
6.135999999999999e-07,0.060000000000000005,75
6.14e-07,0.0616,77
6.144e-07,0.0608,76
6.148e-07,0.0616,77
6.152000000000001e-07,0.0616,77
6.156000000000001e-07,0.0616,77
6.160000000000001e-07,0.0616,77
6.164000000000001e-07,0.0608,76
6.168000000000002e-07,0.0608,76
6.172000000000002e-07,0.0608,76
6.176000000000002e-07,0.0616,77
6.179999999999998e-07,0.0616,77
6.183999999999999e-07,0.0608,76
6.187999999999999e-07,0.0616,77
6.191999999999999e-07,0.0616,77
6.196e-07,0.0616,77
6.2e-07,0.0616,77
6.204e-07,0.0616,77
6.208000000000001e-07,0.0616,77
6.212000000000001e-07,0.0608,76
6.216000000000001e-07,0.0608,76
6.220000000000001e-07,0.0616,77
6.224000000000002e-07,0.0616,77
6.228000000000002e-07,0.0616,77
6.232000000000002e-07,0.0616,77
6.235999999999998e-07,0.0616,77
6.239999999999999e-07,0.0616,77
6.243999999999999e-07,0.0616,77
6.247999999999999e-07,0.0616,77
6.252e-07,0.0608,76
6.256e-07,0.0608,76
6.26e-07,0.0608,76
6.264e-07,0.0616,77
6.268000000000001e-07,0.0616,77
6.272000000000001e-07,0.0616,77
6.276000000000001e-07,0.0608,76
6.280000000000002e-07,0.062400000000000004,78
6.284000000000002e-07,0.0616,77
6.288000000000002e-07,0.0616,77
6.291999999999998e-07,0.0616,77
6.295999999999999e-07,0.0616,77
6.299999999999999e-07,0.062400000000000004,78
6.303999999999999e-07,0.0608,76
6.308e-07,0.0616,77
6.312e-07,0.0616,77
6.316e-07,0.0616,77
6.32e-07,0.0616,77
6.324000000000001e-07,0.0616,77
6.328000000000001e-07,0.0616,77
6.332000000000001e-07,0.0616,77
6.336000000000002e-07,0.0616,77
6.340000000000002e-07,0.0616,77
6.344000000000002e-07,0.0616,77
6.347999999999998e-07,0.0616,77
6.351999999999999e-07,0.0616,77
6.355999999999999e-07,0.0608,76
6.359999999999999e-07,0.0616,77
6.364e-07,0.0616,77
6.368e-07,0.0616,77
6.372e-07,0.062400000000000004,78
6.376e-07,0.0616,77
6.380000000000001e-07,0.0616,77
6.384000000000001e-07,0.0616,77
6.388000000000001e-07,0.0616,77
6.392000000000002e-07,0.0616,77
6.396000000000002e-07,0.0616,77
6.400000000000002e-07,0.062400000000000004,78
6.404000000000003e-07,0.0616,77
6.407999999999999e-07,0.0616,77
6.411999999999999e-07,0.0608,76
6.415999999999999e-07,0.0608,76
6.42e-07,0.0608,76
6.424e-07,0.0608,76
6.428e-07,0.0616,77
6.432e-07,0.062400000000000004,78
6.436000000000001e-07,0.0616,77
6.440000000000001e-07,0.0616,77
6.444000000000001e-07,0.0616,77
6.448000000000002e-07,0.062400000000000004,78
6.452000000000002e-07,0.062400000000000004,78
6.456000000000002e-07,0.062400000000000004,78
6.460000000000003e-07,0.0608,76
6.463999999999999e-07,0.0608,76
6.467999999999999e-07,0.0616,77
6.471999999999999e-07,0.0608,76
6.476e-07,0.0608,76
6.48e-07,0.0616,77
6.484e-07,0.0616,77
6.488e-07,0.0616,77
6.492000000000001e-07,0.0616,77
6.496000000000001e-07,0.0616,77
6.500000000000001e-07,0.0616,77
6.504000000000002e-07,0.0616,77
6.508000000000002e-07,0.062400000000000004,78
6.512000000000002e-07,0.0616,77
6.516000000000002e-07,0.0608,76
6.519999999999999e-07,0.060000000000000005,75
6.523999999999999e-07,0.0616,77
6.527999999999999e-07,0.0616,77
6.531999999999999e-07,0.0616,77
6.536e-07,0.0616,77
6.54e-07,0.0616,77
6.544e-07,0.0616,77
6.548000000000001e-07,0.0616,77
6.552000000000001e-07,0.0616,77
6.556000000000001e-07,0.0608,76
6.560000000000002e-07,0.0616,77
6.564000000000002e-07,0.0616,77
6.568000000000002e-07,0.0616,77
6.572000000000002e-07,0.0616,77
6.575999999999999e-07,0.0616,77
6.579999999999999e-07,0.0616,77
6.583999999999999e-07,0.0616,77
6.587999999999999e-07,0.0608,76
6.592e-07,0.0616,77
6.596e-07,0.0616,77
6.6e-07,0.0616,77
6.604000000000001e-07,0.0616,77
6.608000000000001e-07,0.0616,77
6.612000000000001e-07,0.0616,77
6.616000000000002e-07,0.0608,76
6.620000000000002e-07,0.0616,77
6.624000000000002e-07,0.0616,77
6.628000000000002e-07,0.0616,77
6.631999999999999e-07,0.0616,77
6.635999999999999e-07,0.0616,77
6.639999999999999e-07,0.0616,77
6.643999999999999e-07,0.0616,77
6.648e-07,0.0632,79
6.652e-07,0.062400000000000004,78
6.656e-07,0.0616,77
6.660000000000001e-07,0.0608,76
6.664000000000001e-07,0.0616,77
6.668000000000001e-07,0.0616,77
6.672000000000002e-07,0.0608,76
6.676000000000002e-07,0.0616,77
6.680000000000002e-07,0.0616,77
6.684000000000002e-07,0.0608,76
6.687999999999998e-07,0.062400000000000004,78
6.691999999999999e-07,0.0616,77
6.695999999999999e-07,0.0616,77
6.699999999999999e-07,0.0616,77
6.704e-07,0.0616,77
6.708e-07,0.062400000000000004,78
6.712e-07,0.0616,77
6.716000000000001e-07,0.0616,77
6.720000000000001e-07,0.062400000000000004,78
6.724000000000001e-07,0.0616,77
6.728000000000001e-07,0.0616,77
6.732000000000002e-07,0.0608,76
6.736000000000002e-07,0.062400000000000004,78
6.740000000000002e-07,0.0616,77
6.743999999999998e-07,0.0616,77
6.747999999999999e-07,0.0616,77
6.751999999999999e-07,0.062400000000000004,78
6.755999999999999e-07,0.0616,77
6.76e-07,0.0616,77
6.764e-07,0.0608,76
6.768e-07,0.0616,77
6.772000000000001e-07,0.0616,77
6.776000000000001e-07,0.0616,77
6.780000000000001e-07,0.0608,76
6.784000000000001e-07,0.0608,76
6.788000000000002e-07,0.0616,77
6.792000000000002e-07,0.0616,77
6.796000000000002e-07,0.0608,76
6.799999999999998e-07,0.0616,77
6.803999999999999e-07,0.0616,77
6.807999999999999e-07,0.0616,77
6.811999999999999e-07,0.0608,76
6.816e-07,0.0616,77
6.82e-07,0.0616,77
6.824e-07,0.0616,77
6.828e-07,0.0616,77
6.832000000000001e-07,0.0616,77
6.836000000000001e-07,0.0616,77
6.840000000000001e-07,0.0616,77
6.844000000000002e-07,0.0616,77
6.848000000000002e-07,0.0616,77
6.852000000000002e-07,0.0616,77
6.855999999999998e-07,0.062400000000000004,78
6.859999999999999e-07,0.062400000000000004,78
6.863999999999999e-07,0.0616,77
6.867999999999999e-07,0.0616,77
6.872e-07,0.0616,77
6.876e-07,0.0608,76
6.88e-07,0.0616,77
6.884e-07,0.0608,76
6.888000000000001e-07,0.0616,77
6.892000000000001e-07,0.0616,77
6.896000000000001e-07,0.0616,77
6.900000000000002e-07,0.062400000000000004,78
6.904000000000002e-07,0.0616,77
6.908000000000002e-07,0.0616,77
6.911999999999998e-07,0.0616,77
6.915999999999999e-07,0.0616,77
6.919999999999999e-07,0.0616,77
6.923999999999999e-07,0.0616,77
6.928e-07,0.062400000000000004,78
6.932e-07,0.0616,77
6.936e-07,0.0608,76
6.94e-07,0.0616,77
6.944000000000001e-07,0.0616,77
6.948000000000001e-07,0.0616,77
6.952000000000001e-07,0.0608,76
6.956000000000002e-07,0.0616,77
6.960000000000002e-07,0.0616,77
6.964000000000002e-07,0.0632,79
6.968000000000003e-07,0.0616,77
6.971999999999999e-07,0.0616,77
6.975999999999999e-07,0.0608,76
6.979999999999999e-07,0.0608,76
6.984e-07,0.0608,76
6.988e-07,0.0616,77
6.992e-07,0.0616,77
6.996e-07,0.0616,77
7.000000000000001e-07,0.0608,76
7.004000000000001e-07,0.0616,77
7.008000000000001e-07,0.0616,77
7.012000000000002e-07,0.0616,77
7.016000000000002e-07,0.0616,77
7.020000000000002e-07,0.0608,76
7.024000000000003e-07,0.0608,76
7.027999999999999e-07,0.062400000000000004,78
7.031999999999999e-07,0.0616,77
7.035999999999999e-07,0.0608,76
7.04e-07,0.0616,77
7.044e-07,0.0616,77
7.048e-07,0.0616,77
7.052e-07,0.0616,77
7.056000000000001e-07,0.0616,77
7.060000000000001e-07,0.062400000000000004,78
7.064000000000001e-07,0.0616,77
7.068000000000002e-07,0.0616,77
7.072000000000002e-07,0.0616,77
7.076000000000002e-07,0.0616,77
7.080000000000003e-07,0.060000000000000005,75
7.083999999999999e-07,0.0616,77
7.087999999999999e-07,0.0608,76
7.091999999999999e-07,0.0616,77
7.096e-07,0.0616,77
7.1e-07,0.0616,77
7.104e-07,0.062400000000000004,78
7.108e-07,0.0608,76
7.112000000000001e-07,0.0616,77
7.116000000000001e-07,0.0608,76
7.120000000000001e-07,0.0616,77
7.124000000000002e-07,0.0616,77
7.128000000000002e-07,0.0616,77
7.132000000000002e-07,0.0608,76
7.136000000000002e-07,0.0616,77
7.139999999999999e-07,0.0616,77
7.143999999999999e-07,0.0616,77
7.147999999999999e-07,0.0616,77
7.151999999999999e-07,0.062400000000000004,78
7.156e-07,0.0616,77
7.16e-07,0.0616,77
7.164e-07,0.0616,77
7.168000000000001e-07,0.0616,77
7.172000000000001e-07,0.0616,77
7.176000000000001e-07,0.0616,77
7.180000000000002e-07,0.0616,77
7.184000000000002e-07,0.0608,76
7.188000000000002e-07,0.0616,77
7.192000000000002e-07,0.0616,77
7.195999999999999e-07,0.0616,77
7.199999999999999e-07,0.0608,76
7.203999999999999e-07,0.0616,77
7.207999999999999e-07,0.0616,77
7.212e-07,0.0616,77
7.216e-07,0.0616,77
7.22e-07,0.0616,77
7.224000000000001e-07,0.062400000000000004,78
7.228000000000001e-07,0.0616,77
7.232000000000001e-07,0.0616,77
7.236000000000002e-07,0.0616,77
7.240000000000002e-07,0.062400000000000004,78
7.244000000000002e-07,0.0616,77
7.248000000000002e-07,0.0616,77
7.251999999999998e-07,0.0608,76
7.255999999999999e-07,0.0616,77
7.259999999999999e-07,0.0616,77
7.263999999999999e-07,0.0616,77
7.268e-07,0.0616,77
7.272e-07,0.0616,77
7.276e-07,0.0616,77
7.280000000000001e-07,0.0616,77
7.284000000000001e-07,0.0608,76
7.288000000000001e-07,0.0616,77
7.292000000000002e-07,0.0616,77
7.296000000000002e-07,0.0616,77
7.300000000000002e-07,0.062400000000000004,78
7.304000000000002e-07,0.062400000000000004,78
7.307999999999998e-07,0.062400000000000004,78
7.311999999999999e-07,0.0616,77
7.315999999999999e-07,0.0616,77
7.319999999999999e-07,0.0616,77
7.324e-07,0.0616,77
7.328e-07,0.0616,77
7.332e-07,0.0616,77
7.336000000000001e-07,0.0616,77
7.340000000000001e-07,0.062400000000000004,78
7.344000000000001e-07,0.0616,77
7.348000000000001e-07,0.0616,77
7.352000000000002e-07,0.0608,76
7.356000000000002e-07,0.0616,77
7.360000000000002e-07,0.0616,77
7.363999999999998e-07,0.062400000000000004,78
7.367999999999999e-07,0.0616,77
7.371999999999999e-07,0.0616,77
7.375999999999999e-07,0.0616,77
7.38e-07,0.0608,76
7.384e-07,0.0616,77
7.388e-07,0.0616,77
7.392000000000001e-07,0.0616,77
7.396000000000001e-07,0.0616,77
7.400000000000001e-07,0.0616,77
7.404000000000001e-07,0.0616,77
7.408000000000002e-07,0.0616,77
7.412000000000002e-07,0.0616,77
7.416000000000002e-07,0.0616,77
7.419999999999998e-07,0.0616,77
7.423999999999999e-07,0.0616,77
7.427999999999999e-07,0.0608,76
7.431999999999999e-07,0.0608,76
7.436e-07,0.0616,77
7.44e-07,0.0616,77
7.444e-07,0.0616,77
7.448e-07,0.0616,77
7.452000000000001e-07,0.0616,77
7.456000000000001e-07,0.0608,76
7.460000000000001e-07,0.0608,76
7.464000000000002e-07,0.0616,77
7.468000000000002e-07,0.0616,77
7.472000000000002e-07,0.0608,76
7.475999999999998e-07,0.0616,77
7.479999999999999e-07,0.0616,77
7.483999999999999e-07,0.0616,77
7.487999999999999e-07,0.0616,77
7.492e-07,0.0616,77
7.496e-07,0.0616,77
7.5e-07,0.062400000000000004,78
7.504e-07,0.0616,77
7.508000000000001e-07,0.062400000000000004,78
7.512000000000001e-07,0.0616,77
7.516000000000001e-07,0.0616,77
7.520000000000002e-07,0.0616,77
7.524000000000002e-07,0.0616,77
7.528000000000002e-07,0.0616,77
7.532000000000003e-07,0.0616,77
7.535999999999999e-07,0.0608,76
7.539999999999999e-07,0.0616,77
7.543999999999999e-07,0.0616,77
7.548e-07,0.0616,77
7.552e-07,0.0616,77
7.556e-07,0.0616,77
7.56e-07,0.0616,77
7.564000000000001e-07,0.0616,77
7.568000000000001e-07,0.0616,77
7.572000000000001e-07,0.0616,77
7.576000000000002e-07,0.0616,77
7.580000000000002e-07,0.0616,77
7.584000000000002e-07,0.0616,77
7.588000000000003e-07,0.0616,77
7.591999999999999e-07,0.0616,77
7.595999999999999e-07,0.0616,77
7.599999999999999e-07,0.0616,77
7.604e-07,0.0616,77
7.608e-07,0.0616,77
7.612e-07,0.0616,77
7.616e-07,0.0616,77
7.620000000000001e-07,0.0616,77
7.624000000000001e-07,0.0616,77
7.628000000000001e-07,0.0608,76
7.632000000000002e-07,0.0616,77
7.636000000000002e-07,0.062400000000000004,78
7.640000000000002e-07,0.060000000000000005,75
7.644000000000003e-07,0.0616,77
7.647999999999999e-07,0.0616,77
7.651999999999999e-07,0.062400000000000004,78
7.655999999999999e-07,0.0616,77
7.66e-07,0.060000000000000005,75
7.664e-07,0.0616,77
7.668e-07,0.060000000000000005,75
7.672e-07,0.0616,77
7.676000000000001e-07,0.0616,77
7.680000000000001e-07,0.0616,77
7.684000000000001e-07,0.0616,77
7.688000000000002e-07,0.0608,76
7.692000000000002e-07,0.062400000000000004,78
7.696000000000002e-07,0.0616,77
7.700000000000003e-07,0.0616,77
7.703999999999999e-07,0.0608,76
7.707999999999999e-07,0.060000000000000005,75
7.711999999999999e-07,0.0616,77
7.716e-07,0.0616,77
7.72e-07,0.0616,77
7.724e-07,0.0616,77
7.728e-07,0.0616,77
7.732000000000001e-07,0.062400000000000004,78
7.736000000000001e-07,0.0616,77
7.740000000000001e-07,0.0616,77
7.744000000000002e-07,0.0608,76
7.748000000000002e-07,0.0616,77
7.752000000000002e-07,0.0616,77
7.756000000000002e-07,0.0616,77
7.759999999999999e-07,0.062400000000000004,78
7.763999999999999e-07,0.0616,77
7.767999999999999e-07,0.062400000000000004,78
7.771999999999999e-07,0.0608,76
7.776e-07,0.0616,77
7.78e-07,0.0616,77
7.784e-07,0.0616,77
7.788000000000001e-07,0.0616,77
7.792000000000001e-07,0.0616,77
7.796000000000001e-07,0.0616,77
7.800000000000002e-07,0.0616,77
7.804000000000002e-07,0.0616,77
7.808000000000002e-07,0.0608,76
7.812000000000002e-07,0.0616,77
7.815999999999999e-07,0.0616,77
7.819999999999999e-07,0.0616,77
7.823999999999999e-07,0.062400000000000004,78
7.827999999999999e-07,0.0616,77
7.832e-07,0.062400000000000004,78
7.836e-07,0.062400000000000004,78
7.84e-07,0.0616,77
7.844000000000001e-07,0.0616,77
7.848000000000001e-07,0.0608,76
7.852000000000001e-07,0.0608,76
7.856000000000002e-07,0.0616,77
7.860000000000002e-07,0.0616,77
7.864000000000002e-07,0.062400000000000004,78
7.868000000000002e-07,0.062400000000000004,78
7.871999999999998e-07,0.0608,76
7.875999999999999e-07,0.0616,77
7.879999999999999e-07,0.0616,77
7.883999999999999e-07,0.0616,77
7.888e-07,0.062400000000000004,78
7.892e-07,0.062400000000000004,78
7.896e-07,0.0616,77
7.900000000000001e-07,0.0608,76
7.904000000000001e-07,0.0608,76
7.908000000000001e-07,0.0616,77
7.912000000000001e-07,0.0616,77
7.916000000000002e-07,0.062400000000000004,78
7.920000000000002e-07,0.0616,77
7.924000000000002e-07,0.0616,77
7.927999999999998e-07,0.0616,77
7.931999999999999e-07,0.0616,77
7.935999999999999e-07,0.0616,77
7.939999999999999e-07,0.0616,77
7.944e-07,0.0616,77
7.948e-07,0.0616,77
7.952e-07,0.0616,77
7.956000000000001e-07,0.0616,77
7.960000000000001e-07,0.0616,77
7.964000000000001e-07,0.0608,76
7.968000000000001e-07,0.0616,77
7.972000000000002e-07,0.0608,76
7.976000000000002e-07,0.0616,77
7.980000000000002e-07,0.0608,76
7.983999999999998e-07,0.0616,77
7.987999999999999e-07,0.0616,77
7.991999999999999e-07,0.0616,77
7.995999999999999e-07,0.0616,77
8e-07,0.0616,77
8.004e-07,0.062400000000000004,78
8.008e-07,0.0616,77
8.012000000000001e-07,0.062400000000000004,78
8.016000000000001e-07,0.0616,77
8.020000000000001e-07,0.0616,77
8.024000000000001e-07,0.0616,77
8.028000000000002e-07,0.0608,76
8.032000000000002e-07,0.0616,77
8.036000000000002e-07,0.0616,77
8.039999999999998e-07,0.0616,77
8.043999999999999e-07,0.062400000000000004,78
8.047999999999999e-07,0.0616,77
8.051999999999999e-07,0.0608,76
8.056e-07,0.0616,77
8.06e-07,0.0608,76
8.064e-07,0.0616,77
8.068e-07,0.0616,77
8.072000000000001e-07,0.0616,77
8.076000000000001e-07,0.0608,76
8.080000000000001e-07,0.0616,77
8.084000000000002e-07,0.0616,77
8.088000000000002e-07,0.0616,77
8.092000000000002e-07,0.0616,77
8.096000000000003e-07,0.0616,77
8.099999999999999e-07,0.0616,77
8.103999999999999e-07,0.0616,77
8.107999999999999e-07,0.0608,76
8.112e-07,0.0616,77
8.116e-07,0.0616,77
8.12e-07,0.0616,77
8.124e-07,0.0616,77
8.128000000000001e-07,0.0616,77
8.132000000000001e-07,0.0608,76
8.136000000000001e-07,0.0616,77
8.140000000000002e-07,0.0616,77
8.144000000000002e-07,0.062400000000000004,78
8.148000000000002e-07,0.0608,76
8.152000000000003e-07,0.0616,77
8.155999999999999e-07,0.0608,76
8.159999999999999e-07,0.0616,77
8.163999999999999e-07,0.0616,77
8.168e-07,0.062400000000000004,78
8.172e-07,0.062400000000000004,78
8.176e-07,0.0608,76
8.18e-07,0.0608,76
8.184000000000001e-07,0.0616,77
8.188000000000001e-07,0.0608,76
8.192000000000001e-07,0.0616,77
8.196000000000002e-07,0.0616,77
8.200000000000002e-07,0.0608,76
8.204000000000002e-07,0.0616,77
8.208000000000003e-07,0.0616,77
8.211999999999999e-07,0.0608,76
8.215999999999999e-07,0.0616,77
8.219999999999999e-07,0.0616,77
8.224e-07,0.0608,76
8.228e-07,0.0616,77
8.232e-07,0.0616,77
8.236e-07,0.062400000000000004,78
8.240000000000001e-07,0.0616,77
8.244000000000001e-07,0.0616,77
8.248000000000001e-07,0.0616,77
8.252000000000002e-07,0.0616,77
8.256000000000002e-07,0.0608,76
8.260000000000002e-07,0.0616,77
8.264000000000003e-07,0.0608,76
8.267999999999999e-07,0.0616,77
8.271999999999999e-07,0.0608,76
8.275999999999999e-07,0.0608,76
8.28e-07,0.0616,77
8.284e-07,0.0616,77
8.288e-07,0.0616,77
8.292e-07,0.060000000000000005,75
8.296000000000001e-07,0.0616,77
8.300000000000001e-07,0.0616,77
8.304000000000001e-07,0.0616,77
8.308000000000002e-07,0.0616,77
8.312000000000002e-07,0.062400000000000004,78
8.316000000000002e-07,0.0616,77
8.320000000000003e-07,0.0616,77
8.323999999999999e-07,0.062400000000000004,78
8.327999999999999e-07,0.0616,77
8.331999999999999e-07,0.0616,77
8.335999999999999e-07,0.0616,77
8.34e-07,0.0616,77
8.344e-07,0.0616,77
8.348e-07,0.0616,77
8.352000000000001e-07,0.0616,77
8.356000000000001e-07,0.0616,77
8.360000000000001e-07,0.0616,77
8.364000000000002e-07,0.0616,77
8.368000000000002e-07,0.062400000000000004,78
8.372000000000002e-07,0.0608,76
8.376000000000002e-07,0.0616,77
8.379999999999999e-07,0.0616,77
8.383999999999999e-07,0.0616,77
8.387999999999999e-07,0.0616,77
8.391999999999999e-07,0.0616,77
8.396e-07,0.0616,77
8.4e-07,0.0616,77
8.404e-07,0.0616,77
8.408000000000001e-07,0.0616,77
8.412000000000001e-07,0.0616,77
8.416000000000001e-07,0.0608,76
8.420000000000002e-07,0.062400000000000004,78
8.424000000000002e-07,0.0616,77
8.428000000000002e-07,0.0632,79
8.432000000000002e-07,0.0616,77
8.435999999999999e-07,0.062400000000000004,78
8.439999999999999e-07,0.062400000000000004,78
8.443999999999999e-07,0.0616,77
8.447999999999999e-07,0.0608,76
8.452e-07,0.0616,77
8.456e-07,0.0608,76
8.46e-07,0.0616,77
8.464000000000001e-07,0.0616,77
8.468000000000001e-07,0.0616,77
8.472000000000001e-07,0.0616,77
8.476000000000002e-07,0.0616,77
8.480000000000002e-07,0.062400000000000004,78
8.484000000000002e-07,0.062400000000000004,78
8.488000000000002e-07,0.0616,77
8.491999999999998e-07,0.0616,77
8.495999999999999e-07,0.0616,77
8.499999999999999e-07,0.0616,77
8.503999999999999e-07,0.0616,77
8.508e-07,0.0616,77
8.512e-07,0.0616,77
8.516e-07,0.062400000000000004,78
8.520000000000001e-07,0.0616,77
8.524000000000001e-07,0.060000000000000005,75
8.528000000000001e-07,0.0616,77
8.532000000000001e-07,0.0608,76
8.536000000000002e-07,0.0616,77
8.540000000000002e-07,0.0616,77
8.544000000000002e-07,0.0616,77
8.547999999999998e-07,0.0616,77
8.551999999999999e-07,0.0616,77
8.555999999999999e-07,0.0616,77
8.559999999999999e-07,0.0616,77
8.564e-07,0.0616,77
8.568e-07,0.0616,77
8.572e-07,0.062400000000000004,78
8.576000000000001e-07,0.0616,77
8.580000000000001e-07,0.0616,77
8.584000000000001e-07,0.0616,77
8.588000000000001e-07,0.0616,77
8.592000000000002e-07,0.062400000000000004,78
8.596000000000002e-07,0.0616,77
8.600000000000002e-07,0.0616,77
8.603999999999998e-07,0.0608,76
8.607999999999999e-07,0.0616,77
8.611999999999999e-07,0.0608,76
8.615999999999999e-07,0.0616,77
8.62e-07,0.0616,77
8.624e-07,0.0616,77
8.628e-07,0.0616,77
8.632000000000001e-07,0.0616,77
8.636000000000001e-07,0.0616,77
8.640000000000001e-07,0.0616,77
8.644000000000001e-07,0.0616,77
8.648000000000002e-07,0.0608,76
8.652000000000002e-07,0.0616,77
8.656000000000002e-07,0.0616,77
8.660000000000003e-07,0.0616,77
8.663999999999999e-07,0.0616,77
8.667999999999999e-07,0.0616,77
8.671999999999999e-07,0.0616,77
8.676e-07,0.0616,77
8.68e-07,0.0616,77
8.684e-07,0.0616,77
8.688e-07,0.0616,77
8.692000000000001e-07,0.0616,77
8.696000000000001e-07,0.0616,77
8.700000000000001e-07,0.062400000000000004,78
8.704000000000002e-07,0.0616,77
8.708000000000002e-07,0.0608,76
8.712000000000002e-07,0.0616,77
8.716000000000003e-07,0.0616,77
8.719999999999999e-07,0.0616,77
8.723999999999999e-07,0.062400000000000004,78
8.727999999999999e-07,0.0616,77
8.732e-07,0.062400000000000004,78
8.736e-07,0.062400000000000004,78
8.74e-07,0.0616,77
8.744e-07,0.0616,77
8.748000000000001e-07,0.060000000000000005,75
8.752000000000001e-07,0.0616,77
8.756000000000001e-07,0.0616,77
8.760000000000002e-07,0.0616,77
8.764000000000002e-07,0.0608,76
8.768000000000002e-07,0.0608,76
8.772000000000003e-07,0.0608,76
8.775999999999999e-07,0.0608,76
8.779999999999999e-07,0.0616,77
8.783999999999999e-07,0.062400000000000004,78
8.788e-07,0.062400000000000004,78
8.792e-07,0.0632,79
8.796e-07,0.0616,77
8.8e-07,0.0608,76
8.804000000000001e-07,0.0608,76
8.808000000000001e-07,0.0616,77
8.812000000000001e-07,0.0616,77
8.816000000000002e-07,0.0616,77
8.820000000000002e-07,0.0616,77
8.824000000000002e-07,0.0616,77
8.828000000000003e-07,0.0608,76
8.831999999999999e-07,0.0616,77
8.835999999999999e-07,0.0608,76
8.839999999999999e-07,0.0616,77
8.844e-07,0.0616,77
8.848e-07,0.0616,77
8.852e-07,0.0616,77
8.856e-07,0.0616,77
8.860000000000001e-07,0.0616,77
8.864000000000001e-07,0.0608,76
8.868000000000001e-07,0.0616,77
8.872000000000002e-07,0.062400000000000004,78
8.876000000000002e-07,0.0616,77
8.880000000000002e-07,0.0616,77
8.884000000000003e-07,0.0632,79
8.887999999999999e-07,0.0616,77
8.891999999999999e-07,0.0616,77
8.895999999999999e-07,0.0616,77
8.9e-07,0.0616,77
8.904e-07,0.0616,77
8.908e-07,0.0616,77
8.912e-07,0.0616,77
8.916000000000001e-07,0.060000000000000005,75
8.920000000000001e-07,0.0616,77
8.924000000000001e-07,0.0616,77
8.928000000000002e-07,0.0616,77
8.932000000000002e-07,0.0608,76
8.936000000000002e-07,0.0616,77
8.940000000000002e-07,0.0616,77
8.943999999999999e-07,0.0608,76
8.947999999999999e-07,0.0616,77
8.951999999999999e-07,0.0616,77
8.955999999999999e-07,0.0616,77
8.96e-07,0.0616,77
8.964e-07,0.062400000000000004,78
8.968e-07,0.0616,77
8.972000000000001e-07,0.0616,77
8.976000000000001e-07,0.0616,77
8.980000000000001e-07,0.0616,77
8.984000000000002e-07,0.0608,76
8.988000000000002e-07,0.0616,77
8.992000000000002e-07,0.062400000000000004,78
8.996000000000002e-07,0.0616,77
8.999999999999999e-07,0.0608,76
9.003999999999999e-07,0.0616,77
9.007999999999999e-07,0.0608,76
9.011999999999999e-07,0.0632,79
9.016e-07,0.062400000000000004,78
9.02e-07,0.0616,77
9.024e-07,0.062400000000000004,78
9.028000000000001e-07,0.0632,79
9.032000000000001e-07,0.0616,77
9.036000000000001e-07,0.0616,77
9.040000000000002e-07,0.0616,77
9.044000000000002e-07,0.0608,76
9.048000000000002e-07,0.062400000000000004,78
9.052000000000002e-07,0.0616,77
9.055999999999999e-07,0.0616,77
9.059999999999999e-07,0.0608,76
9.063999999999999e-07,0.0616,77
9.067999999999999e-07,0.0616,77
9.072e-07,0.0608,76
9.076e-07,0.0616,77
9.08e-07,0.0608,76
9.084000000000001e-07,0.0608,76
9.088000000000001e-07,0.0608,76
9.092000000000001e-07,0.0608,76
9.096000000000002e-07,0.0616,77
9.100000000000002e-07,0.062400000000000004,78
9.104000000000002e-07,0.0616,77
9.108000000000002e-07,0.0616,77
9.111999999999998e-07,0.0616,77
9.115999999999999e-07,0.0616,77
9.119999999999999e-07,0.060000000000000005,75
9.123999999999999e-07,0.0616,77
9.128e-07,0.0616,77
9.132e-07,0.0616,77
9.136e-07,0.0616,77
9.140000000000001e-07,0.0616,77
9.144000000000001e-07,0.0616,77
9.148000000000001e-07,0.0616,77
9.152000000000001e-07,0.0616,77
9.156000000000002e-07,0.0616,77
9.160000000000002e-07,0.0616,77
9.164000000000002e-07,0.0608,76
9.167999999999998e-07,0.0616,77
9.171999999999999e-07,0.062400000000000004,78
9.175999999999999e-07,0.0616,77
9.179999999999999e-07,0.062400000000000004,78
9.184e-07,0.0616,77
9.188e-07,0.0616,77
9.192e-07,0.0616,77
9.196000000000001e-07,0.0616,77
9.200000000000001e-07,0.0616,77
9.204000000000001e-07,0.0608,76
9.208000000000001e-07,0.0616,77
9.212000000000002e-07,0.0608,76
9.216000000000002e-07,0.0616,77
9.220000000000002e-07,0.0616,77
9.224000000000003e-07,0.0616,77
9.227999999999999e-07,0.0616,77
9.231999999999999e-07,0.0616,77
9.235999999999999e-07,0.0616,77
9.24e-07,0.062400000000000004,78
9.244e-07,0.0616,77
9.248e-07,0.0608,76
9.252e-07,0.0608,76
9.256000000000001e-07,0.0616,77
9.260000000000001e-07,0.0616,77
9.264000000000001e-07,0.0616,77
9.268000000000002e-07,0.0616,77
9.272000000000002e-07,0.0608,76
9.276000000000002e-07,0.0608,76
9.280000000000003e-07,0.0616,77
9.283999999999999e-07,0.0616,77
9.287999999999999e-07,0.0616,77
9.291999999999999e-07,0.0616,77
9.296e-07,0.0616,77
9.3e-07,0.0616,77
9.304e-07,0.0616,77
9.308e-07,0.060000000000000005,75
9.312000000000001e-07,0.0616,77
9.316000000000001e-07,0.0616,77
9.320000000000001e-07,0.0616,77
9.324000000000002e-07,0.0616,77
9.328000000000002e-07,0.0616,77
9.332000000000002e-07,0.0616,77
9.336000000000003e-07,0.0616,77
9.339999999999999e-07,0.0616,77
9.343999999999999e-07,0.0616,77
9.347999999999999e-07,0.0616,77
9.352e-07,0.0616,77
9.356e-07,0.0608,76
9.36e-07,0.060000000000000005,75
9.364e-07,0.0616,77
9.368000000000001e-07,0.0616,77
9.372000000000001e-07,0.0616,77
9.376000000000001e-07,0.0616,77
9.380000000000002e-07,0.0616,77
9.384000000000002e-07,0.0616,77
9.388000000000002e-07,0.0616,77
9.392000000000003e-07,0.0616,77
9.395999999999999e-07,0.0616,77
9.399999999999999e-07,0.0616,77
9.403999999999999e-07,0.0616,77
9.408e-07,0.0616,77
9.412e-07,0.0616,77
9.416e-07,0.062400000000000004,78
9.42e-07,0.062400000000000004,78
9.424000000000001e-07,0.0608,76
9.428000000000001e-07,0.0616,77
9.432000000000001e-07,0.0608,76
9.436000000000002e-07,0.0608,76
9.440000000000002e-07,0.0616,77
9.444000000000002e-07,0.0616,77
9.448000000000003e-07,0.0616,77
9.451999999999999e-07,0.0616,77
9.455999999999999e-07,0.0616,77
9.459999999999999e-07,0.0616,77
9.464e-07,0.0616,77
9.468e-07,0.0616,77
9.472e-07,0.0616,77
9.476e-07,0.0608,76
9.480000000000001e-07,0.0616,77
9.484000000000001e-07,0.0616,77
9.488000000000001e-07,0.0616,77
9.492000000000002e-07,0.0616,77
9.496000000000002e-07,0.060000000000000005,75
9.500000000000002e-07,0.060000000000000005,75
9.504000000000003e-07,0.0616,77
9.507999999999999e-07,0.0616,77
9.511999999999999e-07,0.0616,77
9.515999999999999e-07,0.062400000000000004,78
9.52e-07,0.0616,77
9.524e-07,0.0616,77
9.528e-07,0.0608,76
9.532e-07,0.0608,76
9.536000000000001e-07,0.0616,77
9.54e-07,0.0616,77
9.544000000000001e-07,0.0608,76
9.548000000000002e-07,0.0616,77
9.552000000000002e-07,0.0608,76
9.556000000000002e-07,0.060000000000000005,75
9.560000000000002e-07,0.0608,76
9.563999999999999e-07,0.0616,77
9.567999999999999e-07,0.0616,77
9.572e-07,0.0616,77
9.576e-07,0.0608,76
9.58e-07,0.0616,77
9.584e-07,0.0616,77
9.588e-07,0.0616,77
9.592e-07,0.0616,77
9.596e-07,0.0616,77
9.600000000000001e-07,0.0616,77
9.604000000000002e-07,0.0616,77
9.608000000000002e-07,0.0616,77
9.612000000000002e-07,0.0616,77
9.616000000000002e-07,0.0608,76
9.619999999999999e-07,0.0616,77
9.623999999999999e-07,0.0616,77
9.628e-07,0.0616,77
9.632e-07,0.0616,77
9.636e-07,0.0616,77
9.64e-07,0.0616,77
9.644e-07,0.0616,77
9.648e-07,0.0616,77
9.652e-07,0.0608,76
9.656000000000001e-07,0.0608,76
9.660000000000002e-07,0.0616,77
9.664000000000002e-07,0.0616,77
9.668000000000002e-07,0.0616,77
9.672000000000002e-07,0.0616,77
9.675999999999998e-07,0.062400000000000004,78
9.679999999999999e-07,0.0608,76
9.684e-07,0.0608,76
9.688e-07,0.0608,76
9.692e-07,0.0616,77
9.696e-07,0.0608,76
9.7e-07,0.0608,76
9.704e-07,0.0608,76
9.708e-07,0.0616,77
9.712000000000001e-07,0.0616,77
9.716000000000002e-07,0.0616,77
9.720000000000002e-07,0.0608,76
9.724000000000002e-07,0.0616,77
9.728000000000002e-07,0.0616,77
9.731999999999998e-07,0.0616,77
9.735999999999999e-07,0.060000000000000005,75
9.74e-07,0.0616,77
9.744e-07,0.0616,77
9.748e-07,0.0616,77
9.752e-07,0.0616,77
9.756e-07,0.0616,77
9.76e-07,0.0616,77
9.764e-07,0.0616,77
9.768000000000001e-07,0.0608,76
9.772000000000001e-07,0.0616,77
9.776000000000002e-07,0.0616,77
9.780000000000002e-07,0.0616,77
9.784000000000002e-07,0.0616,77
9.788000000000003e-07,0.0608,76
9.791999999999999e-07,0.0616,77
9.796e-07,0.0608,76
9.8e-07,0.0608,76
9.804e-07,0.0616,77
9.808e-07,0.0616,77
9.812e-07,0.0616,77
9.816e-07,0.0616,77
9.82e-07,0.0608,76
9.824000000000001e-07,0.0616,77
9.828000000000001e-07,0.0608,76
9.832000000000002e-07,0.0608,76
9.836000000000002e-07,0.0608,76
9.840000000000002e-07,0.0616,77
9.844000000000003e-07,0.0608,76
9.847999999999999e-07,0.0616,77
9.852e-07,0.0608,76
9.856e-07,0.0608,76
9.86e-07,0.0608,76
9.864e-07,0.0616,77
9.868e-07,0.0616,77
9.872e-07,0.0616,77
9.876e-07,0.0616,77
9.880000000000001e-07,0.0616,77
9.884000000000001e-07,0.060000000000000005,75
9.888000000000002e-07,0.0616,77
9.892000000000002e-07,0.0616,77
9.896000000000002e-07,0.0616,77
9.900000000000003e-07,0.0608,76
9.903999999999999e-07,0.0616,77
9.908e-07,0.0616,77
9.912e-07,0.0616,77
9.916e-07,0.0616,77
9.92e-07,0.0616,77
9.924e-07,0.0616,77
9.928e-07,0.0616,77
9.932e-07,0.0616,77
9.936000000000001e-07,0.0616,77
9.940000000000001e-07,0.0616,77
9.944000000000002e-07,0.0616,77
9.948000000000002e-07,0.0616,77
9.952000000000002e-07,0.0616,77
9.956000000000003e-07,0.0616,77
9.959999999999999e-07,0.0616,77
9.964e-07,0.0616,77
9.968e-07,0.0616,77
9.972e-07,0.0616,77
9.976e-07,0.0608,76
9.98e-07,0.062400000000000004,78
9.984e-07,0.0616,77
9.988e-07,0.062400000000000004,78
9.992000000000001e-07,0.0608,76
9.996000000000001e-07,0.0608,76
1.0000000000000002e-06,0.0616,77
1.0004000000000002e-06,0.0616,77
1.0008000000000002e-06,0.0616,77
1.0012000000000003e-06,0.0616,77
1.0015999999999999e-06,0.0608,76
1.0019999999999999e-06,0.0616,77
1.0024e-06,0.0616,77
1.0028e-06,0.0616,77
1.0032e-06,0.0616,77
1.0036e-06,0.0616,77
1.004e-06,0.0616,77
1.0044e-06,0.0616,77
1.0048e-06,0.0616,77
1.0052000000000001e-06,0.0608,76
1.0056000000000002e-06,0.0616,77
1.0060000000000002e-06,0.0616,77
1.0064000000000002e-06,0.0616,77
1.0068000000000003e-06,0.0608,76
1.0071999999999999e-06,0.0616,77
1.0075999999999999e-06,0.0616,77
1.008e-06,0.0616,77
1.0084e-06,0.0608,76
1.0088e-06,0.0608,76
1.0092e-06,0.0616,77
1.0096e-06,0.0616,77
1.01e-06,0.0616,77
1.0104e-06,0.0616,77
1.0108000000000001e-06,0.060000000000000005,75
1.0112000000000002e-06,0.0616,77
1.0116000000000002e-06,0.0616,77
1.0120000000000002e-06,0.0616,77
1.0124000000000003e-06,0.062400000000000004,78
1.0127999999999999e-06,0.0616,77
1.0131999999999999e-06,0.0616,77
1.0136e-06,0.0616,77
1.014e-06,0.0608,76
1.0144e-06,0.0616,77
1.0148e-06,0.0608,76
1.0152e-06,0.0616,77
1.0156e-06,0.060000000000000005,75
1.016e-06,0.0616,77
1.0164000000000001e-06,0.0616,77
1.0168000000000002e-06,0.0616,77
1.0172000000000002e-06,0.0616,77
1.0176000000000002e-06,0.0616,77
1.0180000000000002e-06,0.0608,76
1.0183999999999999e-06,0.0616,77
1.0187999999999999e-06,0.0608,76
1.0192e-06,0.0608,76
1.0196e-06,0.0608,76
1.02e-06,0.0616,77
1.0204e-06,0.0616,77
1.0208e-06,0.060000000000000005,75
1.0212e-06,0.0616,77
1.0216e-06,0.0616,77
1.0220000000000001e-06,0.0608,76
1.0224000000000002e-06,0.0616,77
1.0228000000000002e-06,0.062400000000000004,78
1.0232000000000002e-06,0.0616,77
1.0236000000000002e-06,0.0608,76
1.0239999999999999e-06,0.0616,77
1.0243999999999999e-06,0.0608,76
1.0248e-06,0.0616,77
1.0252e-06,0.0616,77
1.0256e-06,0.0616,77
1.026e-06,0.0616,77
1.0264e-06,0.0616,77
1.0268e-06,0.0616,77
1.0272e-06,0.0608,76
1.0276000000000001e-06,0.0608,76
1.0280000000000002e-06,0.0616,77
1.0284000000000002e-06,0.0616,77
1.0288000000000002e-06,0.0608,76
1.0292000000000002e-06,0.0608,76
1.0295999999999998e-06,0.0616,77
1.0299999999999999e-06,0.0608,76
1.0304e-06,0.0608,76
1.0308e-06,0.0616,77
1.0312e-06,0.062400000000000004,78
1.0316e-06,0.0616,77
1.032e-06,0.0616,77
1.0324e-06,0.0616,77
1.0328e-06,0.0608,76
1.0332000000000001e-06,0.0608,76
1.0336000000000001e-06,0.0616,77
1.0340000000000002e-06,0.0608,76
1.0344000000000002e-06,0.0616,77
1.0348000000000002e-06,0.0616,77
1.0352000000000003e-06,0.0616,77
1.0355999999999999e-06,0.0616,77
1.036e-06,0.0608,76
1.0364e-06,0.0616,77
1.0368e-06,0.0616,77
1.0372e-06,0.0616,77
1.0376e-06,0.0616,77
1.038e-06,0.0608,76
1.0384e-06,0.0616,77
1.0388000000000001e-06,0.0608,76
1.0392000000000001e-06,0.0616,77
1.0396000000000002e-06,0.0616,77
1.0400000000000002e-06,0.0616,77
1.0404000000000002e-06,0.0616,77
1.0408000000000003e-06,0.0616,77
1.0411999999999999e-06,0.0616,77
1.0416e-06,0.0616,77
1.042e-06,0.0608,76
1.0424e-06,0.0608,76
1.0428e-06,0.0616,77
1.0432e-06,0.0616,77
1.0436e-06,0.0616,77
1.044e-06,0.0616,77
1.0444000000000001e-06,0.0616,77
1.0448000000000001e-06,0.0616,77
1.0452000000000002e-06,0.0616,77
1.0456000000000002e-06,0.0616,77
1.0460000000000002e-06,0.0616,77
1.0464000000000003e-06,0.0616,77
1.0467999999999999e-06,0.0616,77
1.0472e-06,0.0616,77
1.0476e-06,0.062400000000000004,78
1.048e-06,0.0608,76
1.0484e-06,0.0616,77
1.0488e-06,0.0616,77
1.0492e-06,0.0616,77
1.0496e-06,0.0616,77
1.0500000000000001e-06,0.0616,77
1.0504000000000001e-06,0.0616,77
1.0508000000000002e-06,0.0608,76
1.0512000000000002e-06,0.0616,77
1.0516000000000002e-06,0.0616,77
1.0520000000000003e-06,0.0616,77
1.0523999999999999e-06,0.0616,77
1.0528e-06,0.0616,77
1.0532e-06,0.0616,77
1.0536e-06,0.0616,77
1.054e-06,0.0616,77
1.0544e-06,0.0616,77
1.0548e-06,0.0616,77
1.0552e-06,0.0608,76
1.0556000000000001e-06,0.0616,77
1.0560000000000001e-06,0.0608,76
1.0564000000000002e-06,0.0616,77
1.0568000000000002e-06,0.0608,76
1.0572000000000002e-06,0.0616,77
1.0576000000000003e-06,0.062400000000000004,78
1.0579999999999999e-06,0.062400000000000004,78
1.0584e-06,0.0616,77
1.0588e-06,0.0608,76
1.0592e-06,0.0608,76
1.0596e-06,0.0616,77
1.06e-06,0.0616,77
1.0604e-06,0.0616,77
1.0608e-06,0.0616,77
1.0612e-06,0.0616,77
1.0616000000000001e-06,0.0616,77
1.0620000000000002e-06,0.0616,77
1.0624000000000002e-06,0.0616,77
1.0628000000000002e-06,0.0616,77
1.0632000000000003e-06,0.0608,76
1.0635999999999999e-06,0.0616,77
1.0639999999999999e-06,0.0616,77
1.0644e-06,0.0616,77
1.0648e-06,0.0616,77
1.0652e-06,0.0608,76
1.0656e-06,0.062400000000000004,78
1.066e-06,0.0616,77
1.0664e-06,0.0616,77
1.0668e-06,0.0608,76
1.0672000000000001e-06,0.0616,77
1.0676000000000002e-06,0.0616,77
1.0680000000000002e-06,0.0616,77
1.0684000000000002e-06,0.0616,77
1.0688000000000003e-06,0.062400000000000004,78
1.0691999999999999e-06,0.0616,77
1.0695999999999999e-06,0.0616,77
1.07e-06,0.0616,77
1.0704e-06,0.0616,77
1.0708e-06,0.0608,76
1.0712e-06,0.0616,77
1.0716e-06,0.0616,77
1.072e-06,0.0616,77
1.0724e-06,0.0616,77
1.0728000000000001e-06,0.0616,77
1.0732000000000002e-06,0.0616,77
1.0736000000000002e-06,0.0608,76
1.0740000000000002e-06,0.0616,77
1.0744000000000003e-06,0.0616,77
1.0747999999999999e-06,0.0616,77
1.0751999999999999e-06,0.062400000000000004,78
1.0756e-06,0.0608,76
1.076e-06,0.0616,77
1.0764e-06,0.0616,77
1.0768e-06,0.0616,77
1.0772e-06,0.062400000000000004,78
1.0776e-06,0.0616,77
1.078e-06,0.0616,77
1.0784000000000001e-06,0.060000000000000005,75
1.0788000000000002e-06,0.0616,77
1.0792000000000002e-06,0.0616,77
1.0796000000000002e-06,0.0616,77
1.0800000000000002e-06,0.0608,76
1.0803999999999999e-06,0.0616,77
1.0807999999999999e-06,0.0616,77
1.0812e-06,0.0608,76
1.0816e-06,0.0616,77
1.082e-06,0.0616,77
1.0824e-06,0.0616,77
1.0828e-06,0.0616,77
1.0832e-06,0.0616,77
1.0836e-06,0.0616,77
1.0840000000000001e-06,0.0616,77
1.0844000000000002e-06,0.0616,77
1.0848000000000002e-06,0.0608,76
1.0852000000000002e-06,0.0616,77
1.0856000000000002e-06,0.0616,77
1.0859999999999999e-06,0.0616,77
1.0863999999999999e-06,0.0616,77
1.0868e-06,0.0608,76
1.0872e-06,0.0616,77
1.0876e-06,0.0616,77
1.088e-06,0.0616,77
1.0884e-06,0.0608,76
1.0888e-06,0.0616,77
1.0892e-06,0.0616,77
1.0896000000000001e-06,0.0616,77
1.0900000000000002e-06,0.0616,77
1.0904000000000002e-06,0.0616,77
1.0908000000000002e-06,0.0616,77
1.0912000000000002e-06,0.062400000000000004,78
1.0916000000000003e-06,0.0616,77
1.0919999999999999e-06,0.0616,77
1.0924e-06,0.0616,77
1.0928e-06,0.0616,77
1.0932e-06,0.0616,77
1.0936e-06,0.0608,76
1.094e-06,0.062400000000000004,78
1.0944e-06,0.0608,76
1.0948e-06,0.0616,77
1.0952000000000001e-06,0.0616,77
1.0956000000000001e-06,0.0608,76
1.0960000000000002e-06,0.0616,77
1.0964000000000002e-06,0.0608,76
1.0968000000000002e-06,0.0616,77
1.0972000000000003e-06,0.0616,77
1.0975999999999999e-06,0.0608,76
1.098e-06,0.062400000000000004,78
1.0984e-06,0.062400000000000004,78
1.0988e-06,0.0616,77
1.0992e-06,0.0608,76
1.0996e-06,0.0616,77
1.1e-06,0.0608,76
1.1004e-06,0.0616,77
1.1008000000000001e-06,0.0616,77
1.1012000000000001e-06,0.0616,77
1.1016000000000002e-06,0.062400000000000004,78
1.1020000000000002e-06,0.0616,77
1.1024000000000002e-06,0.0616,77
1.1028000000000003e-06,0.0616,77
1.1031999999999999e-06,0.0616,77
1.1036e-06,0.0616,77
1.104e-06,0.0616,77
1.1044e-06,0.0616,77
1.1048e-06,0.0616,77
1.1052e-06,0.0616,77
1.1056e-06,0.0616,77
1.106e-06,0.062400000000000004,78
1.1064000000000001e-06,0.0616,77
1.1068000000000001e-06,0.0616,77
1.1072000000000002e-06,0.0616,77
1.1076000000000002e-06,0.0608,76
1.1080000000000002e-06,0.0608,76
1.1084000000000003e-06,0.0608,76
1.1087999999999999e-06,0.0608,76
1.1092e-06,0.0616,77
1.1096e-06,0.0608,76
1.11e-06,0.0616,77
1.1104e-06,0.0616,77
1.1108e-06,0.062400000000000004,78
1.1112e-06,0.0632,79
1.1116e-06,0.062400000000000004,78
1.1120000000000001e-06,0.0616,77
1.1124000000000001e-06,0.0616,77
1.1128000000000002e-06,0.0616,77
1.1132000000000002e-06,0.0616,77
1.1136000000000002e-06,0.0616,77
1.1140000000000003e-06,0.0616,77
1.1143999999999999e-06,0.0608,76
1.1148e-06,0.0608,76
1.1152e-06,0.0616,77
1.1156e-06,0.0608,76
1.116e-06,0.060000000000000005,75
1.1164e-06,0.0616,77
1.1168e-06,0.0616,77
1.1172e-06,0.0616,77
1.1176000000000001e-06,0.0616,77
1.1180000000000001e-06,0.0608,76
1.1184000000000002e-06,0.0616,77
1.1188000000000002e-06,0.0608,76
1.1192000000000002e-06,0.0616,77
1.1196000000000003e-06,0.0616,77
1.1199999999999999e-06,0.0616,77
1.1204e-06,0.0616,77
1.1208e-06,0.0616,77
1.1212e-06,0.0616,77
1.1216e-06,0.0616,77
1.122e-06,0.0616,77
1.1224e-06,0.0616,77
1.1228e-06,0.0616,77
1.1232e-06,0.0616,77
1.1236000000000001e-06,0.0608,76
1.1240000000000002e-06,0.0616,77
1.1244000000000002e-06,0.0616,77
1.1248000000000002e-06,0.0616,77
1.1252000000000003e-06,0.0608,76
1.1255999999999999e-06,0.0616,77
1.1259999999999999e-06,0.0608,76
1.1264e-06,0.0608,76
1.1268e-06,0.0616,77
1.1272e-06,0.0616,77
1.1276e-06,0.0608,76
1.128e-06,0.0608,76
1.1284e-06,0.0608,76
1.1288e-06,0.060000000000000005,75
1.1292000000000001e-06,0.0608,76
1.1296000000000002e-06,0.060000000000000005,75
1.1300000000000002e-06,0.0608,76
1.1304000000000002e-06,0.0608,76
1.1308000000000003e-06,0.0616,77
1.1311999999999999e-06,0.0616,77
1.1315999999999999e-06,0.0608,76
1.132e-06,0.0616,77
1.1324e-06,0.0616,77
1.1328e-06,0.0616,77
1.1332e-06,0.0616,77
1.1336e-06,0.0616,77
1.134e-06,0.0616,77
1.1344e-06,0.0608,76
1.1348000000000001e-06,0.0616,77
1.1352000000000002e-06,0.0616,77
1.1356000000000002e-06,0.0616,77
1.1360000000000002e-06,0.062400000000000004,78
1.1364000000000002e-06,0.0616,77
1.1367999999999999e-06,0.0616,77
1.1371999999999999e-06,0.0616,77
1.1376e-06,0.0616,77
1.138e-06,0.0608,76
1.1384e-06,0.0616,77
1.1388e-06,0.0616,77
1.1392e-06,0.0616,77
1.1396e-06,0.0616,77
1.14e-06,0.0616,77
1.1404000000000001e-06,0.062400000000000004,78
1.1408000000000002e-06,0.0616,77
1.1412000000000002e-06,0.0608,76
1.1416000000000002e-06,0.0616,77
1.1420000000000002e-06,0.0616,77
1.1423999999999999e-06,0.0616,77
1.1427999999999999e-06,0.0608,76
1.1432e-06,0.0616,77
1.1436e-06,0.0616,77
1.144e-06,0.0616,77
1.1444e-06,0.0616,77
1.1448e-06,0.062400000000000004,78
1.1452e-06,0.062400000000000004,78
1.1456e-06,0.0616,77
1.1460000000000001e-06,0.0616,77
1.1464000000000002e-06,0.0616,77
1.1468000000000002e-06,0.0608,76
1.1472000000000002e-06,0.0608,76
1.1476000000000002e-06,0.0616,77
1.1480000000000003e-06,0.0616,77
1.1483999999999999e-06,0.0616,77
1.1488e-06,0.0616,77
1.1492e-06,0.0616,77
1.1496e-06,0.0608,76
1.15e-06,0.0616,77
1.1504e-06,0.0616,77
1.1508e-06,0.0616,77
1.1512e-06,0.0616,77
1.1516000000000001e-06,0.0616,77
1.1520000000000002e-06,0.0616,77
1.1524000000000002e-06,0.0616,77
1.1528000000000002e-06,0.0616,77
1.1532000000000002e-06,0.0616,77
1.1536000000000003e-06,0.0608,76
1.1539999999999999e-06,0.0616,77
1.1544e-06,0.0616,77
1.1548e-06,0.0616,77
1.1552e-06,0.062400000000000004,78
1.1556e-06,0.0616,77
1.156e-06,0.0616,77
1.1564e-06,0.0616,77
1.1568e-06,0.0616,77
1.1572000000000001e-06,0.0608,76
1.1576000000000001e-06,0.0608,76
1.1580000000000002e-06,0.062400000000000004,78
1.1584000000000002e-06,0.0616,77
1.1588000000000002e-06,0.0616,77
1.1592000000000003e-06,0.0616,77
1.1595999999999999e-06,0.0616,77
1.16e-06,0.0616,77
1.1604e-06,0.0616,77
1.1608e-06,0.0608,76
1.1612e-06,0.0608,76
1.1616e-06,0.0616,77
1.162e-06,0.0616,77
1.1624e-06,0.060000000000000005,75
1.1628000000000001e-06,0.0608,76
1.1632000000000001e-06,0.0608,76
1.1636000000000002e-06,0.0616,77
1.1640000000000002e-06,0.0616,77
1.1644000000000002e-06,0.0616,77
1.1648000000000003e-06,0.0616,77
1.1651999999999999e-06,0.062400000000000004,78
1.1656e-06,0.0616,77
1.166e-06,0.0608,76
1.1664e-06,0.0616,77
1.1668e-06,0.0616,77
1.1672e-06,0.0616,77
1.1676e-06,0.0616,77
1.168e-06,0.0608,76
1.1684000000000001e-06,0.060000000000000005,75
1.1688000000000001e-06,0.0616,77
1.1692000000000002e-06,0.0608,76
1.1696000000000002e-06,0.0608,76
1.1700000000000002e-06,0.0616,77
1.1704000000000003e-06,0.062400000000000004,78
1.1707999999999999e-06,0.0608,76
1.1712e-06,0.0616,77
1.1716e-06,0.0616,77
1.172e-06,0.0616,77
1.1724e-06,0.0616,77
1.1728e-06,0.0616,77
1.1732e-06,0.062400000000000004,78
1.1736e-06,0.0616,77
1.1740000000000001e-06,0.0616,77
1.1744000000000001e-06,0.062400000000000004,78
1.1748000000000002e-06,0.0616,77
1.1752000000000002e-06,0.0616,77
1.1756000000000002e-06,0.0616,77
1.1760000000000003e-06,0.0616,77
1.1763999999999999e-06,0.062400000000000004,78
1.1768e-06,0.0616,77
1.1772e-06,0.0616,77
1.1776e-06,0.0616,77
1.178e-06,0.0616,77
1.1784e-06,0.0616,77
1.1788e-06,0.0616,77
1.1792e-06,0.0616,77
1.1796000000000001e-06,0.0616,77
1.1800000000000001e-06,0.0616,77
1.1804000000000002e-06,0.0608,76
1.1808000000000002e-06,0.0616,77
1.1812000000000002e-06,0.0616,77
1.1816000000000003e-06,0.0616,77
1.1819999999999999e-06,0.0616,77
1.1823999999999999e-06,0.062400000000000004,78
1.1828e-06,0.0616,77
1.1832e-06,0.0616,77
1.1836e-06,0.0616,77
1.184e-06,0.0616,77
1.1844e-06,0.0616,77
1.1848e-06,0.0608,76
1.1852e-06,0.0616,77
1.1856000000000001e-06,0.0608,76
1.1860000000000002e-06,0.0616,77
1.1864000000000002e-06,0.0616,77
1.1868000000000002e-06,0.0608,76
1.1872000000000003e-06,0.0616,77
1.1875999999999999e-06,0.062400000000000004,78
1.1879999999999999e-06,0.0616,77
1.1884e-06,0.0616,77
1.1888e-06,0.0616,77
1.1892e-06,0.0616,77
1.1896e-06,0.0616,77
1.19e-06,0.0616,77
1.1904e-06,0.0616,77
1.1908e-06,0.0616,77
1.1912000000000001e-06,0.0608,76
1.1916000000000002e-06,0.0616,77
1.1920000000000002e-06,0.0616,77
1.1924000000000002e-06,0.0616,77
1.1928000000000003e-06,0.062400000000000004,78
1.1931999999999999e-06,0.0616,77
1.1935999999999999e-06,0.0616,77
1.194e-06,0.0608,76
1.1944e-06,0.0608,76
1.1948e-06,0.0616,77
1.1952e-06,0.0616,77
1.1956e-06,0.062400000000000004,78
1.196e-06,0.0616,77
1.1964e-06,0.0616,77
1.1968000000000001e-06,0.0616,77
1.1972000000000002e-06,0.0616,77
1.1976000000000002e-06,0.0616,77
1.1980000000000002e-06,0.0616,77
1.1984000000000002e-06,0.0616,77
1.1987999999999999e-06,0.0616,77
1.1991999999999999e-06,0.0608,76
1.1996e-06,0.0616,77
1.2e-06,0.0616,77
1.2004e-06,0.0608,76
1.2008e-06,0.0616,77
1.2012e-06,0.0616,77
1.2016e-06,0.0608,76
1.202e-06,0.0616,77
1.2024000000000001e-06,0.0616,77
1.2028000000000002e-06,0.0616,77
1.2032000000000002e-06,0.0616,77
1.2036000000000002e-06,0.0616,77
1.2040000000000002e-06,0.0616,77
1.2044000000000003e-06,0.0616,77
1.2047999999999999e-06,0.0616,77
1.2052e-06,0.0608,76
1.2056e-06,0.0616,77
1.206e-06,0.0616,77
1.2064e-06,0.0616,77
1.2068e-06,0.0616,77
1.2072e-06,0.0616,77
1.2076e-06,0.0616,77
1.2080000000000001e-06,0.062400000000000004,78
1.2084000000000002e-06,0.0616,77
1.2088000000000002e-06,0.0616,77
1.2092000000000002e-06,0.0616,77
1.2096000000000002e-06,0.0608,76
1.2100000000000003e-06,0.0616,77
1.2103999999999999e-06,0.0616,77
1.2108e-06,0.0616,77
1.2112e-06,0.0616,77
1.2116e-06,0.0616,77
1.212e-06,0.0616,77
1.2124e-06,0.0608,76
1.2128e-06,0.062400000000000004,78
1.2132e-06,0.0616,77
1.2136000000000001e-06,0.062400000000000004,78
1.2140000000000002e-06,0.0616,77
1.2144000000000002e-06,0.0616,77
1.2148000000000002e-06,0.0616,77
1.2152000000000002e-06,0.0616,77
1.2156000000000003e-06,0.0616,77
1.2159999999999999e-06,0.062400000000000004,78
1.2164e-06,0.0616,77
1.2168e-06,0.062400000000000004,78
1.2172e-06,0.0616,77
1.2176e-06,0.0616,77
1.218e-06,0.0616,77
1.2184e-06,0.0616,77
1.2188e-06,0.0616,77
1.2192000000000001e-06,0.0616,77
1.2196000000000001e-06,0.0616,77
1.2200000000000002e-06,0.062400000000000004,78
1.2204000000000002e-06,0.0608,76
1.2208000000000002e-06,0.0616,77
1.2212000000000003e-06,0.0616,77
1.2215999999999999e-06,0.0616,77
1.222e-06,0.0616,77
1.2224e-06,0.0608,76
1.2228e-06,0.0616,77
1.2232e-06,0.0616,77
1.2236e-06,0.0616,77
1.224e-06,0.0608,76
1.2244e-06,0.0608,76
1.2248000000000001e-06,0.0616,77
1.2252000000000001e-06,0.0616,77
1.2256000000000002e-06,0.0616,77
1.2260000000000002e-06,0.0616,77
1.2264000000000002e-06,0.0616,77
1.2268000000000003e-06,0.0616,77
1.2271999999999999e-06,0.0616,77
1.2276e-06,0.062400000000000004,78
1.228e-06,0.0632,79
1.2284e-06,0.062400000000000004,78
1.2288e-06,0.0616,77
1.2292e-06,0.0616,77
1.2296e-06,0.0616,77
1.23e-06,0.0616,77
1.2304000000000001e-06,0.062400000000000004,78
1.2308000000000001e-06,0.0616,77
1.2312000000000002e-06,0.0616,77
1.2316000000000002e-06,0.0616,77
1.2320000000000002e-06,0.0608,76
1.2324000000000003e-06,0.0616,77
1.2327999999999999e-06,0.0616,77
1.2332e-06,0.0616,77
1.2336e-06,0.0616,77
1.234e-06,0.0616,77
1.2344e-06,0.0616,77
1.2348e-06,0.0616,77
1.2352e-06,0.0616,77
1.2356e-06,0.0616,77
1.2360000000000001e-06,0.0616,77
1.2364000000000001e-06,0.0616,77
1.2368000000000002e-06,0.0616,77
1.2372000000000002e-06,0.0616,77
1.2376000000000002e-06,0.0616,77
1.2380000000000003e-06,0.0616,77
1.2383999999999999e-06,0.0616,77
1.2388e-06,0.0616,77
1.2392e-06,0.062400000000000004,78
1.2396e-06,0.0616,77
1.24e-06,0.0608,76
1.2404e-06,0.0616,77
1.2408e-06,0.0616,77
1.2412e-06,0.0608,76
1.2416000000000001e-06,0.0616,77
1.2420000000000001e-06,0.0616,77
1.2424000000000002e-06,0.0616,77
1.2428000000000002e-06,0.0608,76
1.2432000000000002e-06,0.0616,77
1.2436000000000003e-06,0.0616,77
1.2439999999999999e-06,0.0616,77
1.2443999999999999e-06,0.0616,77
1.2448e-06,0.0616,77
1.2452e-06,0.0616,77
1.2456e-06,0.0616,77
1.246e-06,0.062400000000000004,78
1.2464e-06,0.0616,77
1.2468e-06,0.0616,77
1.2472e-06,0.0616,77
1.2476000000000001e-06,0.0616,77
1.2480000000000002e-06,0.0608,76
1.2484000000000002e-06,0.0616,77
1.2488000000000002e-06,0.0616,77
1.2492000000000003e-06,0.0616,77
1.2495999999999999e-06,0.0616,77
1.2499999999999999e-06,0.0616,77
1.2504e-06,0.062400000000000004,78
1.2508e-06,0.0616,77
1.2512e-06,0.0616,77
1.2516e-06,0.0616,77
1.252e-06,0.0616,77
1.2524e-06,0.0616,77
1.2528e-06,0.0616,77
1.2532000000000001e-06,0.0616,77
1.2536000000000002e-06,0.0616,77
1.2540000000000002e-06,0.0608,76
1.2544000000000002e-06,0.0616,77
1.2548000000000003e-06,0.0608,76
1.2551999999999999e-06,0.0616,77
1.2555999999999999e-06,0.0616,77
1.256e-06,0.0616,77
1.2564e-06,0.0608,76
1.2568e-06,0.0616,77
1.2572e-06,0.0616,77
1.2576e-06,0.0616,77
1.258e-06,0.0616,77
1.2584e-06,0.0616,77
1.2588000000000001e-06,0.0616,77
1.2592000000000002e-06,0.0616,77
1.2596000000000002e-06,0.0608,76
1.2600000000000002e-06,0.0616,77
1.2604000000000002e-06,0.0616,77
1.2608000000000003e-06,0.0616,77
1.2611999999999999e-06,0.0616,77
1.2616e-06,0.0616,77
1.262e-06,0.0616,77
1.2624e-06,0.0616,77
1.2628e-06,0.0616,77
1.2632e-06,0.0616,77
1.2636e-06,0.0616,77
1.264e-06,0.0616,77
1.2644000000000001e-06,0.0616,77
1.2648000000000002e-06,0.062400000000000004,78
1.2652000000000002e-06,0.0616,77
1.2656000000000002e-06,0.0608,76
1.2660000000000002e-06,0.0616,77
1.2664000000000003e-06,0.0616,77
1.2667999999999999e-06,0.0616,77
1.2672e-06,0.062400000000000004,78
1.2676e-06,0.060000000000000005,75
1.268e-06,0.0616,77
1.2684e-06,0.0616,77
1.2688e-06,0.060000000000000005,75
1.2692e-06,0.0616,77
1.2696e-06,0.0616,77
1.2700000000000001e-06,0.0616,77
1.2704000000000002e-06,0.0616,77
1.2708000000000002e-06,0.0616,77
1.2712000000000002e-06,0.0616,77
1.2716000000000002e-06,0.0608,76
1.2720000000000003e-06,0.0608,76
1.2723999999999999e-06,0.0616,77
1.2728e-06,0.0616,77
1.2732e-06,0.0616,77
1.2736e-06,0.0616,77
1.274e-06,0.062400000000000004,78
1.2744e-06,0.062400000000000004,78
1.2748e-06,0.062400000000000004,78
1.2752e-06,0.0616,77
1.2756000000000001e-06,0.0608,76
1.2760000000000001e-06,0.0616,77
1.2764000000000002e-06,0.0616,77
1.2768000000000002e-06,0.0608,76
1.2772000000000002e-06,0.0616,77
1.2776000000000003e-06,0.0616,77
1.2779999999999999e-06,0.062400000000000004,78
1.2784e-06,0.0616,77
1.2788e-06,0.0616,77
1.2792e-06,0.062400000000000004,78
1.2796e-06,0.0616,77
1.28e-06,0.0616,77
1.2804e-06,0.0616,77
1.2808e-06,0.0616,77
1.2812000000000001e-06,0.0616,77
1.2816000000000001e-06,0.0616,77
1.2820000000000002e-06,0.0616,77
1.2824000000000002e-06,0.062400000000000004,78
1.2828000000000002e-06,0.0616,77
1.2832000000000003e-06,0.0616,77
1.2835999999999999e-06,0.0608,76
1.284e-06,0.0616,77
1.2844e-06,0.0616,77
1.2848e-06,0.0616,77
1.2852e-06,0.0616,77
1.2856e-06,0.0616,77
1.286e-06,0.0616,77
1.2864e-06,0.062400000000000004,78
1.2868000000000001e-06,0.0616,77
1.2872000000000001e-06,0.0616,77
1.2876000000000002e-06,0.060000000000000005,75
1.2880000000000002e-06,0.0616,77
1.2884000000000002e-06,0.0616,77
1.2888000000000003e-06,0.0616,77
1.2891999999999999e-06,0.0616,77
1.2896e-06,0.0616,77
1.29e-06,0.0608,76
1.2904e-06,0.0608,76
1.2908e-06,0.0616,77
1.2912e-06,0.0616,77
1.2916e-06,0.0616,77
1.292e-06,0.0616,77
1.2924000000000001e-06,0.0616,77
1.2928000000000001e-06,0.0616,77
1.2932000000000002e-06,0.0616,77
1.2936000000000002e-06,0.0616,77
1.2940000000000002e-06,0.0616,77
1.2944000000000003e-06,0.0616,77
1.2947999999999999e-06,0.0616,77
1.2952e-06,0.0616,77
1.2956e-06,0.0616,77
1.296e-06,0.0616,77
1.2964e-06,0.060000000000000005,75
1.2968e-06,0.0616,77
1.2972e-06,0.0616,77
1.2976e-06,0.0616,77
1.2980000000000001e-06,0.0616,77
1.2984000000000001e-06,0.0616,77
1.2988000000000002e-06,0.0616,77
1.2992000000000002e-06,0.0616,77
1.2996000000000002e-06,0.0616,77
1.3000000000000003e-06,0.0616,77
1.3003999999999999e-06,0.0616,77
1.3008e-06,0.0616,77
1.3012e-06,0.0616,77
1.3016e-06,0.0616,77
1.302e-06,0.062400000000000004,78
1.3024e-06,0.0616,77
1.3028e-06,0.062400000000000004,78
1.3032e-06,0.0616,77
1.3036e-06,0.0608,76
1.3040000000000001e-06,0.0608,76
1.3044000000000002e-06,0.060000000000000005,75
1.3048000000000002e-06,0.062400000000000004,78
1.3052000000000002e-06,0.062400000000000004,78
1.3056000000000003e-06,0.0616,77
1.3059999999999999e-06,0.0616,77
1.3063999999999999e-06,0.0608,76
1.3068e-06,0.0608,76
1.3072e-06,0.0608,76
1.3076e-06,0.0616,77
1.308e-06,0.0616,77
1.3084e-06,0.0616,77
1.3088e-06,0.0616,77
1.3092e-06,0.062400000000000004,78
1.3096000000000001e-06,0.0616,77
1.3100000000000002e-06,0.0616,77
1.3104000000000002e-06,0.0616,77
1.3108000000000002e-06,0.0616,77
1.3112000000000003e-06,0.0616,77
1.3115999999999999e-06,0.0616,77
1.3119999999999999e-06,0.0616,77
1.3124e-06,0.0616,77
1.3128e-06,0.0616,77
1.3132e-06,0.0608,76
1.3136e-06,0.0616,77
1.314e-06,0.062400000000000004,78
1.3144e-06,0.0616,77
1.3148e-06,0.0616,77
1.3152000000000001e-06,0.0616,77
1.3156000000000002e-06,0.0616,77
1.3160000000000002e-06,0.0616,77
1.3164000000000002e-06,0.0616,77
1.3168000000000003e-06,0.062400000000000004,78
1.3172000000000003e-06,0.062400000000000004,78
1.3175999999999999e-06,0.0616,77
1.318e-06,0.0616,77
1.3184e-06,0.0616,77
1.3188e-06,0.0616,77
1.3192e-06,0.0608,76
1.3196e-06,0.0616,77
1.32e-06,0.0616,77
1.3204e-06,0.060000000000000005,75
1.3208000000000001e-06,0.0608,76
1.3212000000000002e-06,0.0608,76
1.3216000000000002e-06,0.0616,77
1.3220000000000002e-06,0.0632,79
1.3224000000000002e-06,0.062400000000000004,78
1.3228000000000003e-06,0.0608,76
1.3231999999999999e-06,0.0616,77
1.3236e-06,0.0616,77
1.324e-06,0.062400000000000004,78
1.3244e-06,0.0616,77
1.3248e-06,0.062400000000000004,78
1.3252e-06,0.0616,77
1.3256e-06,0.0616,77
1.326e-06,0.0616,77
1.3264000000000001e-06,0.0616,77
1.3268000000000002e-06,0.0616,77
1.3272000000000002e-06,0.0608,76
1.3276000000000002e-06,0.0608,76
1.3280000000000002e-06,0.0616,77
1.3284000000000003e-06,0.0616,77
1.3287999999999999e-06,0.0616,77
1.3292e-06,0.0616,77
1.3296e-06,0.0616,77
1.33e-06,0.0616,77
1.3304e-06,0.062400000000000004,78
1.3308e-06,0.0616,77
1.3312e-06,0.0616,77
1.3316e-06,0.0608,76
1.3320000000000001e-06,0.0608,76
1.3324000000000002e-06,0.0608,76
1.3328000000000002e-06,0.0616,77
1.3332000000000002e-06,0.062400000000000004,78
1.3336000000000002e-06,0.062400000000000004,78
1.3340000000000003e-06,0.0616,77
1.3343999999999999e-06,0.0616,77
1.3348e-06,0.0608,76
1.3352e-06,0.0608,76
1.3356e-06,0.0616,77
1.336e-06,0.0616,77
1.3364e-06,0.0608,76
1.3368e-06,0.0616,77
1.3372e-06,0.0616,77
1.3376000000000001e-06,0.0608,76
1.3380000000000001e-06,0.0616,77
1.3384000000000002e-06,0.0616,77
1.3388000000000002e-06,0.0616,77
1.3392000000000002e-06,0.0616,77
1.3396000000000003e-06,0.0608,76
1.3399999999999999e-06,0.0616,77
1.3404e-06,0.0608,76
1.3408e-06,0.0616,77
1.3412e-06,0.0616,77
1.3416e-06,0.0616,77
1.342e-06,0.0616,77
1.3424e-06,0.0616,77
1.3428e-06,0.0616,77
1.3432000000000001e-06,0.0616,77
1.3436000000000001e-06,0.0616,77
1.3440000000000002e-06,0.062400000000000004,78
1.3444000000000002e-06,0.0616,77
1.3448000000000002e-06,0.0616,77
1.3452000000000003e-06,0.0616,77
1.3455999999999999e-06,0.0616,77
1.346e-06,0.0608,76
1.3464e-06,0.0608,76
1.3468e-06,0.0608,76
1.3472e-06,0.0616,77
1.3476e-06,0.062400000000000004,78
1.348e-06,0.062400000000000004,78
1.3484e-06,0.0616,77
1.3488000000000001e-06,0.0616,77
1.3492000000000001e-06,0.0616,77
1.3496000000000002e-06,0.0616,77
1.3500000000000002e-06,0.0616,77
1.3504000000000002e-06,0.0616,77
1.3508000000000003e-06,0.0616,77
1.3511999999999999e-06,0.0616,77
1.3516e-06,0.062400000000000004,78
1.352e-06,0.0616,77
1.3524e-06,0.0616,77
1.3528e-06,0.0616,77
1.3532e-06,0.0608,76
1.3536e-06,0.0616,77
1.354e-06,0.0616,77
1.3544000000000001e-06,0.0616,77
1.3548000000000001e-06,0.0616,77
1.3552000000000002e-06,0.0616,77
1.3556000000000002e-06,0.0616,77
1.3560000000000002e-06,0.0616,77
1.3564000000000003e-06,0.0616,77
1.3567999999999999e-06,0.0608,76
1.3572e-06,0.0616,77
1.3576e-06,0.0616,77
1.358e-06,0.0616,77
1.3584e-06,0.0616,77
1.3588e-06,0.0616,77
1.3592e-06,0.0616,77
1.3596e-06,0.0616,77
1.3600000000000001e-06,0.0616,77
1.3604000000000001e-06,0.0616,77
1.3608000000000002e-06,0.0616,77
1.3612000000000002e-06,0.0616,77
1.3616000000000002e-06,0.0616,77
1.3620000000000003e-06,0.0616,77
1.3623999999999999e-06,0.0616,77
1.3628e-06,0.0616,77
1.3632e-06,0.0616,77
1.3636e-06,0.0616,77
1.364e-06,0.0616,77
1.3644e-06,0.0616,77
1.3648e-06,0.0616,77
1.3652e-06,0.0616,77
1.3656e-06,0.0616,77
1.3660000000000001e-06,0.0616,77
1.3664000000000002e-06,0.0616,77
1.3668000000000002e-06,0.0608,76
1.3672000000000002e-06,0.0616,77
1.3676000000000003e-06,0.062400000000000004,78
1.3679999999999999e-06,0.0616,77
1.3683999999999999e-06,0.0616,77
1.3688e-06,0.0616,77
1.3692e-06,0.0616,77
1.3696e-06,0.0608,76
1.37e-06,0.0616,77
1.3704e-06,0.0616,77
1.3708e-06,0.0616,77
1.3712e-06,0.0616,77
1.3716000000000001e-06,0.0616,77
1.3720000000000002e-06,0.0616,77
1.3724000000000002e-06,0.0616,77
1.3728000000000002e-06,0.0616,77
1.3732000000000003e-06,0.062400000000000004,78
1.3736000000000003e-06,0.0616,77
1.3739999999999999e-06,0.0616,77
1.3744e-06,0.062400000000000004,78
1.3748e-06,0.0616,77
1.3752e-06,0.0608,76
1.3756e-06,0.0616,77
1.376e-06,0.0616,77
1.3764e-06,0.0616,77
1.3768e-06,0.0616,77
1.3772000000000001e-06,0.0616,77
1.3776000000000002e-06,0.060000000000000005,75
1.3780000000000002e-06,0.0616,77
1.3784000000000002e-06,0.0616,77
1.3788000000000002e-06,0.0616,77
1.3792000000000003e-06,0.0608,76
1.3795999999999999e-06,0.0616,77
1.38e-06,0.0608,76
1.3804e-06,0.0616,77
1.3808e-06,0.0616,77
1.3812e-06,0.0616,77
1.3816e-06,0.0616,77
1.382e-06,0.0616,77
1.3824e-06,0.062400000000000004,78
1.3828000000000001e-06,0.0616,77
1.3832000000000002e-06,0.062400000000000004,78
1.3836000000000002e-06,0.0616,77
1.3840000000000002e-06,0.0616,77
1.3844000000000002e-06,0.0616,77
1.3848000000000003e-06,0.0616,77
1.3851999999999999e-06,0.0616,77
1.3856e-06,0.0616,77
1.386e-06,0.0616,77
1.3864e-06,0.0608,76
1.3868e-06,0.0616,77
1.3872e-06,0.0616,77
1.3876e-06,0.0616,77
1.388e-06,0.0608,76
1.3884000000000001e-06,0.060000000000000005,75
1.3888000000000002e-06,0.0616,77
1.3892000000000002e-06,0.060000000000000005,75
1.3896000000000002e-06,0.0616,77
1.3900000000000002e-06,0.0616,77
1.3904000000000003e-06,0.0616,77
1.3907999999999999e-06,0.0616,77
1.3912e-06,0.0632,79
1.3916e-06,0.062400000000000004,78
1.392e-06,0.0616,77
1.3924e-06,0.0616,77
1.3928e-06,0.0616,77
1.3932e-06,0.060000000000000005,75
1.3936e-06,0.0608,76
1.3940000000000001e-06,0.0616,77
1.3944000000000002e-06,0.0616,77
1.3948000000000002e-06,0.0616,77
1.3952000000000002e-06,0.0616,77
1.3956000000000002e-06,0.0616,77
1.3960000000000003e-06,0.0616,77
1.3963999999999999e-06,0.0616,77
1.3968e-06,0.062400000000000004,78
1.3972e-06,0.0616,77
1.3976e-06,0.0616,77
1.398e-06,0.0616,77
1.3984e-06,0.0608,76
1.3988e-06,0.0616,77
1.3992e-06,0.0608,76
1.3996000000000001e-06,0.0616,77
1.4000000000000001e-06,0.0616,77
1.4004000000000002e-06,0.062400000000000004,78
1.4008000000000002e-06,0.0616,77
1.4012000000000002e-06,0.0616,77
1.4016000000000003e-06,0.062400000000000004,78
1.4019999999999999e-06,0.0616,77
1.4024e-06,0.0616,77
1.4028e-06,0.0616,77
1.4032e-06,0.062400000000000004,78
1.4036e-06,0.0616,77
1.404e-06,0.0616,77
1.4044e-06,0.0616,77
1.4048e-06,0.0616,77
1.4052000000000001e-06,0.0616,77
1.4056000000000001e-06,0.0616,77
1.4060000000000002e-06,0.0616,77
1.4064000000000002e-06,0.0616,77
1.4068000000000002e-06,0.0608,76
1.4072000000000003e-06,0.0608,76
1.4075999999999999e-06,0.0616,77
1.408e-06,0.0616,77
1.4084e-06,0.0616,77
1.4088e-06,0.0608,76
1.4092e-06,0.0616,77
1.4096e-06,0.0616,77
1.41e-06,0.062400000000000004,78
1.4104e-06,0.0616,77
1.4108000000000001e-06,0.0616,77
1.4112000000000001e-06,0.0616,77
1.4116000000000002e-06,0.0616,77
1.4120000000000002e-06,0.062400000000000004,78
1.4124000000000002e-06,0.0616,77
1.4128000000000003e-06,0.0616,77
1.4131999999999999e-06,0.0632,79
1.4136e-06,0.062400000000000004,78
1.414e-06,0.0616,77
1.4144e-06,0.0616,77
1.4148e-06,0.0608,76
1.4152e-06,0.0608,76
1.4156e-06,0.0616,77
1.416e-06,0.060000000000000005,75
1.4164000000000001e-06,0.0616,77
1.4168000000000001e-06,0.0616,77
1.4172000000000002e-06,0.0616,77
1.4176000000000002e-06,0.0616,77
1.4180000000000002e-06,0.0608,76
1.4184000000000003e-06,0.0616,77
1.4187999999999999e-06,0.0616,77
1.4192e-06,0.0616,77
1.4196e-06,0.0616,77
1.42e-06,0.0616,77
1.4204e-06,0.0616,77
1.4208e-06,0.0608,76
1.4212e-06,0.0616,77
1.4216e-06,0.0608,76
1.4220000000000001e-06,0.0616,77
1.4224000000000001e-06,0.0608,76
1.4228000000000002e-06,0.0616,77
1.4232000000000002e-06,0.0616,77
1.4236000000000002e-06,0.0608,76
1.4240000000000003e-06,0.0616,77
1.4243999999999999e-06,0.0608,76
1.4247999999999999e-06,0.0616,77
1.4252e-06,0.0608,76
1.4256e-06,0.0616,77
1.426e-06,0.062400000000000004,78
1.4264e-06,0.0616,77
1.4268e-06,0.0616,77
1.4272e-06,0.0608,76
1.4276e-06,0.0616,77
1.4280000000000001e-06,0.062400000000000004,78
1.4284000000000002e-06,0.0616,77
1.4288000000000002e-06,0.0616,77
1.4292000000000002e-06,0.0616,77
1.4296000000000003e-06,0.0616,77
1.4300000000000003e-06,0.0616,77
1.4303999999999999e-06,0.0616,77
1.4308e-06,0.0616,77
1.4312e-06,0.0616,77
1.4316e-06,0.0616,77
1.432e-06,0.0616,77
1.4324e-06,0.0616,77
1.4328e-06,0.060000000000000005,75
1.4332e-06,0.0616,77
1.4336000000000001e-06,0.0616,77
1.4340000000000002e-06,0.0608,76
1.4344000000000002e-06,0.0616,77
1.4348000000000002e-06,0.0608,76
1.4352000000000003e-06,0.0616,77
1.4356000000000003e-06,0.0616,77
1.4359999999999999e-06,0.062400000000000004,78
1.4364e-06,0.0608,76
1.4368e-06,0.0616,77
1.4372e-06,0.0616,77
1.4376e-06,0.0608,76
1.438e-06,0.0616,77
1.4384e-06,0.0616,77
1.4388e-06,0.0616,77
1.4392000000000001e-06,0.0616,77
1.4396000000000002e-06,0.0616,77
1.4400000000000002e-06,0.0608,76
1.4404000000000002e-06,0.0608,76
1.4408000000000002e-06,0.0608,76
1.4412000000000003e-06,0.0608,76
1.4415999999999999e-06,0.0616,77
1.442e-06,0.0616,77
1.4424e-06,0.0608,76
1.4428e-06,0.0608,76
1.4432e-06,0.060000000000000005,75
1.4436e-06,0.0616,77
1.444e-06,0.0616,77
1.4444e-06,0.0616,77
1.4448000000000001e-06,0.0608,76
1.4452000000000002e-06,0.0616,77
1.4456000000000002e-06,0.0616,77
1.4460000000000002e-06,0.0616,77
1.4464000000000002e-06,0.0616,77
1.4468000000000003e-06,0.0616,77
1.4471999999999999e-06,0.0616,77
1.4476e-06,0.0616,77
1.448e-06,0.060000000000000005,75
1.4484e-06,0.0616,77
1.4488e-06,0.062400000000000004,78
1.4492e-06,0.0616,77
1.4496e-06,0.062400000000000004,78
1.45e-06,0.0616,77
1.4504000000000001e-06,0.0616,77
1.4508000000000002e-06,0.0616,77
1.4512000000000002e-06,0.0616,77
1.4516000000000002e-06,0.0616,77
1.4520000000000002e-06,0.0616,77
1.4524000000000003e-06,0.0608,76
1.4527999999999999e-06,0.0616,77
1.4532e-06,0.0616,77
1.4536e-06,0.0616,77
1.454e-06,0.0608,76
1.4544e-06,0.0608,76
1.4548e-06,0.0616,77
1.4552e-06,0.0608,76
1.4556e-06,0.0616,77
1.4560000000000001e-06,0.0616,77
1.4564000000000002e-06,0.0616,77
1.4568000000000002e-06,0.0616,77
1.4572000000000002e-06,0.0616,77
1.4576000000000002e-06,0.0616,77
1.4580000000000003e-06,0.0616,77
1.4583999999999999e-06,0.0616,77
1.4588e-06,0.0608,76
1.4592e-06,0.0608,76
1.4596e-06,0.0616,77
1.46e-06,0.0616,77
1.4604e-06,0.0616,77
1.4608e-06,0.062400000000000004,78
1.4612e-06,0.0616,77
1.4616000000000001e-06,0.062400000000000004,78
1.4620000000000001e-06,0.0608,76
1.4624000000000002e-06,0.060000000000000005,75
1.4628000000000002e-06,0.0616,77
1.4632000000000002e-06,0.0608,76
1.4636000000000003e-06,0.0608,76
1.4639999999999999e-06,0.0616,77
1.4644e-06,0.0616,77
1.4648e-06,0.0616,77
1.4652e-06,0.0608,76
1.4656e-06,0.0616,77
1.466e-06,0.0616,77
1.4664e-06,0.0616,77
1.4668e-06,0.0616,77
1.4672000000000001e-06,0.0616,77
1.4676000000000001e-06,0.0608,76
1.4680000000000002e-06,0.0608,76
1.4684000000000002e-06,0.0616,77
1.4688000000000002e-06,0.0616,77
1.4692000000000003e-06,0.0616,77
1.4695999999999999e-06,0.0616,77
1.47e-06,0.0616,77
1.4704e-06,0.0616,77
1.4708e-06,0.062400000000000004,78
1.4712e-06,0.0616,77
1.4716e-06,0.0632,79
1.472e-06,0.0616,77
1.4724e-06,0.0616,77
1.4728000000000001e-06,0.060000000000000005,75
1.4732000000000001e-06,0.0608,76
1.4736000000000002e-06,0.0616,77
1.4740000000000002e-06,0.0616,77
1.4744000000000002e-06,0.0616,77
1.4748000000000003e-06,0.0616,77
1.4751999999999999e-06,0.0616,77
1.4756e-06,0.0616,77
1.476e-06,0.0616,77
1.4764e-06,0.0616,77
1.4768e-06,0.0608,76
1.4772e-06,0.0616,77
1.4776e-06,0.0608,76
1.478e-06,0.0616,77
1.4784000000000001e-06,0.0616,77
1.4788000000000001e-06,0.0616,77
1.4792000000000002e-06,0.0616,77
1.4796000000000002e-06,0.0608,76
1.4800000000000002e-06,0.0616,77
1.4804000000000003e-06,0.0616,77
1.4807999999999999e-06,0.0616,77
1.4812e-06,0.0616,77
1.4816e-06,0.0616,77
1.482e-06,0.0616,77
1.4824e-06,0.0608,76
1.4828e-06,0.0616,77
1.4832e-06,0.0616,77
1.4836e-06,0.060000000000000005,75
1.4840000000000001e-06,0.0616,77
1.4844000000000001e-06,0.0616,77
1.4848000000000002e-06,0.0616,77
1.4852000000000002e-06,0.0616,77
1.4856000000000002e-06,0.0616,77
1.4860000000000003e-06,0.0616,77
1.4864000000000003e-06,0.062400000000000004,78
1.4867999999999999e-06,0.0616,77
1.4872e-06,0.0616,77
1.4876e-06,0.0616,77
1.488e-06,0.0616,77
1.4884e-06,0.0608,76
1.4888e-06,0.0616,77
1.4892e-06,0.0616,77
1.4896e-06,0.0616,77
1.4900000000000001e-06,0.0616,77
1.4904000000000002e-06,0.062400000000000004,78
1.4908000000000002e-06,0.0616,77
1.4912000000000002e-06,0.0616,77
1.4916000000000003e-06,0.0616,77
1.4920000000000003e-06,0.0616,77
1.4923999999999999e-06,0.0608,76
1.4928e-06,0.0616,77
1.4932e-06,0.0608,76
1.4936e-06,0.0616,77
1.494e-06,0.0616,77
1.4944e-06,0.0616,77
1.4948e-06,0.0616,77
1.4952e-06,0.0616,77
1.4956000000000001e-06,0.0608,76
1.4960000000000002e-06,0.0608,76
1.4964000000000002e-06,0.0616,77
1.4968000000000002e-06,0.0616,77
1.4972000000000003e-06,0.0616,77
1.4976000000000003e-06,0.0616,77
1.4979999999999999e-06,0.0616,77
1.4984e-06,0.0616,77
1.4988e-06,0.0616,77
1.4992e-06,0.0608,76
1.4996e-06,0.0616,77
1.5e-06,0.0608,76
1.5004e-06,0.0616,77
1.5008e-06,0.0616,77
1.5012000000000001e-06,0.0608,76
1.5016000000000002e-06,0.0616,77
1.5020000000000002e-06,0.062400000000000004,78
1.5024000000000002e-06,0.0616,77
1.5028000000000002e-06,0.0616,77
1.5032000000000003e-06,0.0616,77
1.5035999999999999e-06,0.0616,77
1.504e-06,0.0632,79
1.5044e-06,0.062400000000000004,78
1.5048e-06,0.0616,77
1.5052e-06,0.0608,76
1.5056e-06,0.0616,77
1.506e-06,0.0616,77
1.5064e-06,0.0616,77
1.5068000000000001e-06,0.0616,77
1.5072000000000002e-06,0.0616,77
1.5076000000000002e-06,0.0616,77
1.5080000000000002e-06,0.0616,77
1.5084000000000002e-06,0.0608,76
1.5088000000000003e-06,0.0616,77
1.5091999999999999e-06,0.0616,77
1.5096e-06,0.0616,77
1.51e-06,0.0608,76
1.5104e-06,0.0608,76
1.5108e-06,0.0608,76
1.5112e-06,0.0616,77
1.5116e-06,0.0608,76
1.512e-06,0.0616,77
1.5124000000000001e-06,0.0616,77
1.5128000000000002e-06,0.0616,77
1.5132000000000002e-06,0.0616,77
1.5136000000000002e-06,0.0616,77
1.5140000000000002e-06,0.0616,77
1.5144000000000003e-06,0.0616,77
1.5147999999999999e-06,0.0616,77
1.5152e-06,0.0616,77
1.5156e-06,0.0616,77
1.516e-06,0.062400000000000004,78
1.5164e-06,0.0616,77
1.5168e-06,0.0608,76
1.5172e-06,0.0608,76
1.5176e-06,0.0616,77
1.5180000000000001e-06,0.0616,77
1.5184000000000001e-06,0.0616,77
1.5188000000000002e-06,0.0616,77
1.5192000000000002e-06,0.0616,77
1.5196000000000002e-06,0.0632,79
1.5200000000000003e-06,0.0616,77
1.5203999999999999e-06,0.0616,77
1.5208e-06,0.0616,77
1.5212e-06,0.0616,77
1.5216e-06,0.0616,77
1.522e-06,0.0616,77
1.5224e-06,0.0632,79
1.5228e-06,0.0616,77
1.5232e-06,0.0616,77
1.5236000000000001e-06,0.0616,77
1.5240000000000001e-06,0.0616,77
1.5244000000000002e-06,0.0616,77
1.5248000000000002e-06,0.062400000000000004,78
1.5252000000000002e-06,0.062400000000000004,78
1.5256000000000003e-06,0.0616,77
1.5259999999999999e-06,0.0616,77
1.5264e-06,0.0608,76
1.5268e-06,0.0608,76
1.5272e-06,0.0616,77
1.5276e-06,0.0616,77
1.528e-06,0.062400000000000004,78
1.5284e-06,0.0616,77
1.5288e-06,0.0616,77
1.5292000000000001e-06,0.0608,76
1.5296000000000001e-06,0.0616,77
1.5300000000000002e-06,0.062400000000000004,78
1.5304000000000002e-06,0.0616,77
1.5308000000000002e-06,0.062400000000000004,78
1.5312000000000003e-06,0.0616,77
1.5315999999999999e-06,0.0616,77
1.532e-06,0.0616,77
1.5324e-06,0.0616,77
1.5328e-06,0.0608,76
1.5332e-06,0.0616,77
1.5336e-06,0.0616,77
1.534e-06,0.0616,77
1.5344e-06,0.0616,77
1.5348000000000001e-06,0.0616,77
1.5352000000000001e-06,0.0616,77
1.5356000000000002e-06,0.0616,77
1.5360000000000002e-06,0.0616,77
1.5364000000000002e-06,0.0616,77
1.5368000000000003e-06,0.0616,77
1.5371999999999999e-06,0.062400000000000004,78
1.5376e-06,0.0616,77
1.538e-06,0.0616,77
1.5384e-06,0.0616,77
1.5388e-06,0.0616,77
1.5392e-06,0.0616,77
1.5396e-06,0.0616,77
1.54e-06,0.0616,77
1.5404000000000001e-06,0.0616,77
1.5408000000000001e-06,0.0616,77
1.5412000000000002e-06,0.0616,77
1.5416000000000002e-06,0.0616,77
1.5420000000000002e-06,0.0616,77
1.5424000000000003e-06,0.0616,77
1.5428000000000003e-06,0.0616,77
1.5432e-06,0.062400000000000004,78
1.5436e-06,0.0616,77
1.544e-06,0.0616,77
1.5444e-06,0.0616,77
1.5448e-06,0.0616,77
1.5452e-06,0.0616,77
1.5456e-06,0.0616,77
1.546e-06,0.0616,77
1.5464000000000001e-06,0.0616,77
1.5468000000000002e-06,0.062400000000000004,78
1.5472000000000002e-06,0.0616,77
1.5476000000000002e-06,0.0616,77
1.5480000000000003e-06,0.0616,77
1.5484000000000003e-06,0.0616,77
1.5487999999999999e-06,0.0616,77
1.5492e-06,0.0616,77
1.5496e-06,0.0616,77
1.55e-06,0.0616,77
1.5504e-06,0.0616,77
1.5508e-06,0.0616,77
1.5512e-06,0.0616,77
1.5516e-06,0.0616,77
1.5520000000000001e-06,0.0616,77
1.5524000000000002e-06,0.0616,77
1.5528000000000002e-06,0.0608,76
1.5532000000000002e-06,0.0616,77
1.5536000000000003e-06,0.0616,77
1.5540000000000003e-06,0.0616,77
1.5543999999999999e-06,0.062400000000000004,78
1.5548e-06,0.062400000000000004,78
1.5552e-06,0.0616,77
1.5556e-06,0.0616,77
1.556e-06,0.0608,76
1.5564e-06,0.0616,77
1.5568e-06,0.0616,77
1.5572e-06,0.0616,77
1.5576000000000001e-06,0.0616,77
1.5580000000000002e-06,0.0608,76
1.5584000000000002e-06,0.0616,77
1.5588000000000002e-06,0.062400000000000004,78
1.5592000000000003e-06,0.0616,77
1.5596000000000003e-06,0.0616,77
1.5599999999999999e-06,0.0616,77
1.5604e-06,0.0608,76
1.5608e-06,0.0616,77
1.5612e-06,0.0616,77
1.5616e-06,0.0616,77
1.562e-06,0.0616,77
1.5624e-06,0.0616,77
1.5628e-06,0.0608,76
1.5632000000000001e-06,0.0616,77
1.5636000000000002e-06,0.0616,77
1.5640000000000002e-06,0.062400000000000004,78
1.5644000000000002e-06,0.0616,77
1.5648000000000002e-06,0.0616,77
1.5652000000000003e-06,0.0616,77
1.5655999999999999e-06,0.062400000000000004,78
1.566e-06,0.0616,77
1.5664e-06,0.0616,77
1.5668e-06,0.0632,79
1.5672e-06,0.062400000000000004,78
1.5676e-06,0.062400000000000004,78
1.568e-06,0.0616,77
1.5684e-06,0.0616,77
1.5688000000000001e-06,0.0616,77
1.5692000000000002e-06,0.0616,77
1.5696000000000002e-06,0.0608,76
1.5700000000000002e-06,0.0616,77
1.5704000000000002e-06,0.0616,77
1.5708000000000003e-06,0.0616,77
1.5711999999999999e-06,0.0616,77
1.5716e-06,0.0616,77
1.572e-06,0.0608,76
1.5724e-06,0.0616,77
1.5728e-06,0.0608,76
1.5732e-06,0.0616,77
1.5736e-06,0.0616,77
1.574e-06,0.0608,76
1.5744000000000001e-06,0.0608,76
1.5748000000000002e-06,0.0616,77
1.5752000000000002e-06,0.0616,77
1.5756000000000002e-06,0.0608,76
1.5760000000000002e-06,0.060000000000000005,75
1.5764000000000003e-06,0.0616,77
1.5767999999999999e-06,0.0616,77
1.5772e-06,0.0608,76
1.5776e-06,0.0616,77
1.578e-06,0.062400000000000004,78
1.5784e-06,0.0616,77
1.5788e-06,0.0616,77
1.5792e-06,0.0616,77
1.5796e-06,0.0616,77
1.5800000000000001e-06,0.0608,76
1.5804000000000001e-06,0.0616,77
1.5808000000000002e-06,0.0616,77
1.5812000000000002e-06,0.062400000000000004,78
1.5816000000000002e-06,0.0616,77
1.5820000000000003e-06,0.0616,77
1.5823999999999999e-06,0.0616,77
1.5828e-06,0.0616,77
1.5832e-06,0.0616,77
1.5836e-06,0.0616,77
1.584e-06,0.0608,76
1.5844e-06,0.062400000000000004,78
1.5848e-06,0.0616,77
1.5852e-06,0.0616,77
1.5856000000000001e-06,0.0616,77
1.5860000000000001e-06,0.0616,77
1.5864000000000002e-06,0.0616,77
1.5868000000000002e-06,0.0616,77
1.5872000000000002e-06,0.0616,77
1.5876000000000003e-06,0.0608,76
1.5879999999999999e-06,0.0616,77
1.5884e-06,0.0616,77
1.5888e-06,0.0616,77
1.5892e-06,0.0616,77
1.5896e-06,0.0616,77
1.59e-06,0.0616,77
1.5904e-06,0.0616,77
1.5908e-06,0.0608,76
1.5912000000000001e-06,0.0616,77
1.5916000000000001e-06,0.0616,77
1.5920000000000002e-06,0.0616,77
1.5924000000000002e-06,0.0616,77
1.5928000000000002e-06,0.0616,77
1.5932000000000003e-06,0.0616,77
1.5935999999999999e-06,0.0616,77
1.594e-06,0.0616,77
1.5944e-06,0.0608,76
1.5948e-06,0.0616,77
1.5952e-06,0.0616,77
1.5956e-06,0.0616,77
1.596e-06,0.062400000000000004,78
1.5964e-06,0.0616,77
1.5968000000000001e-06,0.0616,77
1.5972000000000001e-06,0.0616,77
1.5976000000000002e-06,0.0616,77
1.5980000000000002e-06,0.0608,76
1.5984000000000002e-06,0.0616,77
1.5988000000000003e-06,0.0616,77
1.5992000000000003e-06,0.0616,77
1.5996e-06,0.0616,77
1.6e-06,0.0608,76
1.6004e-06,0.0616,77
1.6008e-06,0.062400000000000004,78
1.6012e-06,0.0616,77
1.6016e-06,0.0616,77
1.602e-06,0.0616,77
1.6024000000000001e-06,0.0616,77
1.6028000000000001e-06,0.0616,77
1.6032000000000002e-06,0.0608,76
1.6036000000000002e-06,0.0616,77
1.6040000000000002e-06,0.0616,77
1.6044000000000003e-06,0.0616,77
1.6048000000000003e-06,0.0616,77
1.6052e-06,0.0616,77
1.6056e-06,0.0608,76
1.606e-06,0.0616,77
1.6064e-06,0.0616,77
1.6068e-06,0.0616,77
1.6072e-06,0.0616,77
1.6076e-06,0.0616,77
1.608e-06,0.0616,77
1.6084000000000001e-06,0.062400000000000004,78
1.6088000000000002e-06,0.0616,77
1.6092000000000002e-06,0.0608,76
1.6096000000000002e-06,0.0616,77
1.6100000000000003e-06,0.0608,76
1.6104000000000003e-06,0.0616,77
1.6107999999999999e-06,0.062400000000000004,78
1.6112e-06,0.0616,77
1.6116e-06,0.0616,77
1.612e-06,0.0616,77
1.6124e-06,0.0632,79
1.6128e-06,0.0616,77
1.6132e-06,0.0616,77
1.6136e-06,0.0608,76
1.6140000000000001e-06,0.0616,77
1.6144000000000002e-06,0.062400000000000004,78
1.6148000000000002e-06,0.0616,77
1.6152000000000002e-06,0.0616,77
1.6156000000000003e-06,0.0616,77
1.6160000000000003e-06,0.0616,77
1.6163999999999999e-06,0.0616,77
1.6168e-06,0.0616,77
1.6172e-06,0.0616,77
1.6176e-06,0.0616,77
1.618e-06,0.0616,77
1.6184e-06,0.0608,76
1.6188e-06,0.0608,76
1.6192e-06,0.0608,76
1.6196000000000001e-06,0.062400000000000004,78
1.6200000000000002e-06,0.0616,77
1.6204000000000002e-06,0.0616,77
1.6208000000000002e-06,0.0616,77
1.6212000000000002e-06,0.0616,77
1.6216000000000003e-06,0.0616,77
1.6219999999999999e-06,0.0616,77
1.6224e-06,0.062400000000000004,78
1.6228e-06,0.0616,77
1.6232e-06,0.0608,76
1.6236e-06,0.062400000000000004,78
1.624e-06,0.0608,76
1.6244e-06,0.0616,77
1.6248e-06,0.060000000000000005,75
1.6252000000000001e-06,0.0616,77
1.6256000000000002e-06,0.062400000000000004,78
1.6260000000000002e-06,0.062400000000000004,78
1.6264000000000002e-06,0.0616,77
1.6268000000000002e-06,0.0616,77
1.6272000000000003e-06,0.0616,77
1.6275999999999999e-06,0.0608,76
1.628e-06,0.0616,77
1.6284e-06,0.0608,76
1.6288e-06,0.0616,77
1.6292e-06,0.0616,77
1.6296e-06,0.0608,76
1.63e-06,0.0608,76
1.6304e-06,0.0616,77
1.6308000000000001e-06,0.0616,77
1.6312000000000002e-06,0.0616,77
1.6316000000000002e-06,0.062400000000000004,78
1.6320000000000002e-06,0.0608,76
1.6324000000000002e-06,0.0616,77
1.6328000000000003e-06,0.0616,77
1.6331999999999999e-06,0.0616,77
1.6336e-06,0.0616,77
1.634e-06,0.0616,77
1.6344e-06,0.0608,76
1.6348e-06,0.0616,77
1.6352e-06,0.0616,77
1.6356e-06,0.0608,76
1.636e-06,0.0608,76
1.6364000000000001e-06,0.0616,77
1.6368000000000002e-06,0.0616,77
1.6372000000000002e-06,0.0608,76
1.6376000000000002e-06,0.0616,77
1.6380000000000002e-06,0.062400000000000004,78
1.6384000000000003e-06,0.0616,77
1.6387999999999999e-06,0.0616,77
1.6392e-06,0.062400000000000004,78
1.6396e-06,0.0616,77
1.64e-06,0.0608,76
1.6404e-06,0.0608,76
1.6408e-06,0.0616,77
1.6412e-06,0.062400000000000004,78
1.6416e-06,0.062400000000000004,78
1.6420000000000001e-06,0.0616,77
1.6424000000000001e-06,0.0616,77
1.6428000000000002e-06,0.0616,77
1.6432000000000002e-06,0.0616,77
1.6436000000000002e-06,0.0616,77
1.6440000000000003e-06,0.0616,77
1.6443999999999999e-06,0.0616,77
1.6448e-06,0.0616,77
1.6452e-06,0.0616,77
1.6456e-06,0.0616,77
1.646e-06,0.0616,77
1.6464e-06,0.0616,77
1.6468e-06,0.0616,77
1.6472e-06,0.0616,77
1.6476000000000001e-06,0.0616,77
1.6480000000000001e-06,0.0608,76
1.6484000000000002e-06,0.0616,77
1.6488000000000002e-06,0.0616,77
1.6492000000000002e-06,0.0616,77
1.6496000000000003e-06,0.0616,77
1.6499999999999999e-06,0.0616,77
1.6504e-06,0.0616,77
1.6508e-06,0.0616,77
1.6512e-06,0.0616,77
1.6516e-06,0.0608,76
1.652e-06,0.0616,77
1.6524e-06,0.0616,77
1.6528e-06,0.0616,77
1.6532000000000001e-06,0.0616,77
1.6536000000000001e-06,0.0616,77
1.6540000000000002e-06,0.0616,77
1.6544000000000002e-06,0.0608,76
1.6548000000000002e-06,0.0608,76
1.6552000000000003e-06,0.0616,77
1.6556000000000003e-06,0.0616,77
1.656e-06,0.0616,77
1.6564e-06,0.0616,77
1.6568e-06,0.0616,77
1.6572e-06,0.0608,76
1.6576e-06,0.0616,77
1.658e-06,0.0616,77
1.6584e-06,0.0616,77
1.6588000000000001e-06,0.0608,76
1.6592000000000001e-06,0.0616,77
1.6596000000000002e-06,0.060000000000000005,75
1.6600000000000002e-06,0.0608,76
1.6604000000000002e-06,0.0616,77
1.6608000000000003e-06,0.0616,77
1.6612000000000003e-06,0.0608,76
1.6616e-06,0.0616,77
1.662e-06,0.0616,77
1.6624e-06,0.0616,77
1.6628e-06,0.0608,76
1.6632e-06,0.0616,77
1.6636e-06,0.0608,76
1.664e-06,0.0608,76
1.6644000000000001e-06,0.0616,77
1.6648000000000001e-06,0.0616,77
1.6652000000000002e-06,0.0616,77
1.6656000000000002e-06,0.0616,77
1.6660000000000002e-06,0.0616,77
1.6664000000000003e-06,0.060000000000000005,75
1.6668000000000003e-06,0.0608,76
1.6671999999999999e-06,0.0616,77
1.6676e-06,0.0616,77
1.668e-06,0.0616,77
1.6684e-06,0.0616,77
1.6688e-06,0.0616,77
1.6692e-06,0.0608,76
1.6696e-06,0.0616,77
1.67e-06,0.0616,77
1.6704000000000001e-06,0.0616,77
1.6708000000000002e-06,0.0616,77
1.6712000000000002e-06,0.0616,77
1.6716000000000002e-06,0.0616,77
1.6720000000000003e-06,0.0616,77
1.6724000000000003e-06,0.060000000000000005,75
1.6727999999999999e-06,0.0608,76
1.6732e-06,0.0608,76
1.6736e-06,0.0608,76
1.674e-06,0.0608,76
1.6744e-06,0.062400000000000004,78
1.6748e-06,0.0608,76
1.6752e-06,0.060000000000000005,75
1.6756e-06,0.0616,77
1.6760000000000001e-06,0.0608,76
1.6764000000000002e-06,0.0616,77
1.6768000000000002e-06,0.0616,77
1.6772000000000002e-06,0.0616,77
1.6776000000000003e-06,0.0616,77
1.6780000000000003e-06,0.0608,76
1.6783999999999999e-06,0.0616,77
1.6788e-06,0.0616,77
1.6792e-06,0.0616,77
1.6796e-06,0.0608,76
1.68e-06,0.0616,77
1.6804e-06,0.0616,77
1.6808e-06,0.0616,77
1.6812e-06,0.0616,77
1.6816000000000001e-06,0.0616,77
1.6820000000000002e-06,0.0616,77
1.6824000000000002e-06,0.0616,77
1.6828000000000002e-06,0.0616,77
1.6832000000000002e-06,0.0616,77
1.6836000000000003e-06,0.0616,77
1.6839999999999999e-06,0.0616,77
1.6844e-06,0.0616,77
1.6848e-06,0.0616,77
1.6852e-06,0.0616,77
1.6856e-06,0.0616,77
1.686e-06,0.0616,77
1.6864e-06,0.0616,77
1.6868e-06,0.0616,77
1.6872000000000001e-06,0.0616,77
1.6876000000000002e-06,0.0616,77
1.6880000000000002e-06,0.0616,77
1.6884000000000002e-06,0.0608,76
1.6888000000000002e-06,0.0616,77
1.6892000000000003e-06,0.0616,77
1.6895999999999999e-06,0.0616,77
1.69e-06,0.0616,77
1.6904e-06,0.062400000000000004,78
1.6908e-06,0.062400000000000004,78
1.6912e-06,0.0616,77
1.6916e-06,0.0616,77
1.692e-06,0.0616,77
1.6924e-06,0.0616,77
1.6928000000000001e-06,0.0616,77
1.6932000000000002e-06,0.0616,77
1.6936000000000002e-06,0.0616,77
1.6940000000000002e-06,0.0616,77
1.6944000000000002e-06,0.0616,77
1.6948000000000003e-06,0.062400000000000004,78
1.6951999999999999e-06,0.062400000000000004,78
1.6956e-06,0.0616,77
1.696e-06,0.0616,77
1.6964e-06,0.0608,76
1.6968e-06,0.0616,77
1.6972e-06,0.0616,77
1.6976e-06,0.0616,77
1.698e-06,0.062400000000000004,78
1.6984000000000001e-06,0.0616,77
1.6988000000000002e-06,0.0616,77
1.6992000000000002e-06,0.0616,77
1.6996000000000002e-06,0.0616,77
1.7000000000000002e-06,0.0616,77
1.7004000000000003e-06,0.0616,77
1.7007999999999999e-06,0.0616,77
1.7012e-06,0.0616,77
1.7016e-06,0.0616,77
1.702e-06,0.0616,77
1.7024e-06,0.0608,76
1.7028e-06,0.0616,77
1.7032e-06,0.0608,76
1.7036e-06,0.0616,77
1.7040000000000001e-06,0.0616,77
1.7044000000000001e-06,0.0616,77
1.7048000000000002e-06,0.0608,76
1.7052000000000002e-06,0.0616,77
1.7056000000000002e-06,0.0616,77
1.7060000000000003e-06,0.062400000000000004,78
1.7063999999999999e-06,0.0616,77
1.7068e-06,0.0616,77
1.7072e-06,0.0616,77
1.7076e-06,0.0616,77
1.708e-06,0.0616,77
1.7084e-06,0.0608,76
1.7088e-06,0.062400000000000004,78
1.7092e-06,0.062400000000000004,78
1.7096000000000001e-06,0.0616,77
1.7100000000000001e-06,0.0616,77
1.7104000000000002e-06,0.0616,77
1.7108000000000002e-06,0.0616,77
1.7112000000000002e-06,0.0616,77
1.7116000000000003e-06,0.0608,76
1.7120000000000003e-06,0.0616,77
1.7124e-06,0.0616,77
1.7128e-06,0.0616,77
1.7132e-06,0.0616,77
1.7136e-06,0.0608,76
1.714e-06,0.0616,77
1.7144e-06,0.0608,76
1.7148e-06,0.0608,76
1.7152000000000001e-06,0.0616,77
1.7156000000000001e-06,0.0616,77
1.7160000000000002e-06,0.0616,77
1.7164000000000002e-06,0.0616,77
1.7168000000000002e-06,0.0616,77
1.7172000000000003e-06,0.0616,77
1.7176000000000003e-06,0.062400000000000004,78
1.718e-06,0.0632,79
1.7184e-06,0.0616,77
1.7188e-06,0.0616,77
1.7192e-06,0.0616,77
1.7196e-06,0.0616,77
1.72e-06,0.062400000000000004,78
1.7204e-06,0.062400000000000004,78
1.7208000000000001e-06,0.0616,77
1.7212000000000001e-06,0.0616,77
1.7216000000000002e-06,0.0616,77
1.7220000000000002e-06,0.0608,76
1.7224000000000002e-06,0.0616,77
1.7228000000000003e-06,0.0608,76
1.7232000000000003e-06,0.0616,77
1.7236e-06,0.0616,77
1.724e-06,0.0616,77
1.7244e-06,0.0616,77
1.7248e-06,0.0608,76
1.7252e-06,0.062400000000000004,78
1.7256e-06,0.0616,77
1.726e-06,0.0608,76
1.7264000000000001e-06,0.0616,77
1.7268000000000001e-06,0.0616,77
1.7272000000000002e-06,0.0608,76
1.7276000000000002e-06,0.0616,77
1.7280000000000002e-06,0.0616,77
1.7284000000000003e-06,0.0616,77
1.7288000000000003e-06,0.0616,77
1.7291999999999999e-06,0.0616,77
1.7296e-06,0.062400000000000004,78
1.73e-06,0.0616,77
1.7304e-06,0.0608,76
1.7308e-06,0.0616,77
1.7312e-06,0.0616,77
1.7316e-06,0.0616,77
1.732e-06,0.060000000000000005,75
1.7324000000000001e-06,0.0616,77
1.7328000000000002e-06,0.0608,76
1.7332000000000002e-06,0.0616,77
1.7336000000000002e-06,0.0608,76
1.7340000000000003e-06,0.0616,77
1.7344000000000003e-06,0.0616,77
1.7347999999999999e-06,0.0616,77
1.7352e-06,0.0616,77
1.7356e-06,0.0608,76
1.736e-06,0.0608,76
1.7364e-06,0.0616,77
1.7368e-06,0.0616,77
1.7372e-06,0.0616,77
1.7376e-06,0.0616,77
1.7380000000000001e-06,0.060000000000000005,75
1.7384000000000002e-06,0.060000000000000005,75
1.7388000000000002e-06,0.0616,77
1.7392000000000002e-06,0.0616,77
1.7396000000000003e-06,0.0616,77
1.7400000000000003e-06,0.0616,77
1.7403999999999999e-06,0.0616,77
1.7408e-06,0.0616,77
1.7412e-06,0.0616,77
1.7416e-06,0.062400000000000004,78
1.742e-06,0.0616,77
1.7424e-06,0.0616,77
1.7428e-06,0.0632,79
1.7432e-06,0.062400000000000004,78
1.7436000000000001e-06,0.0616,77
1.7440000000000002e-06,0.062400000000000004,78
1.7444000000000002e-06,0.0616,77
1.7448000000000002e-06,0.0616,77
1.7452000000000002e-06,0.0616,77
1.7456000000000003e-06,0.0616,77
1.7459999999999999e-06,0.0616,77
1.7464e-06,0.0616,77
1.7468e-06,0.0616,77
1.7472e-06,0.0608,76
1.7476e-06,0.0616,77
1.748e-06,0.0616,77
1.7484e-06,0.0616,77
1.7488e-06,0.0616,77
1.7492000000000001e-06,0.0616,77
1.7496000000000002e-06,0.062400000000000004,78
1.7500000000000002e-06,0.0616,77
1.7504000000000002e-06,0.0616,77
1.7508000000000002e-06,0.0616,77
1.7512000000000003e-06,0.062400000000000004,78
1.7515999999999999e-06,0.0608,76
1.752e-06,0.0616,77
1.7524e-06,0.0616,77
1.7528e-06,0.062400000000000004,78
1.7532e-06,0.0616,77
1.7536e-06,0.0608,76
1.754e-06,0.0608,76
1.7544e-06,0.062400000000000004,78
1.7548000000000001e-06,0.0616,77
1.7552000000000002e-06,0.0608,76
1.7556000000000002e-06,0.0608,76
1.7560000000000002e-06,0.0616,77
1.7564000000000002e-06,0.0616,77
1.7568000000000003e-06,0.0616,77
1.7571999999999999e-06,0.0616,77
1.7576e-06,0.0608,76
1.758e-06,0.0616,77
1.7584e-06,0.0608,76
1.7588e-06,0.060000000000000005,75
1.7592e-06,0.0608,76
1.7596e-06,0.0616,77
1.76e-06,0.0616,77
1.7604000000000001e-06,0.0608,76
1.7608000000000001e-06,0.0616,77
1.7612000000000002e-06,0.0616,77
1.7616000000000002e-06,0.0616,77
1.7620000000000002e-06,0.0616,77
1.7624000000000003e-06,0.0616,77
1.7627999999999999e-06,0.0616,77
1.7632e-06,0.062400000000000004,78
1.7636e-06,0.0616,77
1.764e-06,0.0608,76
1.7644e-06,0.0608,76
1.7648e-06,0.0616,77
1.7652e-06,0.0608,76
1.7656e-06,0.0616,77
1.7660000000000001e-06,0.0608,76
1.7664000000000001e-06,0.0616,77
1.7668000000000002e-06,0.0616,77
1.7672000000000002e-06,0.0616,77
1.7676000000000002e-06,0.0616,77
1.7680000000000003e-06,0.0616,77
1.7684000000000003e-06,0.0608,76
1.7688e-06,0.0616,77
1.7692e-06,0.0608,76
1.7696e-06,0.0616,77
1.77e-06,0.0608,76
1.7704e-06,0.0616,77
1.7708e-06,0.0616,77
1.7712e-06,0.0616,77
1.7716000000000001e-06,0.0616,77
1.7720000000000001e-06,0.0616,77
1.7724000000000002e-06,0.0616,77
1.7728000000000002e-06,0.0608,76
1.7732000000000002e-06,0.062400000000000004,78
1.7736000000000003e-06,0.062400000000000004,78
1.7740000000000003e-06,0.0616,77
1.7744e-06,0.0616,77
1.7748e-06,0.0616,77
1.7752e-06,0.0616,77
1.7756e-06,0.060000000000000005,75
1.776e-06,0.0616,77
1.7764e-06,0.0616,77
1.7768e-06,0.0616,77
1.7772000000000001e-06,0.0616,77
1.7776000000000001e-06,0.0616,77
1.7780000000000002e-06,0.0616,77
1.7784000000000002e-06,0.0616,77
1.7788000000000002e-06,0.0616,77
1.7792000000000003e-06,0.0608,76
1.7796000000000003e-06,0.0608,76
1.78e-06,0.0608,76
1.7804e-06,0.0616,77
1.7808e-06,0.0616,77
1.7812e-06,0.0616,77
1.7816e-06,0.062400000000000004,78
1.782e-06,0.062400000000000004,78
1.7824e-06,0.0616,77
1.7828000000000001e-06,0.0616,77
1.7832000000000001e-06,0.0616,77
1.7836000000000002e-06,0.0616,77
1.7840000000000002e-06,0.0608,76
1.7844000000000002e-06,0.062400000000000004,78
1.7848000000000003e-06,0.0616,77
1.7852000000000003e-06,0.060000000000000005,75
1.7856e-06,0.0616,77
1.786e-06,0.0616,77
1.7864e-06,0.0616,77
1.7868e-06,0.0616,77
1.7872e-06,0.0616,77
1.7876e-06,0.0616,77
1.788e-06,0.0616,77
1.7884e-06,0.0616,77
1.7888000000000001e-06,0.0616,77
1.7892000000000002e-06,0.0616,77
1.7896000000000002e-06,0.0616,77
1.7900000000000002e-06,0.0608,76
1.7904000000000003e-06,0.0616,77
1.7908000000000003e-06,0.0616,77
1.7911999999999999e-06,0.062400000000000004,78
1.7916e-06,0.0616,77
1.792e-06,0.0616,77
1.7924e-06,0.0616,77
1.7928e-06,0.0616,77
1.7932e-06,0.0616,77
1.7936e-06,0.062400000000000004,78
1.794e-06,0.0616,77
1.7944000000000001e-06,0.0616,77
1.7948000000000002e-06,0.0616,77
1.7952000000000002e-06,0.0616,77
1.7956000000000002e-06,0.0616,77
1.7960000000000003e-06,0.0616,77
1.7964000000000003e-06,0.0616,77
1.7967999999999999e-06,0.0616,77
1.7972e-06,0.0616,77
1.7976e-06,0.0608,76
1.798e-06,0.0608,76
1.7984e-06,0.0608,76
1.7988e-06,0.0608,76
1.7992e-06,0.0616,77
1.7996e-06,0.062400000000000004,78
1.8000000000000001e-06,0.062400000000000004,78
1.8004000000000002e-06,0.0616,77
1.8008000000000002e-06,0.0616,77
1.8012000000000002e-06,0.0616,77
1.8016000000000003e-06,0.060000000000000005,75
1.8020000000000003e-06,0.060000000000000005,75
1.8023999999999999e-06,0.0608,76
1.8028e-06,0.0616,77
1.8032e-06,0.062400000000000004,78
1.8036e-06,0.062400000000000004,78
1.804e-06,0.062400000000000004,78
1.8044e-06,0.0608,76
1.8048e-06,0.0616,77
1.8052e-06,0.0608,76
1.8056000000000001e-06,0.0616,77
1.8060000000000002e-06,0.062400000000000004,78
1.8064000000000002e-06,0.0616,77
1.8068000000000002e-06,0.0616,77
1.8072000000000002e-06,0.0616,77
1.8076000000000003e-06,0.0616,77
1.8079999999999999e-06,0.0608,76
1.8084e-06,0.0616,77
1.8088e-06,0.0616,77
1.8092e-06,0.0616,77
1.8096e-06,0.0616,77
1.81e-06,0.0616,77
1.8104e-06,0.0616,77
1.8108e-06,0.0616,77
1.8112000000000001e-06,0.0616,77
1.8116000000000002e-06,0.0616,77
1.8120000000000002e-06,0.0616,77
1.8124000000000002e-06,0.0608,76
1.8128000000000002e-06,0.0608,76
1.8132000000000003e-06,0.0608,76
1.8135999999999999e-06,0.062400000000000004,78
1.814e-06,0.0616,77
1.8144e-06,0.0616,77
1.8148e-06,0.0616,77
1.8152e-06,0.0608,76
1.8156e-06,0.0616,77
1.816e-06,0.0616,77
1.8164e-06,0.0616,77
1.8168000000000001e-06,0.062400000000000004,78
1.8172000000000002e-06,0.0616,77
1.8176000000000002e-06,0.0632,79
1.8180000000000002e-06,0.0608,76
1.8184000000000002e-06,0.0616,77
1.8188000000000003e-06,0.0616,77
1.8191999999999999e-06,0.0616,77
1.8196e-06,0.0616,77
1.82e-06,0.0616,77
1.8204e-06,0.0616,77
1.8208e-06,0.0616,77
1.8212e-06,0.0616,77
1.8216e-06,0.0616,77
1.822e-06,0.0616,77
1.8224000000000001e-06,0.0616,77
1.8228000000000001e-06,0.062400000000000004,78
1.8232000000000002e-06,0.0616,77
1.8236000000000002e-06,0.0616,77
1.8240000000000002e-06,0.0616,77
1.8244000000000003e-06,0.0616,77
1.8248000000000003e-06,0.062400000000000004,78
1.8252e-06,0.0616,77
1.8256e-06,0.060000000000000005,75
1.826e-06,0.0616,77
1.8264e-06,0.0616,77
1.8268e-06,0.0616,77
1.8272e-06,0.0616,77
1.8276e-06,0.062400000000000004,78
1.8280000000000001e-06,0.062400000000000004,78
1.8284000000000001e-06,0.0616,77
1.8288000000000002e-06,0.0616,77
1.8292000000000002e-06,0.0616,77
1.8296000000000002e-06,0.0616,77
1.8300000000000003e-06,0.0616,77
1.8304000000000003e-06,0.0616,77
1.8308e-06,0.0616,77
1.8312e-06,0.0616,77
1.8316e-06,0.0616,77
1.832e-06,0.0616,77
1.8324e-06,0.0616,77
1.8328e-06,0.0616,77
1.8332e-06,0.0608,76
1.8336000000000001e-06,0.0616,77
1.8340000000000001e-06,0.0616,77
1.8344000000000002e-06,0.062400000000000004,78
1.8348000000000002e-06,0.0616,77
1.8352000000000002e-06,0.0616,77
1.8356000000000003e-06,0.0616,77
1.8360000000000003e-06,0.0616,77
1.8364e-06,0.0616,77
1.8368e-06,0.0616,77
1.8372e-06,0.0608,76
1.8376e-06,0.0616,77
1.838e-06,0.0616,77
1.8384e-06,0.0616,77
1.8388e-06,0.062400000000000004,78
1.8392000000000001e-06,0.062400000000000004,78
1.8396000000000001e-06,0.0616,77
1.8400000000000002e-06,0.0632,79
1.8404000000000002e-06,0.0616,77
1.8408000000000002e-06,0.0616,77
1.8412000000000003e-06,0.0616,77
1.8416000000000003e-06,0.0608,76
1.842e-06,0.0616,77
1.8424e-06,0.0616,77
1.8428e-06,0.0616,77
1.8432e-06,0.0616,77
1.8436e-06,0.0616,77
1.844e-06,0.0616,77
1.8444e-06,0.0616,77
1.8448000000000001e-06,0.0608,76
1.8452000000000001e-06,0.0616,77
1.8456000000000002e-06,0.0616,77
1.8460000000000002e-06,0.0616,77
1.8464000000000002e-06,0.0616,77
1.8468000000000003e-06,0.0616,77
1.8472000000000003e-06,0.062400000000000004,78
1.8476e-06,0.0616,77
1.848e-06,0.0616,77
1.8484e-06,0.0616,77
1.8488e-06,0.0616,77
1.8492e-06,0.0616,77
1.8496e-06,0.0616,77
1.85e-06,0.0616,77
1.8504e-06,0.0608,76
1.8508000000000001e-06,0.0616,77
1.8512000000000002e-06,0.0616,77
1.8516000000000002e-06,0.0616,77
1.8520000000000002e-06,0.0616,77
1.8524000000000003e-06,0.0616,77
1.8528000000000003e-06,0.0616,77
1.8531999999999999e-06,0.0608,76
1.8536e-06,0.0608,76
1.854e-06,0.0616,77
1.8544e-06,0.0616,77
1.8548e-06,0.0616,77
1.8552e-06,0.0616,77
1.8556e-06,0.0608,76
1.856e-06,0.0616,77
1.8564000000000001e-06,0.0616,77
1.8568000000000002e-06,0.0616,77
1.8572000000000002e-06,0.0616,77
1.8576000000000002e-06,0.0616,77
1.8580000000000003e-06,0.0616,77
1.8584000000000003e-06,0.0616,77
1.8587999999999999e-06,0.0616,77
1.8592e-06,0.0616,77
1.8596e-06,0.0616,77
1.86e-06,0.0616,77
1.8604e-06,0.0616,77
1.8608e-06,0.0616,77
1.8612e-06,0.0608,76
1.8616e-06,0.0608,76
1.8620000000000001e-06,0.0608,76
1.8624000000000002e-06,0.062400000000000004,78
1.8628000000000002e-06,0.0616,77
1.8632000000000002e-06,0.0616,77
1.8636000000000002e-06,0.0616,77
1.8640000000000003e-06,0.0616,77
1.8643999999999999e-06,0.0616,77
1.8648e-06,0.0616,77
1.8652e-06,0.0616,77
1.8656e-06,0.0608,76
1.866e-06,0.0608,76
1.8664e-06,0.0608,76
1.8668e-06,0.0608,76
1.8672e-06,0.0616,77
1.8676000000000001e-06,0.0616,77
1.8680000000000002e-06,0.0616,77
1.8684000000000002e-06,0.0616,77
1.8688000000000002e-06,0.0608,76
1.8692000000000002e-06,0.062400000000000004,78
1.8696000000000003e-06,0.0616,77
1.8699999999999999e-06,0.0616,77
1.8704e-06,0.062400000000000004,78
1.8708e-06,0.0616,77
1.8712e-06,0.0616,77
1.8716e-06,0.0616,77
1.872e-06,0.0616,77
1.8724e-06,0.0616,77
1.8728e-06,0.0616,77
1.8732000000000001e-06,0.0608,76
1.8736000000000002e-06,0.0616,77
1.8740000000000002e-06,0.0608,76
1.8744000000000002e-06,0.0616,77
1.8748000000000002e-06,0.0616,77
1.8752000000000003e-06,0.0616,77
1.8755999999999999e-06,0.0616,77
1.876e-06,0.0616,77
1.8764e-06,0.0608,76
1.8768e-06,0.0608,76
1.8772e-06,0.0608,76
1.8776e-06,0.0616,77
1.878e-06,0.0616,77
1.8784e-06,0.0608,76
1.8788000000000001e-06,0.062400000000000004,78
1.8792000000000002e-06,0.0616,77
1.8796000000000002e-06,0.0616,77
1.8800000000000002e-06,0.0616,77
1.8804000000000002e-06,0.0608,76
1.8808000000000003e-06,0.0616,77
1.8812000000000003e-06,0.0616,77
1.8816e-06,0.0616,77
1.882e-06,0.0616,77
1.8824e-06,0.062400000000000004,78
1.8828e-06,0.0616,77
1.8832e-06,0.0616,77
1.8836e-06,0.0616,77
1.884e-06,0.0616,77
1.8844000000000001e-06,0.0616,77
1.8848000000000001e-06,0.0616,77
1.8852000000000002e-06,0.0616,77
1.8856000000000002e-06,0.0616,77
1.8860000000000002e-06,0.060000000000000005,75
1.8864000000000003e-06,0.0616,77
1.8868000000000003e-06,0.062400000000000004,78
1.8872e-06,0.0616,77
1.8876e-06,0.0616,77
1.888e-06,0.0616,77
1.8884e-06,0.0616,77
1.8888e-06,0.0616,77
1.8892e-06,0.0616,77
1.8896e-06,0.0616,77
1.8900000000000001e-06,0.0616,77
1.8904000000000001e-06,0.0608,76
1.8908000000000002e-06,0.060000000000000005,75
1.8912000000000002e-06,0.0616,77
1.8916000000000002e-06,0.0608,76
1.8920000000000003e-06,0.0616,77
1.8924000000000003e-06,0.0616,77
1.8928e-06,0.062400000000000004,78
1.8932e-06,0.0616,77
1.8936e-06,0.0616,77
1.894e-06,0.0616,77
1.8944e-06,0.0616,77
1.8948e-06,0.0616,77
1.8952e-06,0.0616,77
1.8956000000000001e-06,0.0616,77
1.8960000000000001e-06,0.0608,76
1.8964000000000002e-06,0.0616,77
1.8968000000000002e-06,0.060000000000000005,75
1.8972000000000002e-06,0.062400000000000004,78
1.8976000000000003e-06,0.062400000000000004,78
1.8980000000000003e-06,0.0632,79
1.8984e-06,0.0616,77
1.8988e-06,0.0608,76
1.8992e-06,0.0616,77
1.8996e-06,0.0616,77
1.9e-06,0.0616,77
1.9004e-06,0.062400000000000004,78
1.9008e-06,0.0616,77
1.9012000000000001e-06,0.0616,77
1.9016000000000001e-06,0.0616,77
1.9020000000000002e-06,0.060000000000000005,75
1.9024000000000002e-06,0.0608,76
1.9028000000000002e-06,0.0616,77
1.9032000000000003e-06,0.0616,77
1.9036000000000003e-06,0.0616,77
1.904e-06,0.0616,77
1.9044e-06,0.0616,77
1.9048e-06,0.0616,77
1.9052e-06,0.0616,77
1.9056e-06,0.0616,77
1.906e-06,0.0608,76
1.9064e-06,0.0616,77
1.9068000000000001e-06,0.0616,77
1.9072000000000001e-06,0.0616,77
1.9076e-06,0.0616,77
1.908e-06,0.0616,77
1.9084000000000002e-06,0.0616,77
1.9088000000000003e-06,0.0616,77
1.9092000000000003e-06,0.0608,76
1.9096e-06,0.0616,77
1.91e-06,0.0608,76
1.9104e-06,0.0616,77
1.9108e-06,0.0608,76
1.9112e-06,0.0616,77
1.9116e-06,0.0616,77
1.912e-06,0.0616,77
1.9124e-06,0.0608,76
1.9128e-06,0.0616,77
1.9132e-06,0.0616,77
1.9136e-06,0.0616,77
1.9140000000000002e-06,0.060000000000000005,75
1.9144000000000003e-06,0.0608,76
1.9148000000000003e-06,0.0616,77
1.9152e-06,0.0616,77
1.9156e-06,0.0616,77
1.916e-06,0.062400000000000004,78
1.9164e-06,0.0616,77
1.9168e-06,0.0616,77
1.9172e-06,0.0616,77
1.9176e-06,0.0616,77
1.918e-06,0.0616,77
1.9184e-06,0.0608,76
1.9188e-06,0.0616,77
1.9192e-06,0.0616,77
1.9196000000000002e-06,0.0616,77
1.9200000000000003e-06,0.0616,77
1.9204000000000003e-06,0.062400000000000004,78
1.9208e-06,0.0616,77
1.9212e-06,0.0616,77
1.9216e-06,0.0616,77
1.922e-06,0.0608,76
1.9224e-06,0.062400000000000004,78
1.9228e-06,0.0616,77
1.9232e-06,0.0616,77
1.9236e-06,0.0608,76
1.924e-06,0.0608,76
1.9244e-06,0.0616,77
1.9248e-06,0.0616,77
1.9252000000000002e-06,0.0608,76
1.9256000000000002e-06,0.062400000000000004,78
1.9260000000000003e-06,0.0616,77
1.9264e-06,0.0616,77
1.9268e-06,0.0616,77
1.9272e-06,0.0616,77
1.9276e-06,0.0616,77
1.928e-06,0.0616,77
1.9284e-06,0.062400000000000004,78
1.9288e-06,0.0616,77
1.9292e-06,0.0616,77
1.9296e-06,0.0616,77
1.93e-06,0.0616,77
1.9304e-06,0.0616,77
1.9308000000000002e-06,0.0616,77
1.9312000000000002e-06,0.0616,77
1.9316000000000003e-06,0.062400000000000004,78
1.932e-06,0.0616,77
1.9324e-06,0.062400000000000004,78
1.9328e-06,0.062400000000000004,78
1.9332e-06,0.0616,77
1.9336e-06,0.0616,77
1.934e-06,0.0616,77
1.9344e-06,0.0616,77
1.9348e-06,0.0616,77
1.9352e-06,0.0616,77
1.9356e-06,0.0616,77
1.936e-06,0.0616,77
1.9364000000000002e-06,0.0616,77
1.9368000000000002e-06,0.0616,77
1.9372000000000003e-06,0.0608,76
1.9376000000000003e-06,0.0616,77
1.938e-06,0.0616,77
1.9384e-06,0.0616,77
1.9388e-06,0.0608,76
1.9392e-06,0.0608,76
1.9396e-06,0.0608,76
1.94e-06,0.0616,77
1.9404e-06,0.0616,77
1.9408e-06,0.0616,77
1.9412e-06,0.0616,77
1.9416e-06,0.0616,77
1.942e-06,0.0616,77
1.9424000000000002e-06,0.0616,77
1.9428000000000003e-06,0.0616,77
1.9432000000000003e-06,0.0616,77
1.9436e-06,0.0616,77
1.944e-06,0.0616,77
1.9444e-06,0.0616,77
1.9448e-06,0.0616,77
1.9452e-06,0.0616,77
1.9456e-06,0.0616,77
1.946e-06,0.0616,77
1.9464e-06,0.0616,77
1.9468e-06,0.0616,77
1.9472e-06,0.0608,76
1.9476e-06,0.0616,77
1.9480000000000002e-06,0.0616,77
1.9484000000000003e-06,0.0616,77
1.9488000000000003e-06,0.0616,77
1.9492e-06,0.0616,77
1.9496e-06,0.0616,77
1.95e-06,0.0616,77
1.9504e-06,0.0616,77
1.9508e-06,0.0616,77
1.9512e-06,0.062400000000000004,78
1.9516e-06,0.062400000000000004,78
1.952e-06,0.062400000000000004,78
1.9524e-06,0.0616,77
1.9528e-06,0.0616,77
1.9532e-06,0.0616,77
1.9536000000000002e-06,0.0616,77
1.9540000000000003e-06,0.0608,76
1.9544000000000003e-06,0.0608,76
1.9548e-06,0.0616,77
1.9552e-06,0.0616,77
1.9556e-06,0.0616,77
1.956e-06,0.0616,77
1.9564e-06,0.0616,77
1.9568e-06,0.0616,77
1.9572e-06,0.0616,77
1.9576e-06,0.0616,77
1.958e-06,0.0608,76
1.9584e-06,0.0616,77
1.9588e-06,0.0616,77
1.9592000000000002e-06,0.0616,77
1.9596000000000003e-06,0.0616,77
1.9600000000000003e-06,0.0616,77
1.9604e-06,0.0608,76
1.9608e-06,0.0616,77
1.9612e-06,0.0616,77
1.9616e-06,0.0616,77
1.962e-06,0.0616,77
1.9624e-06,0.062400000000000004,78
1.9628e-06,0.0616,77
1.9632e-06,0.060000000000000005,75
1.9636e-06,0.0616,77
1.964e-06,0.0616,77
1.9644e-06,0.0616,77
1.9648000000000002e-06,0.0616,77
1.9652000000000003e-06,0.0616,77
1.9656000000000003e-06,0.0616,77
1.9660000000000003e-06,0.0616,77
1.9664000000000003e-06,0.0616,77
1.9668000000000004e-06,0.0608,76
1.9672000000000004e-06,0.0616,77
1.9676000000000004e-06,0.0608,76
1.9680000000000005e-06,0.0616,77
1.9684000000000005e-06,0.0616,77
1.9687999999999997e-06,0.0616,77
1.9691999999999997e-06,0.0616,77
1.9695999999999997e-06,0.0608,76
1.9699999999999998e-06,0.0616,77
1.9704e-06,0.062400000000000004,78
1.9708e-06,0.0616,77
1.9712e-06,0.0616,77
1.9716e-06,0.0616,77
1.972e-06,0.0608,76
1.9724e-06,0.0616,77
1.9728e-06,0.0616,77
1.9732e-06,0.062400000000000004,78
1.9736e-06,0.062400000000000004,78
1.974e-06,0.0616,77
1.9744e-06,0.0608,76
1.9748e-06,0.0616,77
1.9752e-06,0.062400000000000004,78
1.9756e-06,0.0616,77
1.9760000000000002e-06,0.0616,77
1.9764000000000003e-06,0.0608,76
1.9768000000000003e-06,0.0616,77
1.9772000000000003e-06,0.0616,77
1.9776000000000003e-06,0.0616,77
1.9780000000000004e-06,0.0608,76
1.9784000000000004e-06,0.0608,76
1.9788000000000004e-06,0.0616,77
1.9792000000000005e-06,0.0616,77
1.9796000000000005e-06,0.0616,77
1.9799999999999997e-06,0.0632,79
1.9803999999999997e-06,0.0616,77
1.9807999999999997e-06,0.0616,77
1.9811999999999998e-06,0.0616,77
1.9816e-06,0.0616,77
1.982e-06,0.0616,77
1.9824e-06,0.0616,77
1.9828e-06,0.0616,77
1.9832e-06,0.0616,77
1.9836e-06,0.0616,77
1.984e-06,0.0616,77
1.9844e-06,0.0616,77
1.9848e-06,0.0616,77
1.9852e-06,0.0616,77
1.9856e-06,0.0616,77
1.986e-06,0.0616,77
1.9864e-06,0.0616,77
1.9868e-06,0.0616,77
1.9872000000000002e-06,0.0616,77
1.9876000000000002e-06,0.0616,77
1.9880000000000003e-06,0.0608,76
1.9884000000000003e-06,0.0608,76
1.9888000000000003e-06,0.0616,77
1.9892000000000004e-06,0.0616,77
1.9896000000000004e-06,0.0616,77
1.9900000000000004e-06,0.0616,77
1.9904000000000005e-06,0.0616,77
1.9908000000000005e-06,0.0616,77
1.9911999999999997e-06,0.0616,77
1.9915999999999997e-06,0.0632,79
1.9919999999999997e-06,0.0616,77
1.9923999999999998e-06,0.0616,77
1.9928e-06,0.0616,77
1.9932e-06,0.062400000000000004,78
1.9936e-06,0.0616,77
1.994e-06,0.0616,77
1.9944e-06,0.0616,77
1.9948e-06,0.0616,77
1.9952e-06,0.0616,77
1.9956e-06,0.0616,77
1.996e-06,0.0616,77
1.9964e-06,0.0616,77
1.9968e-06,0.0616,77
1.9972e-06,0.0616,77
1.9976e-06,0.062400000000000004,78
1.998e-06,0.0616,77
1.9984000000000002e-06,0.0608,76
1.9988000000000002e-06,0.0616,77
1.9992000000000003e-06,0.0616,77
1.9996000000000003e-06,0.0616,77
2.0000000000000003e-06,0.0616,77
2.0004000000000004e-06,0.060000000000000005,75
2.0008000000000004e-06,0.0616,77
2.0012000000000004e-06,0.0616,77
2.0016000000000005e-06,0.0616,77
2.0020000000000005e-06,0.0616,77
2.0024000000000005e-06,0.0616,77
2.0027999999999997e-06,0.0616,77
2.0031999999999997e-06,0.0608,76
2.0035999999999998e-06,0.0608,76
2.0039999999999998e-06,0.0616,77
2.0044e-06,0.0616,77
2.0048e-06,0.0616,77
2.0052e-06,0.0616,77
2.0056e-06,0.0616,77
2.006e-06,0.0616,77
2.0064e-06,0.0616,77
2.0068e-06,0.0616,77
2.0072e-06,0.0616,77
2.0076e-06,0.0616,77
2.008e-06,0.0608,76
2.0084e-06,0.0616,77
2.0088e-06,0.0616,77
2.0092e-06,0.0616,77
2.0096e-06,0.062400000000000004,78
2.0100000000000002e-06,0.0616,77
2.0104000000000003e-06,0.0616,77
2.0108000000000003e-06,0.0608,76
2.0112000000000003e-06,0.0616,77
2.0116000000000004e-06,0.0616,77
2.0120000000000004e-06,0.0616,77
2.0124000000000004e-06,0.0616,77
2.0128000000000004e-06,0.062400000000000004,78
2.0132000000000005e-06,0.0616,77
2.0136000000000005e-06,0.0616,77
2.0139999999999997e-06,0.0616,77
2.0143999999999997e-06,0.0616,77
2.0147999999999998e-06,0.0616,77
2.0151999999999998e-06,0.0616,77
2.0156e-06,0.0616,77
2.016e-06,0.0616,77
2.0164e-06,0.0616,77
2.0168e-06,0.0616,77
2.0172e-06,0.0616,77
2.0176e-06,0.0616,77
2.018e-06,0.0616,77
2.0184e-06,0.0616,77
2.0188e-06,0.0616,77
2.0192e-06,0.0608,76
2.0196e-06,0.0616,77
2.02e-06,0.0616,77
2.0204e-06,0.0616,77
2.0208e-06,0.0616,77
2.0212000000000002e-06,0.0616,77
2.0216000000000003e-06,0.0616,77
2.0220000000000003e-06,0.062400000000000004,78
2.0224000000000003e-06,0.0616,77
2.0228000000000004e-06,0.0616,77
2.0232000000000004e-06,0.0616,77
2.0236000000000004e-06,0.0616,77
2.0240000000000004e-06,0.0616,77
2.0244000000000005e-06,0.0616,77
2.0248000000000005e-06,0.0616,77
2.0251999999999997e-06,0.0608,76
2.0255999999999997e-06,0.0616,77
2.0259999999999997e-06,0.0616,77
2.0263999999999998e-06,0.0616,77
2.0268e-06,0.0616,77
2.0272e-06,0.0632,79
2.0276e-06,0.0616,77
2.028e-06,0.0616,77
2.0284e-06,0.0616,77
2.0288e-06,0.0616,77
2.0292e-06,0.062400000000000004,78
2.0296e-06,0.0616,77
2.03e-06,0.0616,77
2.0304e-06,0.0616,77
2.0308e-06,0.0616,77
2.0312e-06,0.0616,77
2.0316e-06,0.0616,77
2.032e-06,0.0616,77
2.0324000000000002e-06,0.0616,77
2.0328000000000003e-06,0.0616,77
2.0332000000000003e-06,0.0616,77
2.0336000000000003e-06,0.0616,77
2.0340000000000003e-06,0.062400000000000004,78
2.0344000000000004e-06,0.0616,77
2.0348000000000004e-06,0.0616,77
2.0352000000000004e-06,0.0616,77
2.0356000000000005e-06,0.0608,76
2.0360000000000005e-06,0.062400000000000004,78
2.0363999999999997e-06,0.0616,77
2.0367999999999997e-06,0.0616,77
2.0371999999999997e-06,0.0616,77
2.0375999999999998e-06,0.0616,77
2.038e-06,0.0616,77
2.0384e-06,0.0608,76
2.0388e-06,0.0616,77
2.0392e-06,0.060000000000000005,75
2.0396e-06,0.0616,77
2.04e-06,0.0616,77
2.0404e-06,0.0616,77
2.0408e-06,0.0616,77
2.0412e-06,0.0616,77
2.0416e-06,0.0616,77
2.042e-06,0.0616,77
2.0424e-06,0.0608,76
2.0428e-06,0.0616,77
2.0432e-06,0.0616,77
2.0436000000000002e-06,0.0616,77
2.0440000000000003e-06,0.0616,77
2.0444000000000003e-06,0.0616,77
2.0448000000000003e-06,0.062400000000000004,78
2.0452000000000003e-06,0.0616,77
2.0456000000000004e-06,0.0616,77
2.0460000000000004e-06,0.0616,77
2.0464000000000004e-06,0.0616,77
2.0468000000000005e-06,0.0616,77
2.0472000000000005e-06,0.0616,77
2.0475999999999997e-06,0.0616,77
2.0479999999999997e-06,0.0608,76
2.0483999999999997e-06,0.0616,77
2.0487999999999998e-06,0.0616,77
2.0492e-06,0.0616,77
2.0496e-06,0.0616,77
2.05e-06,0.0616,77
2.0504e-06,0.0616,77
2.0508e-06,0.0616,77
2.0512e-06,0.0616,77
2.0516e-06,0.0616,77
2.052e-06,0.0616,77
2.0524e-06,0.0608,76
2.0528e-06,0.0616,77
2.0532e-06,0.0608,76
2.0536e-06,0.0608,76
2.054e-06,0.0616,77
2.0544e-06,0.0616,77
2.0548000000000002e-06,0.0616,77
2.0552000000000002e-06,0.0616,77
2.0556000000000003e-06,0.0616,77
2.0560000000000003e-06,0.060000000000000005,75
2.0564000000000003e-06,0.0608,76
2.0568000000000004e-06,0.060000000000000005,75
2.0572000000000004e-06,0.0616,77
2.0576000000000004e-06,0.0616,77
2.0580000000000005e-06,0.0608,76
2.0584000000000005e-06,0.0608,76
2.0588000000000005e-06,0.060000000000000005,75
2.0591999999999997e-06,0.0608,76
2.0595999999999997e-06,0.0616,77
2.0599999999999998e-06,0.0608,76
2.0604e-06,0.060000000000000005,75
2.0608e-06,0.0608,76
2.0612e-06,0.060000000000000005,75
2.0616e-06,0.0608,76
2.062e-06,0.062400000000000004,78
2.0624e-06,0.062400000000000004,78
2.0628e-06,0.062400000000000004,78
2.0632e-06,0.062400000000000004,78
2.0636e-06,0.0608,76
2.064e-06,0.0616,77
2.0644e-06,0.0616,77
2.0648e-06,0.0616,77
2.0652e-06,0.0616,77
2.0656e-06,0.0616,77
2.066e-06,0.0608,76
2.0664000000000002e-06,0.0616,77
2.0668000000000003e-06,0.0616,77
2.0672000000000003e-06,0.0608,76
2.0676000000000003e-06,0.0616,77
2.0680000000000004e-06,0.0616,77
2.0684000000000004e-06,0.0616,77
2.0688000000000004e-06,0.0616,77
2.0692000000000004e-06,0.0616,77
2.0696000000000005e-06,0.0616,77
2.0700000000000005e-06,0.0616,77
2.0703999999999997e-06,0.0616,77
2.0707999999999997e-06,0.0616,77
2.0711999999999998e-06,0.0608,76
2.0715999999999998e-06,0.0616,77
2.072e-06,0.0616,77
2.0724e-06,0.0616,77
2.0728e-06,0.0616,77
2.0732e-06,0.0616,77
2.0736e-06,0.0616,77
2.074e-06,0.062400000000000004,78
2.0744e-06,0.0616,77
2.0748e-06,0.0616,77
2.0752e-06,0.0616,77
2.0756e-06,0.0616,77
2.076e-06,0.0608,76
2.0764e-06,0.0616,77
2.0768e-06,0.0616,77
2.0772e-06,0.0616,77
2.0776000000000002e-06,0.0616,77
2.0780000000000003e-06,0.0608,76
2.0784000000000003e-06,0.0616,77
2.0788000000000003e-06,0.0616,77
2.0792000000000004e-06,0.0616,77
2.0796000000000004e-06,0.0616,77
2.0800000000000004e-06,0.0616,77
2.0804000000000004e-06,0.0616,77
2.0808000000000005e-06,0.0616,77
2.0812000000000005e-06,0.0608,76
2.0815999999999997e-06,0.0616,77
2.0819999999999997e-06,0.0616,77
2.0823999999999997e-06,0.0616,77
2.0827999999999998e-06,0.0616,77
2.0832e-06,0.0616,77
2.0836e-06,0.0616,77
2.084e-06,0.0616,77
2.0844e-06,0.0616,77
2.0848e-06,0.0616,77
2.0852e-06,0.0616,77
2.0856e-06,0.0616,77
2.086e-06,0.0616,77
2.0864e-06,0.0616,77
2.0868e-06,0.0616,77
2.0872e-06,0.0616,77
2.0876e-06,0.0616,77
2.088e-06,0.0616,77
2.0884e-06,0.0616,77
2.0888000000000002e-06,0.0616,77
2.0892000000000003e-06,0.0616,77
2.0896000000000003e-06,0.0608,76
2.0900000000000003e-06,0.0616,77
2.0904000000000003e-06,0.0616,77
2.0908000000000004e-06,0.0616,77
2.0912000000000004e-06,0.0616,77
2.0916000000000004e-06,0.0608,76
2.0920000000000005e-06,0.0616,77
2.0924000000000005e-06,0.0616,77
2.0927999999999997e-06,0.0616,77
2.0931999999999997e-06,0.0608,76
2.0935999999999997e-06,0.0608,76
2.0939999999999998e-06,0.0616,77
2.0944e-06,0.0616,77
2.0948e-06,0.0616,77
2.0952e-06,0.0616,77
2.0956e-06,0.0616,77
2.096e-06,0.0616,77
2.0964e-06,0.062400000000000004,78
2.0968e-06,0.0616,77
2.0972e-06,0.0616,77
2.0976e-06,0.0616,77
2.098e-06,0.0616,77
2.0984e-06,0.0616,77
2.0988e-06,0.0616,77
2.0992e-06,0.0616,77
2.0996e-06,0.0616,77
2.1000000000000002e-06,0.0616,77
2.1004000000000003e-06,0.062400000000000004,78
2.1008000000000003e-06,0.0616,77
2.1012000000000003e-06,0.0616,77
2.1016000000000003e-06,0.0616,77
2.1020000000000004e-06,0.0616,77
2.1024000000000004e-06,0.0616,77
2.1028000000000004e-06,0.0616,77
2.1032000000000005e-06,0.0616,77
2.1036000000000005e-06,0.0608,76
2.1039999999999997e-06,0.062400000000000004,78
2.1043999999999997e-06,0.0616,77
2.1047999999999997e-06,0.0616,77
2.1051999999999998e-06,0.0608,76
2.1056e-06,0.0616,77
2.106e-06,0.0616,77
2.1064e-06,0.0616,77
2.1068e-06,0.0608,76
2.1072e-06,0.060000000000000005,75
2.1076e-06,0.0616,77
2.108e-06,0.0616,77
2.1084e-06,0.0616,77
2.1088e-06,0.0616,77
2.1092e-06,0.0616,77
2.1096e-06,0.0616,77
2.11e-06,0.0608,76
2.1104e-06,0.0616,77
2.1108e-06,0.0616,77
2.1112000000000002e-06,0.0616,77
2.1116000000000002e-06,0.0616,77
2.1120000000000003e-06,0.0616,77
2.1124000000000003e-06,0.062400000000000004,78
2.1128000000000003e-06,0.062400000000000004,78
2.1132000000000004e-06,0.0608,76
2.1136000000000004e-06,0.0608,76
2.1140000000000004e-06,0.0616,77
2.1144000000000005e-06,0.0616,77
2.1148000000000005e-06,0.0616,77
2.1152000000000005e-06,0.0608,76
2.1155999999999997e-06,0.0616,77
2.1159999999999997e-06,0.0616,77
2.1163999999999998e-06,0.0616,77
2.1168e-06,0.0616,77
2.1172e-06,0.0616,77
2.1176e-06,0.0616,77
2.118e-06,0.0608,76
2.1184e-06,0.0608,76
2.1188e-06,0.0616,77
2.1192e-06,0.0616,77
2.1196e-06,0.0616,77
2.12e-06,0.0616,77
2.1204e-06,0.0616,77
2.1208e-06,0.0616,77
2.1212e-06,0.0616,77
2.1216e-06,0.0616,77
2.122e-06,0.0608,76
2.1224e-06,0.0608,76
2.1228000000000002e-06,0.0608,76
2.1232000000000003e-06,0.0608,76
2.1236000000000003e-06,0.0616,77
2.1240000000000003e-06,0.0616,77
2.1244000000000004e-06,0.0608,76
2.1248000000000004e-06,0.0616,77
2.1252000000000004e-06,0.062400000000000004,78
2.1256000000000005e-06,0.0616,77
2.1260000000000005e-06,0.0616,77
2.1264000000000005e-06,0.0608,76
2.1267999999999997e-06,0.0616,77
2.1271999999999997e-06,0.0616,77
2.1275999999999998e-06,0.0608,76
2.1279999999999998e-06,0.0608,76
2.1284e-06,0.060000000000000005,75
2.1288e-06,0.0608,76
2.1292e-06,0.0616,77
2.1296e-06,0.0608,76
2.13e-06,0.0608,76
2.1304e-06,0.0616,77
2.1308e-06,0.0616,77
2.1312e-06,0.062400000000000004,78
2.1316e-06,0.0616,77
2.132e-06,0.0616,77
2.1324e-06,0.0616,77
2.1328e-06,0.0616,77
2.1332e-06,0.0616,77
2.1336e-06,0.0608,76
2.1340000000000002e-06,0.0608,76
2.1344000000000003e-06,0.0608,76
2.1348000000000003e-06,0.0616,77
2.1352000000000003e-06,0.0616,77
2.1356000000000004e-06,0.0616,77
2.1360000000000004e-06,0.0616,77
2.1364000000000004e-06,0.0616,77
2.1368000000000004e-06,0.0616,77
2.1372000000000005e-06,0.0616,77
2.1376000000000005e-06,0.0616,77
2.1379999999999997e-06,0.0616,77
2.1383999999999997e-06,0.0616,77
2.1387999999999997e-06,0.062400000000000004,78
2.1391999999999998e-06,0.0608,76
2.1396e-06,0.0616,77
2.14e-06,0.0616,77
2.1404e-06,0.0616,77
2.1408e-06,0.0616,77
2.1412e-06,0.0616,77
2.1416e-06,0.0616,77
2.142e-06,0.0616,77
2.1424e-06,0.0616,77
2.1428e-06,0.0616,77
2.1432e-06,0.062400000000000004,78
2.1436e-06,0.062400000000000004,78
2.144e-06,0.0616,77
2.1444e-06,0.0616,77
2.1448e-06,0.0616,77
2.1452000000000002e-06,0.0616,77
2.1456000000000003e-06,0.062400000000000004,78
2.1460000000000003e-06,0.0616,77
2.1464000000000003e-06,0.0616,77
2.1468000000000004e-06,0.062400000000000004,78
2.1472000000000004e-06,0.0616,77
2.1476000000000004e-06,0.0616,77
2.1480000000000004e-06,0.0616,77
2.1484000000000005e-06,0.0616,77
2.1488000000000005e-06,0.062400000000000004,78
2.1491999999999997e-06,0.062400000000000004,78
2.1495999999999997e-06,0.0616,77
2.1499999999999997e-06,0.0616,77
